{"__type__":"dragonBones.DragonBonesAtlasAsset","_name":"1001_tex","_atlasJson":"{\"width\":1024,\"imagePath\":\"1001_tex.png\",\"height\":1024,\"name\":\"1001\",\"SubTexture\":[{\"width\":213,\"y\":199,\"height\":190,\"name\":\"peishi_3\",\"x\":379},{\"width\":191,\"y\":391,\"height\":62,\"name\":\"peishi_4\",\"x\":315},{\"width\":62,\"y\":391,\"height\":170,\"name\":\"peishi_2\",\"x\":508},{\"width\":194,\"y\":315,\"height\":86,\"name\":\"peishi_1\",\"x\":1},{\"width\":62,\"y\":556,\"height\":170,\"name\":\"shanzi\",\"x\":1},{\"width\":38,\"y\":607,\"height\":35,\"name\":\"shou_1\",\"x\":288},{\"width\":38,\"y\":461,\"height\":74,\"name\":\"gebo_1\",\"x\":258},{\"width\":66,\"y\":461,\"height\":86,\"name\":\"gebo_2\",\"x\":190},{\"width\":110,\"y\":403,\"height\":151,\"name\":\"xiong\",\"x\":1},{\"width\":84,\"y\":455,\"height\":84,\"name\":\"gebo_3\",\"x\":388},{\"width\":49,\"y\":239,\"height\":42,\"name\":\"jiuhu_1\",\"x\":594},{\"frameWidth\":16,\"y\":594,\"frameHeight\":11,\"frameY\":0,\"width\":15,\"frameX\":0,\"height\":11,\"name\":\"shou_5\",\"x\":362},{\"frameWidth\":28,\"y\":163,\"frameHeight\":20,\"frameY\":-1,\"width\":26,\"frameX\":-1,\"height\":19,\"name\":\"shou_6\",\"x\":901},{\"width\":35,\"y\":541,\"height\":45,\"name\":\"bozi\",\"x\":465},{\"width\":274,\"y\":1,\"height\":196,\"name\":\"houbai\",\"x\":379},{\"width\":96,\"y\":549,\"height\":59,\"name\":\"kucha\",\"x\":190},{\"width\":84,\"y\":163,\"height\":120,\"name\":\"jiao_2\",\"x\":937},{\"width\":96,\"y\":334,\"height\":153,\"name\":\"tui_2\",\"x\":594},{\"width\":71,\"y\":455,\"height\":107,\"name\":\"jiao_1\",\"x\":315},{\"width\":75,\"y\":403,\"height\":160,\"name\":\"tui_1\",\"x\":113},{\"width\":57,\"y\":285,\"height\":142,\"name\":\"qianbai_2\",\"x\":937},{\"width\":244,\"y\":1,\"height\":183,\"name\":\"qianbai_1\",\"x\":655},{\"width\":116,\"y\":315,\"height\":144,\"name\":\"yupei\",\"x\":197},{\"width\":99,\"y\":565,\"height\":42,\"name\":\"yaodai\",\"x\":65},{\"width\":376,\"y\":1,\"height\":312,\"name\":\"piaodai_2\",\"x\":1},{\"width\":280,\"y\":186,\"height\":146,\"name\":\"piaodai_1\",\"x\":655},{\"width\":15,\"y\":564,\"height\":28,\"name\":\"liuhai_2\",\"x\":362},{\"width\":114,\"y\":1,\"height\":160,\"name\":\"lian\",\"x\":901},{\"width\":72,\"y\":564,\"height\":41,\"name\":\"meimao\",\"x\":288},{\"width\":37,\"y\":607,\"height\":23,\"name\":\"xys_zui\",\"x\":328},{\"width\":56,\"y\":199,\"height\":38,\"name\":\"liuhai_1\",\"x\":594},{\"width\":56,\"y\":283,\"height\":28,\"name\":\"toushi\",\"x\":594},{\"width\":75,\"y\":541,\"height\":92,\"name\":\"jiuhu_3\",\"x\":388},{\"width\":26,\"y\":493,\"height\":27,\"name\":\"shou_4\",\"x\":474},{\"width\":24,\"y\":455,\"height\":36,\"name\":\"shou_3\",\"x\":474},{\"width\":15,\"y\":461,\"height\":27,\"name\":\"shou_2\",\"x\":298},{\"width\":48,\"y\":315,\"height\":60,\"name\":\"jiuhu_2\",\"x\":315}]}","_texture":{"__uuid__":"76D1LD4VVASIsAiVmikAML"},"texture":{"__uuid__":"76D1LD4VVASIsAiVmikAML"}}