[{"__type__":"cc.SpriteFrame","content":{"name":"stand_3_sh_ride_shape_3005_sh_stand_3_6","texture":"35iWHoNvND2qNobarbIFrm","rect":[158,164,158,158],"offset":[19,-77],"originalSize":[500,500],"capInsets":[0,0,0,0]}},{"__type__":"cc.SpriteFrame","content":{"name":"stand_3_sh_ride_shape_3005_sh_stand_3_4","texture":"35iWHoNvND2qNobarbIFrm","rect":[316,324,156,158],"offset":[18,-77],"originalSize":[500,500],"capInsets":[0,0,0,0]}},{"__type__":"cc.SpriteFrame","content":{"name":"stand_3_sh_ride_shape_3005_sh_stand_3_7","texture":"35iWHoNvND2qNobarbIFrm","rect":[160,2,158,158],"offset":[19,-77],"originalSize":[500,500],"capInsets":[0,0,0,0]}},{"__type__":"cc.SpriteFrame","content":{"name":"stand_3_sh_ride_shape_3005_sh_stand_3_2","texture":"35iWHoNvND2qNobarbIFrm","rect":[2,326,152,160],"offset":[18,-78],"originalSize":[500,500],"capInsets":[0,0,0,0]}},{"__type__":"cc.SpriteFrame","content":{"name":"stand_3_sh_ride_shape_3005_sh_stand_3_1","texture":"35iWHoNvND2qNobarbIFrm","rect":[2,164,154,160],"offset":[19,-78],"originalSize":[500,500],"capInsets":[0,0,0,0]}},{"__type__":"cc.SpriteFrame","content":{"name":"stand_3_sh_ride_shape_3005_sh_stand_3_3","texture":"35iWHoNvND2qNobarbIFrm","rect":[318,162,152,158],"offset":[18,-78],"originalSize":[500,500],"capInsets":[0,0,0,0]}},{"__type__":"cc.SpriteFrame","content":{"name":"stand_3_sh_ride_shape_3005_sh_stand_3_5","texture":"35iWHoNvND2qNobarbIFrm","rect":[156,326,158,158],"offset":[18,-77],"originalSize":[500,500],"capInsets":[0,0,0,0]}},{"__type__":"cc.SpriteFrame","content":{"name":"stand_3_sh_ride_shape_3005_sh_stand_3_8","texture":"35iWHoNvND2qNobarbIFrm","rect":[2,2,156,160],"offset":[20,-77],"originalSize":[500,500],"capInsets":[0,0,0,0]}},{"__type__":"cc.SpriteAtlas","_name":"stand_3.plist","_spriteFrames":{"stand_3_sh_ride_shape_3005_sh_stand_3_1":{"__uuid__":"89J9kD5NFMGZrJ+HeUkI1i"},"stand_3_sh_ride_shape_3005_sh_stand_3_2":{"__uuid__":"5dCgxoK89DqZTrRtNl0kUD"},"stand_3_sh_ride_shape_3005_sh_stand_3_3":{"__uuid__":"a8KKsAj/dJ1qJdhs2Yzs/9"},"stand_3_sh_ride_shape_3005_sh_stand_3_4":{"__uuid__":"1cgmEE/SBKbYowl2gG3YgH"},"stand_3_sh_ride_shape_3005_sh_stand_3_5":{"__uuid__":"c2YLsFy3JMSIXTw4o5FfrZ"},"stand_3_sh_ride_shape_3005_sh_stand_3_6":{"__uuid__":"14OIQDB0JE27rpi56V/aRI"},"stand_3_sh_ride_shape_3005_sh_stand_3_7":{"__uuid__":"262wDF0OJDspwQiweVkk4L"},"stand_3_sh_ride_shape_3005_sh_stand_3_8":{"__uuid__":"f6LNH3wFpBQoNofZmGVVXE"}}}]