[{"__type__":"cc.SpriteFrame","content":{"name":"ride_ride_9131_rd1_run_3_1","texture":"3cSbCnMalHjYndrs/OjIjl","rect":[169,1,160,166],"offset":[30,-2],"originalSize":[500,500],"capInsets":[0,0,0,0]}},{"__type__":"cc.SpriteFrame","content":{"name":"ride_ride_9131_rd1_run_3_5","texture":"3cSbCnMalHjYndrs/OjIjl","rect":[169,169,166,150],"offset":[30,3],"originalSize":[500,500],"capInsets":[0,0,0,0]}},{"__type__":"cc.SpriteAtlas","_name":"run_3_f.plist","_spriteFrames":{"ride_ride_9131_rd1_run_3_1":{"__uuid__":"06EYVpWfBIBr0J+d3YwUCA"},"ride_ride_9131_rd1_run_3_2":{"__uuid__":"5drOlg+PxDM5CRB9wBwnKj"},"ride_ride_9131_rd1_run_3_3":{"__uuid__":"76cu4N5/dI9qltWKPDg132"},"ride_ride_9131_rd1_run_3_4":{"__uuid__":"ecMBs2QShAVrZELg5tWPr1"},"ride_ride_9131_rd1_run_3_5":{"__uuid__":"07qpyst95ItK+3JsJtTJkS"},"ride_ride_9131_rd1_run_3_6":{"__uuid__":"d8zBSfoYFGYKugaNwdK8aX"},"ride_ride_9131_rd1_run_3_7":{"__uuid__":"4fVIsF/kBKhbYmduInKZIK"},"ride_ride_9131_rd1_run_3_8":{"__uuid__":"40Ln66/zRKUrezKoMS1dvk"}}},{"__type__":"cc.SpriteFrame","content":{"name":"ride_ride_9131_rd1_run_3_8","texture":"3cSbCnMalHjYndrs/OjIjl","rect":[331,1,162,160],"offset":[30,5],"originalSize":[500,500],"capInsets":[0,0,0,0]}},{"__type__":"cc.SpriteFrame","content":{"name":"ride_ride_9131_rd1_run_3_7","texture":"3cSbCnMalHjYndrs/OjIjl","rect":[323,325,164,160],"offset":[29,4],"originalSize":[500,500],"capInsets":[0,0,0,0]}},{"__type__":"cc.SpriteFrame","content":{"name":"ride_ride_9131_rd1_run_3_2","texture":"3cSbCnMalHjYndrs/OjIjl","rect":[1,1,166,180],"offset":[30,-4],"originalSize":[500,500],"capInsets":[0,0,0,0]}},{"__type__":"cc.SpriteFrame","content":{"name":"ride_ride_9131_rd1_run_3_3","texture":"3cSbCnMalHjYndrs/OjIjl","rect":[1,183,154,180],"offset":[24,-6],"originalSize":[500,500],"capInsets":[0,0,0,0]}},{"__type__":"cc.SpriteFrame","content":{"name":"ride_ride_9131_rd1_run_3_6","texture":"3cSbCnMalHjYndrs/OjIjl","rect":[157,321,164,158],"offset":[30,3],"originalSize":[500,500],"capInsets":[0,0,0,0]}},{"__type__":"cc.SpriteFrame","content":{"name":"ride_ride_9131_rd1_run_3_4","texture":"3cSbCnMalHjYndrs/OjIjl","rect":[337,163,154,160],"offset":[26,1],"originalSize":[500,500],"capInsets":[0,0,0,0]}}]