[{"__type__":"cc.SpriteFrame","content":{"name":"stand_5_part2_wing_5016_stand_5_part2_0006","texture":"8bmaN3ZgZKqLEH+yYUl1VV","rect":[228,180,98,86],"offset":[45,77],"originalSize":[500,500],"capInsets":[0,0,0,0]}},{"__type__":"cc.SpriteAtlas","_name":"stand_5_part2.plist","_spriteFrames":{"stand_5_part2_wing_5016_stand_5_part2_0000":{"__uuid__":"92aNLTpEdKFZZdTsd8iILM"},"stand_5_part2_wing_5016_stand_5_part2_0001":{"__uuid__":"1bF3eH5FtFTISPsjuNxNU5"},"stand_5_part2_wing_5016_stand_5_part2_0002":{"__uuid__":"e0aK3sQkhMLq0Mhb5WyioZ"},"stand_5_part2_wing_5016_stand_5_part2_0003":{"__uuid__":"e5tdqiiwNGwqn/pHCE4B8U"},"stand_5_part2_wing_5016_stand_5_part2_0004":{"__uuid__":"9aNODpSAVPKbB4FEG9N6Fj"},"stand_5_part2_wing_5016_stand_5_part2_0005":{"__uuid__":"41CZfbevNBq6pTXhzV6Vzl"},"stand_5_part2_wing_5016_stand_5_part2_0006":{"__uuid__":"08DGbmeQBEYLo049xuw8Yt"},"stand_5_part2_wing_5016_stand_5_part2_0007":{"__uuid__":"7cIfjzxvZOhb/xdM/k3vU5"},"stand_5_part2_wing_5016_stand_5_part2_0008":{"__uuid__":"b3pir+TjlJ4Yb86PDY5ah0"},"stand_5_part2_wing_5016_stand_5_part2_0009":{"__uuid__":"82HLtKuHtFRo7q/Gh/LVtE"},"stand_5_part2_wing_5016_stand_5_part2_0010":{"__uuid__":"42zGPfcmxFGKJTpbO8InUi"},"stand_5_part2_wing_5016_stand_5_part2_0011":{"__uuid__":"fbUTywCrdDHLAqv//oolTC"}}},{"__type__":"cc.SpriteFrame","content":{"name":"stand_5_part2_wing_5016_stand_5_part2_0001","texture":"8bmaN3ZgZKqLEH+yYUl1VV","rect":[122,2,116,88],"offset":[54,77],"originalSize":[500,500],"capInsets":[0,0,0,0]}},{"__type__":"cc.SpriteFrame","content":{"name":"stand_5_part2_wing_5016_stand_5_part2_0005","texture":"8bmaN3ZgZKqLEH+yYUl1VV","rect":[2,186,94,90],"offset":[44,80],"originalSize":[500,500],"capInsets":[0,0,0,0]}},{"__type__":"cc.SpriteFrame","content":{"name":"stand_5_part2_wing_5016_stand_5_part2_0010","texture":"8bmaN3ZgZKqLEH+yYUl1VV","rect":[122,92,104,92],"offset":[48,74],"originalSize":[500,500],"capInsets":[0,0,0,0]}},{"__type__":"cc.SpriteFrame","content":{"name":"stand_5_part2_wing_5016_stand_5_part2_0007","texture":"8bmaN3ZgZKqLEH+yYUl1VV","rect":[348,94,100,86],"offset":[47,75],"originalSize":[500,500],"capInsets":[0,0,0,0]}},{"__type__":"cc.SpriteFrame","content":{"name":"stand_5_part2_wing_5016_stand_5_part2_0009","texture":"8bmaN3ZgZKqLEH+yYUl1VV","rect":[352,2,106,90],"offset":[50,74],"originalSize":[500,500],"capInsets":[0,0,0,0]}},{"__type__":"cc.SpriteFrame","content":{"name":"stand_5_part2_wing_5016_stand_5_part2_0000","texture":"8bmaN3ZgZKqLEH+yYUl1VV","rect":[240,2,110,86],"offset":[52,77],"originalSize":[500,500],"capInsets":[0,0,0,0]}},{"__type__":"cc.SpriteFrame","content":{"name":"stand_5_part2_wing_5016_stand_5_part2_0004","texture":"8bmaN3ZgZKqLEH+yYUl1VV","rect":[328,182,94,90],"offset":[43,80],"originalSize":[500,500],"capInsets":[0,0,0,0]}},{"__type__":"cc.SpriteFrame","content":{"name":"stand_5_part2_wing_5016_stand_5_part2_0008","texture":"8bmaN3ZgZKqLEH+yYUl1VV","rect":[2,96,104,88],"offset":[49,76],"originalSize":[500,500],"capInsets":[0,0,0,0]}},{"__type__":"cc.SpriteFrame","content":{"name":"stand_5_part2_wing_5016_stand_5_part2_0002","texture":"8bmaN3ZgZKqLEH+yYUl1VV","rect":[2,2,118,92],"offset":[55,80],"originalSize":[500,500],"capInsets":[0,0,0,0]}},{"__type__":"cc.SpriteFrame","content":{"name":"stand_5_part2_wing_5016_stand_5_part2_0003","texture":"8bmaN3ZgZKqLEH+yYUl1VV","rect":[424,182,92,86],"offset":[42,78],"originalSize":[500,500],"rotated":1,"capInsets":[0,0,0,0]}},{"__type__":"cc.SpriteFrame","content":{"name":"stand_5_part2_wing_5016_stand_5_part2_0011","texture":"8bmaN3ZgZKqLEH+yYUl1VV","rect":[240,90,106,88],"offset":[50,76],"originalSize":[500,500],"capInsets":[0,0,0,0]}}]