[{"__type__":"cc.SpriteFrame","content":{"name":"ride_ride_9131_rd1_run_1_6","texture":"9ez285545FAJaTBPA2tE5A","rect":[153,125,172,128],"offset":[0,-3],"originalSize":[500,500],"capInsets":[0,0,0,0]}},{"__type__":"cc.SpriteFrame","content":{"name":"ride_ride_9131_rd1_run_1_8","texture":"9ez285545FAJaTBPA2tE5A","rect":[179,271,178,144],"offset":[-3,-14],"originalSize":[500,500],"capInsets":[0,0,0,0]}},{"__type__":"cc.SpriteFrame","content":{"name":"ride_ride_9131_rd1_run_1_5","texture":"9ez285545FAJaTBPA2tE5A","rect":[315,1,154,122],"offset":[6,-4],"originalSize":[500,500],"capInsets":[0,0,0,0]}},{"__type__":"cc.SpriteFrame","content":{"name":"ride_ride_9131_rd1_run_1_3","texture":"9ez285545FAJaTBPA2tE5A","rect":[163,1,150,122],"offset":[10,0],"originalSize":[500,500],"capInsets":[0,0,0,0]}},{"__type__":"cc.SpriteAtlas","_name":"run_1_f.plist","_spriteFrames":{"ride_ride_9131_rd1_run_1_1":{"__uuid__":"abHLVMLf1JI7gh6NpMFqq0"},"ride_ride_9131_rd1_run_1_2":{"__uuid__":"d8xGRhJ2ZFXp1IYnqAPqdT"},"ride_ride_9131_rd1_run_1_3":{"__uuid__":"5cJEHwY6NBHKljbWsTM/68"},"ride_ride_9131_rd1_run_1_4":{"__uuid__":"d66B5+S7ZFoJ5lcv2UHS8I"},"ride_ride_9131_rd1_run_1_5":{"__uuid__":"31/8xwYklBeKvC/gwTZXOy"},"ride_ride_9131_rd1_run_1_6":{"__uuid__":"2bUXU1cAJCkann+TLiEZ6g"},"ride_ride_9131_rd1_run_1_7":{"__uuid__":"c7ZWnFGn5Jubdmnb/aY62u"},"ride_ride_9131_rd1_run_1_8":{"__uuid__":"2e2GnJZsxE3LNx8CHKP3/O"}}},{"__type__":"cc.SpriteFrame","content":{"name":"ride_ride_9131_rd1_run_1_1","texture":"9ez285545FAJaTBPA2tE5A","rect":[327,125,164,144],"offset":[3,-16],"originalSize":[500,500],"capInsets":[0,0,0,0]}},{"__type__":"cc.SpriteFrame","content":{"name":"ride_ride_9131_rd1_run_1_7","texture":"9ez285545FAJaTBPA2tE5A","rect":[1,255,176,136],"offset":[-3,-5],"originalSize":[500,500],"capInsets":[0,0,0,0]}},{"__type__":"cc.SpriteFrame","content":{"name":"ride_ride_9131_rd1_run_1_4","texture":"9ez285545FAJaTBPA2tE5A","rect":[1,1,160,120],"offset":[14,-3],"originalSize":[500,500],"capInsets":[0,0,0,0]}},{"__type__":"cc.SpriteFrame","content":{"name":"ride_ride_9131_rd1_run_1_2","texture":"9ez285545FAJaTBPA2tE5A","rect":[1,123,150,130],"offset":[6,-5],"originalSize":[500,500],"capInsets":[0,0,0,0]}}]