[{"__type__":"cc.SpriteFrame","content":{"name":"stand_5_part1_wing_5003_stand_5_part1_0008","texture":"0feZ8AUTVExJtliGE7ArHh","rect":[170,66,76,60],"offset":[-53,73],"originalSize":[480,480],"capInsets":[0,0,0,0]}},{"__type__":"cc.SpriteFrame","content":{"name":"stand_5_part1_wing_5003_stand_5_part1_0003","texture":"0feZ8AUTVExJtliGE7ArHh","rect":[2,182,72,50],"offset":[-48,67],"originalSize":[480,480],"rotated":1,"capInsets":[0,0,0,0]}},{"__type__":"cc.SpriteFrame","content":{"name":"stand_5_part1_wing_5003_stand_5_part1_0002","texture":"0feZ8AUTVExJtliGE7ArHh","rect":[2,130,74,50],"offset":[-48,69],"originalSize":[480,480],"capInsets":[0,0,0,0]}},{"__type__":"cc.SpriteFrame","content":{"name":"stand_5_part1_wing_5003_stand_5_part1_0004","texture":"0feZ8AUTVExJtliGE7ArHh","rect":[184,128,74,54],"offset":[-49,67],"originalSize":[480,480],"rotated":1,"capInsets":[0,0,0,0]}},{"__type__":"cc.SpriteFrame","content":{"name":"stand_5_part1_wing_5003_stand_5_part1_0011","texture":"0feZ8AUTVExJtliGE7ArHh","rect":[80,122,76,58],"offset":[-53,71],"originalSize":[480,480],"capInsets":[0,0,0,0]}},{"__type__":"cc.SpriteFrame","content":{"name":"stand_5_part1_wing_5003_stand_5_part1_0009","texture":"0feZ8AUTVExJtliGE7ArHh","rect":[174,2,78,62],"offset":[-54,74],"originalSize":[480,480],"capInsets":[0,0,0,0]}},{"__type__":"cc.SpriteFrame","content":{"name":"stand_5_part1_wing_5003_stand_5_part1_0010","texture":"0feZ8AUTVExJtliGE7ArHh","rect":[2,68,76,60],"offset":[-53,72],"originalSize":[480,480],"capInsets":[0,0,0,0]}},{"__type__":"cc.SpriteFrame","content":{"name":"stand_5_part1_wing_5003_stand_5_part1_0012","texture":"0feZ8AUTVExJtliGE7ArHh","rect":[108,182,74,56],"offset":[-51,69],"originalSize":[480,480],"capInsets":[0,0,0,0]}},{"__type__":"cc.SpriteFrame","content":{"name":"stand_5_part1_wing_5003_stand_5_part1_0006","texture":"0feZ8AUTVExJtliGE7ArHh","rect":[90,2,82,60],"offset":[-55,67],"originalSize":[480,480],"capInsets":[0,0,0,0]}},{"__type__":"cc.SpriteFrame","content":{"name":"stand_5_part1_wing_5003_stand_5_part1_0007","texture":"0feZ8AUTVExJtliGE7ArHh","rect":[2,2,86,64],"offset":[-58,68],"originalSize":[480,480],"capInsets":[0,0,0,0]}},{"__type__":"cc.SpriteAtlas","_name":"stand_5_part1.plist","_spriteFrames":{"stand_5_part1_wing_5003_stand_5_part1_0001":{"__uuid__":"f5L4JkMK1J4bYMB+SL9m/o"},"stand_5_part1_wing_5003_stand_5_part1_0002":{"__uuid__":"4aYaSB05pB5rk5ypwFFxKy"},"stand_5_part1_wing_5003_stand_5_part1_0003":{"__uuid__":"32SlwhVTlJaLAvLjjHQGS4"},"stand_5_part1_wing_5003_stand_5_part1_0004":{"__uuid__":"5cnjhKW9lLE5CZ39jcw263"},"stand_5_part1_wing_5003_stand_5_part1_0005":{"__uuid__":"eemkjVSE1BaILJ3E2cP3TE"},"stand_5_part1_wing_5003_stand_5_part1_0006":{"__uuid__":"b4j8vMurJKt7j22ZlfujqA"},"stand_5_part1_wing_5003_stand_5_part1_0007":{"__uuid__":"c4BLNn1sFJpJJ9Kzbkl68F"},"stand_5_part1_wing_5003_stand_5_part1_0008":{"__uuid__":"02mFGCGt9H+J99j5F/HTqa"},"stand_5_part1_wing_5003_stand_5_part1_0009":{"__uuid__":"6eBzQOLuxL+JW+ibEXc3cq"},"stand_5_part1_wing_5003_stand_5_part1_0010":{"__uuid__":"7fWN6Qx9JPZbM/mwmd5Xt3"},"stand_5_part1_wing_5003_stand_5_part1_0011":{"__uuid__":"69CYEAyzBAlI9FiBbIQBW2"},"stand_5_part1_wing_5003_stand_5_part1_0012":{"__uuid__":"95CE4VncRPe5infAKdt2v6"}}},{"__type__":"cc.SpriteFrame","content":{"name":"stand_5_part1_wing_5003_stand_5_part1_0005","texture":"0feZ8AUTVExJtliGE7ArHh","rect":[90,64,78,56],"offset":[-52,67],"originalSize":[480,480],"capInsets":[0,0,0,0]}},{"__type__":"cc.SpriteFrame","content":{"name":"stand_5_part1_wing_5003_stand_5_part1_0001","texture":"0feZ8AUTVExJtliGE7ArHh","rect":[54,182,70,52],"offset":[-51,70],"originalSize":[480,480],"rotated":1,"capInsets":[0,0,0,0]}}]