[{"__type__":"cc.SpriteFrame","content":{"name":"stand_1_part1_wing_5014_stand_1_part1_0002","texture":"8fNP4lz19LnKwsovZLrM9s","rect":[2,126,86,122],"offset":[-63,65],"originalSize":[500,500],"capInsets":[0,0,0,0]}},{"__type__":"cc.SpriteFrame","content":{"name":"stand_1_part1_wing_5014_stand_1_part1_0001","texture":"8fNP4lz19LnKwsovZLrM9s","rect":[2,2,92,122],"offset":[-66,66],"originalSize":[500,500],"capInsets":[0,0,0,0]}},{"__type__":"cc.SpriteFrame","content":{"name":"stand_1_part1_wing_5014_stand_1_part1_0006","texture":"8fNP4lz19LnKwsovZLrM9s","rect":[196,2,92,104],"offset":[-66,59],"originalSize":[500,500],"capInsets":[0,0,0,0]}},{"__type__":"cc.SpriteFrame","content":{"name":"stand_1_part1_wing_5014_stand_1_part1_0008","texture":"8fNP4lz19LnKwsovZLrM9s","rect":[100,356,96,110],"offset":[-68,64],"originalSize":[500,500],"capInsets":[0,0,0,0]}},{"__type__":"cc.SpriteFrame","content":{"name":"stand_1_part1_wing_5014_stand_1_part1_0003","texture":"8fNP4lz19LnKwsovZLrM9s","rect":[100,242,86,112],"offset":[-63,60],"originalSize":[500,500],"capInsets":[0,0,0,0]}},{"__type__":"cc.SpriteAtlas","_name":"stand_1_part1.plist","_spriteFrames":{"stand_1_part1_wing_5014_stand_1_part1_0001":{"__uuid__":"06XoU8m2FL37Y/GkibZALz"},"stand_1_part1_wing_5014_stand_1_part1_0002":{"__uuid__":"051b8slutAEJFWRhRjv4t5"},"stand_1_part1_wing_5014_stand_1_part1_0003":{"__uuid__":"48VVk/DohHrJbE0TLTzr0S"},"stand_1_part1_wing_5014_stand_1_part1_0004":{"__uuid__":"6eFkw0lIZKPYFfP2+x78Xj"},"stand_1_part1_wing_5014_stand_1_part1_0005":{"__uuid__":"996DPFAChL5aTxTDTq2bEC"},"stand_1_part1_wing_5014_stand_1_part1_0006":{"__uuid__":"0agXMS1CRH4aOYvwNFw06j"},"stand_1_part1_wing_5014_stand_1_part1_0007":{"__uuid__":"a7C1wNyp9AY7MFkvyjC8Qz"},"stand_1_part1_wing_5014_stand_1_part1_0008":{"__uuid__":"3cFbQaBfZJeajRb5f22LW8"},"stand_1_part1_wing_5014_stand_1_part1_0009":{"__uuid__":"866BeDioNGdZQQZowrkne3"},"stand_1_part1_wing_5014_stand_1_part1_0010":{"__uuid__":"a4A7e8SS1IIZBATTJaNFHL"},"stand_1_part1_wing_5014_stand_1_part1_0011":{"__uuid__":"f6DtkFOe5KBLkP0JTi/YTY"},"stand_1_part1_wing_5014_stand_1_part1_0012":{"__uuid__":"6484vej3pDpaUzWYq325Jb"}}},{"__type__":"cc.SpriteFrame","content":{"name":"stand_1_part1_wing_5014_stand_1_part1_0012","texture":"8fNP4lz19LnKwsovZLrM9s","rect":[2,250,96,118],"offset":[-68,65],"originalSize":[500,500],"capInsets":[0,0,0,0]}},{"__type__":"cc.SpriteFrame","content":{"name":"stand_1_part1_wing_5014_stand_1_part1_0004","texture":"8fNP4lz19LnKwsovZLrM9s","rect":[190,116,88,108],"offset":[-64,60],"originalSize":[500,500],"capInsets":[0,0,0,0]}},{"__type__":"cc.SpriteFrame","content":{"name":"stand_1_part1_wing_5014_stand_1_part1_0009","texture":"8fNP4lz19LnKwsovZLrM9s","rect":[2,370,96,112],"offset":[-68,65],"originalSize":[500,500],"capInsets":[0,0,0,0]}},{"__type__":"cc.SpriteFrame","content":{"name":"stand_1_part1_wing_5014_stand_1_part1_0005","texture":"8fNP4lz19LnKwsovZLrM9s","rect":[280,108,90,104],"offset":[-65,59],"originalSize":[500,500],"capInsets":[0,0,0,0]}},{"__type__":"cc.SpriteFrame","content":{"name":"stand_1_part1_wing_5014_stand_1_part1_0010","texture":"8fNP4lz19LnKwsovZLrM9s","rect":[96,2,98,112],"offset":[-69,67],"originalSize":[500,500],"capInsets":[0,0,0,0]}},{"__type__":"cc.SpriteFrame","content":{"name":"stand_1_part1_wing_5014_stand_1_part1_0007","texture":"8fNP4lz19LnKwsovZLrM9s","rect":[188,242,94,108],"offset":[-67,62],"originalSize":[500,500],"capInsets":[0,0,0,0]}},{"__type__":"cc.SpriteFrame","content":{"name":"stand_1_part1_wing_5014_stand_1_part1_0011","texture":"8fNP4lz19LnKwsovZLrM9s","rect":[90,126,98,114],"offset":[-69,66],"originalSize":[500,500],"capInsets":[0,0,0,0]}}]