[{"__type__":"cc.SpriteAtlas","_name":"stand_3_part1.plist","_spriteFrames":{"stand_3_part1_wing_5016_stand_3_part1_0000":{"__uuid__":"43KjTefotJ5Jix92bDGQfU"},"stand_3_part1_wing_5016_stand_3_part1_0001":{"__uuid__":"65DmKoK5dPz5HpBZKF/HFJ"},"stand_3_part1_wing_5016_stand_3_part1_0002":{"__uuid__":"a8+rTuqPJMxL2JQlH+9lzr"},"stand_3_part1_wing_5016_stand_3_part1_0003":{"__uuid__":"ddEI4lurlI/ov1ltxX71GL"},"stand_3_part1_wing_5016_stand_3_part1_0004":{"__uuid__":"7aifaqE0tNrrJ7jHyZs2zP"},"stand_3_part1_wing_5016_stand_3_part1_0005":{"__uuid__":"23PCgkhzpN3ZTyJcdncPaO"},"stand_3_part1_wing_5016_stand_3_part1_0006":{"__uuid__":"27Tay9F8BMKqH8kifCpN4z"},"stand_3_part1_wing_5016_stand_3_part1_0007":{"__uuid__":"2edBu8bHBL/pfSs0axoGwG"},"stand_3_part1_wing_5016_stand_3_part1_0008":{"__uuid__":"2eTOrvlOFBKaSCZc2uDj6a"},"stand_3_part1_wing_5016_stand_3_part1_0009":{"__uuid__":"eek0BTby1A4aEJOMC1yguL"},"stand_3_part1_wing_5016_stand_3_part1_0010":{"__uuid__":"cc95bpgf5Cu45D3FmmkZLK"},"stand_3_part1_wing_5016_stand_3_part1_0011":{"__uuid__":"d0xNLCAHRGSJVuWDYG3Toz"}}},{"__type__":"cc.SpriteFrame","content":{"name":"stand_3_part1_wing_5016_stand_3_part1_0005","texture":"ccoDioaUFKB5dDdas/7OYo","rect":[184,78,78,70],"offset":[-22,23],"originalSize":[500,500],"rotated":1,"capInsets":[0,0,0,0]}},{"__type__":"cc.SpriteFrame","content":{"name":"stand_3_part1_wing_5016_stand_3_part1_0006","texture":"ccoDioaUFKB5dDdas/7OYo","rect":[2,300,82,72],"offset":[-23,24],"originalSize":[500,500],"capInsets":[0,0,0,0]}},{"__type__":"cc.SpriteFrame","content":{"name":"stand_3_part1_wing_5016_stand_3_part1_0008","texture":"ccoDioaUFKB5dDdas/7OYo","rect":[178,230,86,72],"offset":[-26,24],"originalSize":[500,500],"rotated":1,"capInsets":[0,0,0,0]}},{"__type__":"cc.SpriteFrame","content":{"name":"stand_3_part1_wing_5016_stand_3_part1_0007","texture":"ccoDioaUFKB5dDdas/7OYo","rect":[90,226,86,72],"offset":[-24,24],"originalSize":[500,500],"capInsets":[0,0,0,0]}},{"__type__":"cc.SpriteFrame","content":{"name":"stand_3_part1_wing_5016_stand_3_part1_0000","texture":"ccoDioaUFKB5dDdas/7OYo","rect":[2,2,94,72],"offset":[-30,24],"originalSize":[500,500],"capInsets":[0,0,0,0]}},{"__type__":"cc.SpriteFrame","content":{"name":"stand_3_part1_wing_5016_stand_3_part1_0001","texture":"ccoDioaUFKB5dDdas/7OYo","rect":[2,152,86,72],"offset":[-23,24],"originalSize":[500,500],"capInsets":[0,0,0,0]}},{"__type__":"cc.SpriteFrame","content":{"name":"stand_3_part1_wing_5016_stand_3_part1_0004","texture":"ccoDioaUFKB5dDdas/7OYo","rect":[178,158,74,70],"offset":[-20,23],"originalSize":[500,500],"capInsets":[0,0,0,0]}},{"__type__":"cc.SpriteFrame","content":{"name":"stand_3_part1_wing_5016_stand_3_part1_0002","texture":"ccoDioaUFKB5dDdas/7OYo","rect":[90,152,86,72],"offset":[-25,24],"originalSize":[500,500],"capInsets":[0,0,0,0]}},{"__type__":"cc.SpriteFrame","content":{"name":"stand_3_part1_wing_5016_stand_3_part1_0010","texture":"ccoDioaUFKB5dDdas/7OYo","rect":[2,76,90,74],"offset":[-29,24],"originalSize":[500,500],"capInsets":[0,0,0,0]}},{"__type__":"cc.SpriteFrame","content":{"name":"stand_3_part1_wing_5016_stand_3_part1_0011","texture":"ccoDioaUFKB5dDdas/7OYo","rect":[98,2,92,74],"offset":[-30,23],"originalSize":[500,500],"capInsets":[0,0,0,0]}},{"__type__":"cc.SpriteFrame","content":{"name":"stand_3_part1_wing_5016_stand_3_part1_0003","texture":"ccoDioaUFKB5dDdas/7OYo","rect":[2,226,86,72],"offset":[-26,23],"originalSize":[500,500],"capInsets":[0,0,0,0]}},{"__type__":"cc.SpriteFrame","content":{"name":"stand_3_part1_wing_5016_stand_3_part1_0009","texture":"ccoDioaUFKB5dDdas/7OYo","rect":[94,78,88,72],"offset":[-27,24],"originalSize":[500,500],"capInsets":[0,0,0,0]}}]