[{"__type__":"cc.SpriteFrame","content":{"name":"run_13_sh_ride_shape_3016_sh_run_3_1","texture":"7dHY9IPIBErZsRLf6C5h9/","rect":[1,183,80,166],"offset":[-4,-48],"originalSize":[490,490],"capInsets":[0,0,0,0]}},{"__type__":"cc.SpriteFrame","content":{"name":"run_13_sh_ride_shape_3016_sh_run_3_6","texture":"7dHY9IPIBErZsRLf6C5h9/","rect":[87,1,82,180],"offset":[-3,-56],"originalSize":[490,490],"capInsets":[0,0,0,0]}},{"__type__":"cc.SpriteFrame","content":{"name":"run_13_sh_ride_shape_3016_sh_run_3_5","texture":"7dHY9IPIBErZsRLf6C5h9/","rect":[1,1,84,180],"offset":[-3,-55],"originalSize":[490,490],"capInsets":[0,0,0,0]}},{"__type__":"cc.SpriteAtlas","_name":"run_3.plist","_spriteFrames":{"run_13_sh_ride_shape_3016_sh_run_3_1":{"__uuid__":"140UyQaXJHZK0xEN45/SFR"},"run_13_sh_ride_shape_3016_sh_run_3_2":{"__uuid__":"bf23XLGTNMLKqgS8MfAOgj"},"run_13_sh_ride_shape_3016_sh_run_3_3":{"__uuid__":"bedLEMSXZJx6uT1+NFbp8A"},"run_13_sh_ride_shape_3016_sh_run_3_4":{"__uuid__":"bbErdOvi9JuIeHwRFnZxbD"},"run_13_sh_ride_shape_3016_sh_run_3_5":{"__uuid__":"84eRAj99ZH462PvX9UOHxo"},"run_13_sh_ride_shape_3016_sh_run_3_6":{"__uuid__":"595vlmN+xOgZj5onZEKUqa"},"run_13_sh_ride_shape_3016_sh_run_3_7":{"__uuid__":"a8lQ2cuqxLB7HpG9B0OstN"},"run_13_sh_ride_shape_3016_sh_run_3_8":{"__uuid__":"b7GruVNI1OW7Drre9Aha3N"}}},{"__type__":"cc.SpriteFrame","content":{"name":"run_13_sh_ride_shape_3016_sh_run_3_7","texture":"7dHY9IPIBErZsRLf6C5h9/","rect":[171,1,80,180],"offset":[-5,-56],"originalSize":[490,490],"capInsets":[0,0,0,0]}},{"__type__":"cc.SpriteFrame","content":{"name":"run_13_sh_ride_shape_3016_sh_run_3_8","texture":"7dHY9IPIBErZsRLf6C5h9/","rect":[253,173,78,178],"offset":[-5,-55],"originalSize":[490,490],"capInsets":[0,0,0,0]}},{"__type__":"cc.SpriteFrame","content":{"name":"run_13_sh_ride_shape_3016_sh_run_3_4","texture":"7dHY9IPIBErZsRLf6C5h9/","rect":[253,1,82,170],"offset":[-4,-49],"originalSize":[490,490],"capInsets":[0,0,0,0]}},{"__type__":"cc.SpriteFrame","content":{"name":"run_13_sh_ride_shape_3016_sh_run_3_3","texture":"7dHY9IPIBErZsRLf6C5h9/","rect":[83,183,80,162],"offset":[-5,-45],"originalSize":[490,490],"capInsets":[0,0,0,0]}},{"__type__":"cc.SpriteFrame","content":{"name":"run_13_sh_ride_shape_3016_sh_run_3_2","texture":"7dHY9IPIBErZsRLf6C5h9/","rect":[165,183,80,158],"offset":[-4,-43],"originalSize":[490,490],"capInsets":[0,0,0,0]}}]