[{"__type__":"cc.SpriteFrame","content":{"name":"stand_7_part2_wing_5002_stand_7_part2_0001","texture":"056aXlik9I6L5YqJGZyGnu","rect":[56,170,70,58],"offset":[-48,33],"originalSize":[500,500],"rotated":1,"capInsets":[0,0,0,0]}},{"__type__":"cc.SpriteFrame","content":{"name":"stand_7_part2_wing_5002_stand_7_part2_0002","texture":"056aXlik9I6L5YqJGZyGnu","rect":[78,104,72,54],"offset":[-49,37],"originalSize":[500,500],"capInsets":[0,0,0,0]}},{"__type__":"cc.SpriteFrame","content":{"name":"stand_7_part2_wing_5002_stand_7_part2_0005","texture":"056aXlik9I6L5YqJGZyGnu","rect":[2,2,78,54],"offset":[-53,37],"originalSize":[500,500],"capInsets":[0,0,0,0]}},{"__type__":"cc.SpriteFrame","content":{"name":"stand_7_part2_wing_5002_stand_7_part2_0011","texture":"056aXlik9I6L5YqJGZyGnu","rect":[116,160,70,50],"offset":[-48,37],"originalSize":[500,500],"rotated":1,"capInsets":[0,0,0,0]}},{"__type__":"cc.SpriteFrame","content":{"name":"stand_7_part2_wing_5002_stand_7_part2_0010","texture":"056aXlik9I6L5YqJGZyGnu","rect":[82,54,76,48],"offset":[-51,36],"originalSize":[500,500],"capInsets":[0,0,0,0]}},{"__type__":"cc.SpriteAtlas","_name":"stand_7_part2.plist","_spriteFrames":{"stand_7_part2_wing_5002_stand_7_part2_0001":{"__uuid__":"1eeLclpCVAvJ0Vzq/n21gr"},"stand_7_part2_wing_5002_stand_7_part2_0002":{"__uuid__":"1fsIYSgUpHzqWq93K1UjRi"},"stand_7_part2_wing_5002_stand_7_part2_0003":{"__uuid__":"98aNzNMRtDxagTR//9t0ar"},"stand_7_part2_wing_5002_stand_7_part2_0004":{"__uuid__":"aaN6iwLvZEDKU9TPvOKW1y"},"stand_7_part2_wing_5002_stand_7_part2_0005":{"__uuid__":"2cRdk0A0tGQ718JhIUv4HS"},"stand_7_part2_wing_5002_stand_7_part2_0006":{"__uuid__":"8esWWtkMBPopmC6ux4y8vb"},"stand_7_part2_wing_5002_stand_7_part2_0007":{"__uuid__":"901x42s+5DhJsQoXsmOOCt"},"stand_7_part2_wing_5002_stand_7_part2_0008":{"__uuid__":"e0QqoNLe9HrpDyqmMEpCmO"},"stand_7_part2_wing_5002_stand_7_part2_0009":{"__uuid__":"d4eF/lVD9NbaITkhpnPPWp"},"stand_7_part2_wing_5002_stand_7_part2_0010":{"__uuid__":"8aNqplBTZOKYJunbMilqaU"},"stand_7_part2_wing_5002_stand_7_part2_0011":{"__uuid__":"58Shf7pgZOXL8bquFLLzaW"},"stand_7_part2_wing_5002_stand_7_part2_0012":{"__uuid__":"baNpQ+j45GF4TD1oA1nq51"}}},{"__type__":"cc.SpriteFrame","content":{"name":"stand_7_part2_wing_5002_stand_7_part2_0006","texture":"056aXlik9I6L5YqJGZyGnu","rect":[2,114,72,54],"offset":[-50,37],"originalSize":[500,500],"capInsets":[0,0,0,0]}},{"__type__":"cc.SpriteFrame","content":{"name":"stand_7_part2_wing_5002_stand_7_part2_0007","texture":"056aXlik9I6L5YqJGZyGnu","rect":[2,170,72,52],"offset":[-50,36],"originalSize":[500,500],"rotated":1,"capInsets":[0,0,0,0]}},{"__type__":"cc.SpriteFrame","content":{"name":"stand_7_part2_wing_5002_stand_7_part2_0003","texture":"056aXlik9I6L5YqJGZyGnu","rect":[2,58,74,54],"offset":[-50,37],"originalSize":[500,500],"capInsets":[0,0,0,0]}},{"__type__":"cc.SpriteFrame","content":{"name":"stand_7_part2_wing_5002_stand_7_part2_0004","texture":"056aXlik9I6L5YqJGZyGnu","rect":[162,2,76,54],"offset":[-51,37],"originalSize":[500,500],"capInsets":[0,0,0,0]}},{"__type__":"cc.SpriteFrame","content":{"name":"stand_7_part2_wing_5002_stand_7_part2_0012","texture":"056aXlik9I6L5YqJGZyGnu","rect":[168,112,68,50],"offset":[-47,36],"originalSize":[500,500],"capInsets":[0,0,0,0]}},{"__type__":"cc.SpriteFrame","content":{"name":"stand_7_part2_wing_5002_stand_7_part2_0009","texture":"056aXlik9I6L5YqJGZyGnu","rect":[82,2,78,50],"offset":[-52,35],"originalSize":[500,500],"capInsets":[0,0,0,0]}},{"__type__":"cc.SpriteFrame","content":{"name":"stand_7_part2_wing_5002_stand_7_part2_0008","texture":"056aXlik9I6L5YqJGZyGnu","rect":[160,58,74,52],"offset":[-51,36],"originalSize":[500,500],"capInsets":[0,0,0,0]}}]