[{"__type__":"cc.SpriteFrame","content":{"name":"run_1_rd1_ride_ride_9321_rd1_run_1_1","texture":"4f2L1IQGxBvI4IugBBI1Ar","rect":[1,1,150,196],"offset":[45,-25],"originalSize":[500,500],"capInsets":[0,0,0,0]}},{"__type__":"cc.SpriteFrame","content":{"name":"run_1_rd1_ride_ride_9321_rd1_run_1_2","texture":"4f2L1IQGxBvI4IugBBI1Ar","rect":[167,187,126,188],"offset":[53,-35],"originalSize":[500,500],"capInsets":[0,0,0,0]}},{"__type__":"cc.SpriteFrame","content":{"name":"run_1_rd1_ride_ride_9321_rd1_run_1_3","texture":"4f2L1IQGxBvI4IugBBI1Ar","rect":[313,1,146,198],"offset":[42,-44],"originalSize":[500,500],"capInsets":[0,0,0,0]}},{"__type__":"cc.SpriteFrame","content":{"name":"run_1_rd1_ride_ride_9321_rd1_run_1_8","texture":"4f2L1IQGxBvI4IugBBI1Ar","rect":[189,377,148,156],"offset":[37,-12],"originalSize":[500,500],"capInsets":[0,0,0,0]}},{"__type__":"cc.SpriteFrame","content":{"name":"run_1_rd1_ride_ride_9321_rd1_run_1_6","texture":"4f2L1IQGxBvI4IugBBI1Ar","rect":[1,199,164,178],"offset":[30,-30],"originalSize":[500,500],"capInsets":[0,0,0,0]}},{"__type__":"cc.SpriteFrame","content":{"name":"run_1_rd1_ride_ride_9321_rd1_run_1_5","texture":"4f2L1IQGxBvI4IugBBI1Ar","rect":[153,1,158,184],"offset":[34,-41],"originalSize":[500,500],"capInsets":[0,0,0,0]}},{"__type__":"cc.SpriteAtlas","_name":"run_1_f.plist","_spriteFrames":{"run_1_rd1_ride_ride_9321_rd1_run_1_1":{"__uuid__":"19cTqv40REvLtRr5ZljEqP"},"run_1_rd1_ride_ride_9321_rd1_run_1_2":{"__uuid__":"38WXVX091F/J4+bFkgRuNL"},"run_1_rd1_ride_ride_9321_rd1_run_1_3":{"__uuid__":"3aPsS3r49HYpllZZQuYYC2"},"run_1_rd1_ride_ride_9321_rd1_run_1_4":{"__uuid__":"b7Dc6xBc5Oxqi1ZzFkWLjW"},"run_1_rd1_ride_ride_9321_rd1_run_1_5":{"__uuid__":"84OcDuVH9Lz7CzylIdVwWw"},"run_1_rd1_ride_ride_9321_rd1_run_1_6":{"__uuid__":"72zZiwvndHYLhca/ZCYKlK"},"run_1_rd1_ride_ride_9321_rd1_run_1_7":{"__uuid__":"ab5/PfHLZM9KGx1PNWZcbV"},"run_1_rd1_ride_ride_9321_rd1_run_1_8":{"__uuid__":"4aIwPupB1Hqbam9Ams+xdj"}}},{"__type__":"cc.SpriteFrame","content":{"name":"run_1_rd1_ride_ride_9321_rd1_run_1_7","texture":"4f2L1IQGxBvI4IugBBI1Ar","rect":[1,379,186,154],"offset":[19,-16],"originalSize":[500,500],"capInsets":[0,0,0,0]}},{"__type__":"cc.SpriteFrame","content":{"name":"run_1_rd1_ride_ride_9321_rd1_run_1_4","texture":"4f2L1IQGxBvI4IugBBI1Ar","rect":[339,201,128,200],"offset":[52,-42],"originalSize":[500,500],"capInsets":[0,0,0,0]}}]