[{"__type__":"cc.SpriteFrame","content":{"name":"stand_1_part1_wing_5010_stand_1_part1_0004","texture":"aequi3peFOuKHTZVhKTZ3/","rect":[180,110,84,102],"offset":[-65,57],"originalSize":[500,500],"capInsets":[0,0,0,0]}},{"__type__":"cc.SpriteFrame","content":{"name":"stand_1_part1_wing_5010_stand_1_part1_0009","texture":"aequi3peFOuKHTZVhKTZ3/","rect":[2,364,94,112],"offset":[-70,65],"originalSize":[500,500],"capInsets":[0,0,0,0]}},{"__type__":"cc.SpriteFrame","content":{"name":"stand_1_part1_wing_5010_stand_1_part1_0001","texture":"aequi3peFOuKHTZVhKTZ3/","rect":[2,2,80,122],"offset":[-63,65],"originalSize":[500,500],"capInsets":[0,0,0,0]}},{"__type__":"cc.SpriteAtlas","_name":"stand_1_part1.plist","_spriteFrames":{"stand_1_part1_wing_5010_stand_1_part1_0001":{"__uuid__":"3d5pwtxX5PkrLZx1PopRfX"},"stand_1_part1_wing_5010_stand_1_part1_0002":{"__uuid__":"4fqOxLlPBPhJB+KLY77f1A"},"stand_1_part1_wing_5010_stand_1_part1_0003":{"__uuid__":"a5I3jKhyVJOLpCdxQKuCYX"},"stand_1_part1_wing_5010_stand_1_part1_0004":{"__uuid__":"196H5sr7xDkpT9tjfUewWQ"},"stand_1_part1_wing_5010_stand_1_part1_0005":{"__uuid__":"a7iYdRcVdK8bni0rYqTf79"},"stand_1_part1_wing_5010_stand_1_part1_0006":{"__uuid__":"4c8HoJS19AQKCy/GowBNlU"},"stand_1_part1_wing_5010_stand_1_part1_0007":{"__uuid__":"cf+d42ZCtP2YIGeg/0SRfA"},"stand_1_part1_wing_5010_stand_1_part1_0008":{"__uuid__":"6107EnGd5Mc6FWdHU2bohU"},"stand_1_part1_wing_5010_stand_1_part1_0009":{"__uuid__":"2bVU+PCulPjK4cFKHRt6GS"},"stand_1_part1_wing_5010_stand_1_part1_0010":{"__uuid__":"e1tdg7BqVOZ4OcTZANAygA"},"stand_1_part1_wing_5010_stand_1_part1_0011":{"__uuid__":"84ucgbcIZMXqU31x/tWB4d"},"stand_1_part1_wing_5010_stand_1_part1_0012":{"__uuid__":"ad32pjCzZC8qb3tgzr1n32"}}},{"__type__":"cc.SpriteFrame","content":{"name":"stand_1_part1_wing_5010_stand_1_part1_0006","texture":"aequi3peFOuKHTZVhKTZ3/","rect":[266,110,88,100],"offset":[-67,59],"originalSize":[500,500],"capInsets":[0,0,0,0]}},{"__type__":"cc.SpriteFrame","content":{"name":"stand_1_part1_wing_5010_stand_1_part1_0002","texture":"aequi3peFOuKHTZVhKTZ3/","rect":[2,248,82,114],"offset":[-64,59],"originalSize":[500,500],"capInsets":[0,0,0,0]}},{"__type__":"cc.SpriteFrame","content":{"name":"stand_1_part1_wing_5010_stand_1_part1_0008","texture":"aequi3peFOuKHTZVhKTZ3/","rect":[98,362,92,110],"offset":[-69,64],"originalSize":[500,500],"capInsets":[0,0,0,0]}},{"__type__":"cc.SpriteFrame","content":{"name":"stand_1_part1_wing_5010_stand_1_part1_0011","texture":"aequi3peFOuKHTZVhKTZ3/","rect":[84,2,94,116],"offset":[-70,66],"originalSize":[500,500],"capInsets":[0,0,0,0]}},{"__type__":"cc.SpriteFrame","content":{"name":"stand_1_part1_wing_5010_stand_1_part1_0003","texture":"aequi3peFOuKHTZVhKTZ3/","rect":[96,120,82,112],"offset":[-64,59],"originalSize":[500,500],"capInsets":[0,0,0,0]}},{"__type__":"cc.SpriteFrame","content":{"name":"stand_1_part1_wing_5010_stand_1_part1_0005","texture":"aequi3peFOuKHTZVhKTZ3/","rect":[182,214,88,100],"offset":[-67,58],"originalSize":[500,500],"capInsets":[0,0,0,0]}},{"__type__":"cc.SpriteFrame","content":{"name":"stand_1_part1_wing_5010_stand_1_part1_0012","texture":"aequi3peFOuKHTZVhKTZ3/","rect":[2,126,92,120],"offset":[-69,65],"originalSize":[500,500],"capInsets":[0,0,0,0]}},{"__type__":"cc.SpriteFrame","content":{"name":"stand_1_part1_wing_5010_stand_1_part1_0007","texture":"aequi3peFOuKHTZVhKTZ3/","rect":[180,2,92,106],"offset":[-69,62],"originalSize":[500,500],"capInsets":[0,0,0,0]}},{"__type__":"cc.SpriteFrame","content":{"name":"stand_1_part1_wing_5010_stand_1_part1_0010","texture":"aequi3peFOuKHTZVhKTZ3/","rect":[86,248,94,112],"offset":[-70,66],"originalSize":[500,500],"capInsets":[0,0,0,0]}}]