[{"__type__":"cc.SpriteFrame","content":{"name":"run_13_rd1rd2_ride_ride_9411_rd2_run_1_7","texture":"c9x9H7bEBOIpob0Cw+CwYY","rect":[1,1,208,162],"offset":[-32,8],"originalSize":[470,470],"capInsets":[0,0,0,0]}},{"__type__":"cc.SpriteFrame","content":{"name":"run_13_rd1rd2_ride_ride_9411_rd2_run_1_8","texture":"c9x9H7bEBOIpob0Cw+CwYY","rect":[247,361,228,210],"offset":[-38,-21],"originalSize":[470,470],"capInsets":[0,0,0,0]}},{"__type__":"cc.SpriteFrame","content":{"name":"run_13_rd1rd2_ride_ride_9411_rd2_run_1_1","texture":"c9x9H7bEBOIpob0Cw+CwYY","rect":[1,351,244,184],"offset":[-43,-6],"originalSize":[470,470],"capInsets":[0,0,0,0]}},{"__type__":"cc.SpriteAtlas","_name":"run_1_b.plist","_spriteFrames":{"run_13_rd1rd2_ride_ride_9411_rd2_run_1_1":{"__uuid__":"48l7IJJKRHH4Km9xmc5FsB"},"run_13_rd1rd2_ride_ride_9411_rd2_run_1_2":{"__uuid__":"f0pjNLTixFoKYuo2MiedVo"},"run_13_rd1rd2_ride_ride_9411_rd2_run_1_3":{"__uuid__":"e6jpHODdpGCZdChy1S5Mdp"},"run_13_rd1rd2_ride_ride_9411_rd2_run_1_4":{"__uuid__":"9cQpNauSNNG5iZdOVdTaRk"},"run_13_rd1rd2_ride_ride_9411_rd2_run_1_5":{"__uuid__":"acrFamF2VKELOzNwK4B9xC"},"run_13_rd1rd2_ride_ride_9411_rd2_run_1_6":{"__uuid__":"f56RmVBVJGK5TgpxSLHpF5"},"run_13_rd1rd2_ride_ride_9411_rd2_run_1_7":{"__uuid__":"26rtCiswpEUrpY5BUgQZb8"},"run_13_rd1rd2_ride_ride_9411_rd2_run_1_8":{"__uuid__":"41VJYnUQ9FT7Y179tpqnnY"}}},{"__type__":"cc.SpriteFrame","content":{"name":"run_13_rd1rd2_ride_ride_9411_rd2_run_1_4","texture":"c9x9H7bEBOIpob0Cw+CwYY","rect":[205,169,188,180],"offset":[-25,11],"originalSize":[470,470],"capInsets":[0,0,0,0]}},{"__type__":"cc.SpriteFrame","content":{"name":"run_13_rd1rd2_ride_ride_9411_rd2_run_1_5","texture":"c9x9H7bEBOIpob0Cw+CwYY","rect":[397,1,210,176],"offset":[1,19],"originalSize":[470,470],"capInsets":[0,0,0,0]}},{"__type__":"cc.SpriteFrame","content":{"name":"run_13_rd1rd2_ride_ride_9411_rd2_run_1_3","texture":"c9x9H7bEBOIpob0Cw+CwYY","rect":[1,165,202,178],"offset":[-32,6],"originalSize":[470,470],"capInsets":[0,0,0,0]}},{"__type__":"cc.SpriteFrame","content":{"name":"run_13_rd1rd2_ride_ride_9411_rd2_run_1_2","texture":"c9x9H7bEBOIpob0Cw+CwYY","rect":[395,179,228,180],"offset":[-38,0],"originalSize":[470,470],"capInsets":[0,0,0,0]}},{"__type__":"cc.SpriteFrame","content":{"name":"run_13_rd1rd2_ride_ride_9411_rd2_run_1_6","texture":"c9x9H7bEBOIpob0Cw+CwYY","rect":[211,1,184,166],"offset":[-21,12],"originalSize":[470,470],"capInsets":[0,0,0,0]}}]