[{"__type__":"cc.SpriteFrame","content":{"name":"ride_ride_9131_rd2_stand_3_7","texture":"08q4KAsTZAHYMEkT+36Rj0","rect":[1,177,144,174],"offset":[-26,17],"originalSize":[500,500],"capInsets":[0,0,0,0]}},{"__type__":"cc.SpriteAtlas","_name":"stand_3_b.plist","_spriteFrames":{"ride_ride_9131_rd2_stand_3_1":{"__uuid__":"56t2PjJNhNAJINR9dXpvnV"},"ride_ride_9131_rd2_stand_3_2":{"__uuid__":"e0mOuPajpCuqs2zClwiE9t"},"ride_ride_9131_rd2_stand_3_3":{"__uuid__":"51eJqTRwxDSJY/srRIYxSh"},"ride_ride_9131_rd2_stand_3_4":{"__uuid__":"e29YtHJ+hHLYMu7jBQHev9"},"ride_ride_9131_rd2_stand_3_5":{"__uuid__":"16cytfjStGD7r+3gn+NT1N"},"ride_ride_9131_rd2_stand_3_6":{"__uuid__":"22AuyJMaRFQ5JkYf5cnit5"},"ride_ride_9131_rd2_stand_3_7":{"__uuid__":"03JEagj59Eg7a4CCGghxfK"},"ride_ride_9131_rd2_stand_3_8":{"__uuid__":"80a97tCnRCFbh5EpQXT4rU"}}},{"__type__":"cc.SpriteFrame","content":{"name":"ride_ride_9131_rd2_stand_3_5","texture":"08q4KAsTZAHYMEkT+36Rj0","rect":[1,1,144,174],"offset":[-29,15],"originalSize":[500,500],"capInsets":[0,0,0,0]}},{"__type__":"cc.SpriteFrame","content":{"name":"ride_ride_9131_rd2_stand_3_6","texture":"08q4KAsTZAHYMEkT+36Rj0","rect":[147,179,140,174],"offset":[-25,15],"originalSize":[500,500],"capInsets":[0,0,0,0]}},{"__type__":"cc.SpriteFrame","content":{"name":"ride_ride_9131_rd2_stand_3_3","texture":"08q4KAsTZAHYMEkT+36Rj0","rect":[289,175,136,174],"offset":[-27,15],"originalSize":[500,500],"capInsets":[0,0,0,0]}},{"__type__":"cc.SpriteFrame","content":{"name":"ride_ride_9131_rd2_stand_3_1","texture":"08q4KAsTZAHYMEkT+36Rj0","rect":[1,353,138,174],"offset":[-25,19],"originalSize":[500,500],"capInsets":[0,0,0,0]}},{"__type__":"cc.SpriteFrame","content":{"name":"ride_ride_9131_rd2_stand_3_8","texture":"08q4KAsTZAHYMEkT+36Rj0","rect":[285,1,140,172],"offset":[-25,19],"originalSize":[500,500],"capInsets":[0,0,0,0]}},{"__type__":"cc.SpriteFrame","content":{"name":"ride_ride_9131_rd2_stand_3_2","texture":"08q4KAsTZAHYMEkT+36Rj0","rect":[147,1,136,176],"offset":[-26,18],"originalSize":[500,500],"capInsets":[0,0,0,0]}},{"__type__":"cc.SpriteFrame","content":{"name":"ride_ride_9131_rd2_stand_3_4","texture":"08q4KAsTZAHYMEkT+36Rj0","rect":[289,351,136,174],"offset":[-27,16],"originalSize":[500,500],"capInsets":[0,0,0,0]}}]