[{"__type__":"cc.SpriteFrame","content":{"name":"stand_7_part1_wing_5002_stand_7_part1_0003","texture":"bfAH67QRFHLYhbLuYCxw/l","rect":[80,192,78,54],"offset":[41,37],"originalSize":[500,500],"capInsets":[0,0,0,0]}},{"__type__":"cc.SpriteAtlas","_name":"stand_7_part1.plist","_spriteFrames":{"stand_7_part1_wing_5002_stand_7_part1_0001":{"__uuid__":"80UH2NbbdHubAzVwKMhw0L"},"stand_7_part1_wing_5002_stand_7_part1_0002":{"__uuid__":"89E6s66K5B+7nsOHQY1GvN"},"stand_7_part1_wing_5002_stand_7_part1_0003":{"__uuid__":"13pjgHEZ9F0L33FYFZiHvA"},"stand_7_part1_wing_5002_stand_7_part1_0004":{"__uuid__":"feJsi9EdFLDbtV7bByQIMC"},"stand_7_part1_wing_5002_stand_7_part1_0005":{"__uuid__":"8bYiOdo35NhpU9+EAnbVZm"},"stand_7_part1_wing_5002_stand_7_part1_0006":{"__uuid__":"477DfybuBC47JvZhj8hE2r"},"stand_7_part1_wing_5002_stand_7_part1_0007":{"__uuid__":"efhcipdIlEf5158OeXsp/Z"},"stand_7_part1_wing_5002_stand_7_part1_0008":{"__uuid__":"87chGAZThP0pTmH1HaJb5l"},"stand_7_part1_wing_5002_stand_7_part1_0009":{"__uuid__":"918DL8pM1DM6wEoJweL7kq"},"stand_7_part1_wing_5002_stand_7_part1_0010":{"__uuid__":"40lArjuVJFP6JmLC8kY/gT"},"stand_7_part1_wing_5002_stand_7_part1_0011":{"__uuid__":"31TmHKL+hIKpCqhrF5JVvT"},"stand_7_part1_wing_5002_stand_7_part1_0012":{"__uuid__":"3bCfl6A5lOKJSwzOJ3+q1q"}}},{"__type__":"cc.SpriteFrame","content":{"name":"stand_7_part1_wing_5002_stand_7_part1_0011","texture":"bfAH67QRFHLYhbLuYCxw/l","rect":[160,58,74,50],"offset":[40,38],"originalSize":[500,500],"capInsets":[0,0,0,0]}},{"__type__":"cc.SpriteFrame","content":{"name":"stand_7_part1_wing_5002_stand_7_part1_0012","texture":"bfAH67QRFHLYhbLuYCxw/l","rect":[84,58,74,52],"offset":[40,38],"originalSize":[500,500],"capInsets":[0,0,0,0]}},{"__type__":"cc.SpriteFrame","content":{"name":"stand_7_part1_wing_5002_stand_7_part1_0010","texture":"bfAH67QRFHLYhbLuYCxw/l","rect":[2,2,82,52],"offset":[43,38],"originalSize":[500,500],"capInsets":[0,0,0,0]}},{"__type__":"cc.SpriteFrame","content":{"name":"stand_7_part1_wing_5002_stand_7_part1_0006","texture":"bfAH67QRFHLYhbLuYCxw/l","rect":[112,112,78,54],"offset":[42,37],"originalSize":[500,500],"rotated":1,"capInsets":[0,0,0,0]}},{"__type__":"cc.SpriteFrame","content":{"name":"stand_7_part1_wing_5002_stand_7_part1_0001","texture":"bfAH67QRFHLYhbLuYCxw/l","rect":[2,194,76,56],"offset":[40,35],"originalSize":[500,500],"capInsets":[0,0,0,0]}},{"__type__":"cc.SpriteFrame","content":{"name":"stand_7_part1_wing_5002_stand_7_part1_0008","texture":"bfAH67QRFHLYhbLuYCxw/l","rect":[168,2,80,54],"offset":[42,37],"originalSize":[500,500],"capInsets":[0,0,0,0]}},{"__type__":"cc.SpriteFrame","content":{"name":"stand_7_part1_wing_5002_stand_7_part1_0002","texture":"bfAH67QRFHLYhbLuYCxw/l","rect":[56,112,78,54],"offset":[40,36],"originalSize":[500,500],"rotated":1,"capInsets":[0,0,0,0]}},{"__type__":"cc.SpriteFrame","content":{"name":"stand_7_part1_wing_5002_stand_7_part1_0005","texture":"bfAH67QRFHLYhbLuYCxw/l","rect":[2,56,80,54],"offset":[43,37],"originalSize":[500,500],"capInsets":[0,0,0,0]}},{"__type__":"cc.SpriteFrame","content":{"name":"stand_7_part1_wing_5002_stand_7_part1_0009","texture":"bfAH67QRFHLYhbLuYCxw/l","rect":[2,112,80,52],"offset":[44,37],"originalSize":[500,500],"rotated":1,"capInsets":[0,0,0,0]}},{"__type__":"cc.SpriteFrame","content":{"name":"stand_7_part1_wing_5002_stand_7_part1_0007","texture":"bfAH67QRFHLYhbLuYCxw/l","rect":[160,192,76,54],"offset":[42,37],"originalSize":[500,500],"capInsets":[0,0,0,0]}},{"__type__":"cc.SpriteFrame","content":{"name":"stand_7_part1_wing_5002_stand_7_part1_0004","texture":"bfAH67QRFHLYhbLuYCxw/l","rect":[86,2,80,54],"offset":[41,37],"originalSize":[500,500],"capInsets":[0,0,0,0]}}]