[{"__type__":"cc.SpriteFrame","content":{"name":"stand_13_sh_ride_shape_2014_sh_stand_3_8","texture":"5dJi0qzJZB37XB+shuBUNJ","rect":[201,1,98,126],"offset":[-20,-7],"originalSize":[500,500],"capInsets":[0,0,0,0]}},{"__type__":"cc.SpriteAtlas","_name":"stand_3.plist","_spriteFrames":{"stand_13_sh_ride_shape_2014_sh_stand_3_1":{"__uuid__":"f29HEps5dM5qKQ7Qqt8Aq1"},"stand_13_sh_ride_shape_2014_sh_stand_3_2":{"__uuid__":"bdYGWP9bdJjrVD6qGw5xlM"},"stand_13_sh_ride_shape_2014_sh_stand_3_3":{"__uuid__":"b8ymc5mIRKk7caLtaSORN9"},"stand_13_sh_ride_shape_2014_sh_stand_3_4":{"__uuid__":"demgqUhLFFVb4bu724jn6Z"},"stand_13_sh_ride_shape_2014_sh_stand_3_5":{"__uuid__":"bdaVO1i4pG+7C1xmfkO9CS"},"stand_13_sh_ride_shape_2014_sh_stand_3_6":{"__uuid__":"f226MJZRdMxazz3/OPY5FP"},"stand_13_sh_ride_shape_2014_sh_stand_3_7":{"__uuid__":"adnXJD0sxKjqdtX5nulIsM"},"stand_13_sh_ride_shape_2014_sh_stand_3_8":{"__uuid__":"27TGohKuVB/oCcOjJ0LZlr"}}},{"__type__":"cc.SpriteFrame","content":{"name":"stand_13_sh_ride_shape_2014_sh_stand_3_7","texture":"5dJi0qzJZB37XB+shuBUNJ","rect":[101,257,98,124],"offset":[-20,-5],"originalSize":[500,500],"capInsets":[0,0,0,0]}},{"__type__":"cc.SpriteFrame","content":{"name":"stand_13_sh_ride_shape_2014_sh_stand_3_3","texture":"5dJi0qzJZB37XB+shuBUNJ","rect":[1,133,98,128],"offset":[-20,-9],"originalSize":[500,500],"capInsets":[0,0,0,0]}},{"__type__":"cc.SpriteFrame","content":{"name":"stand_13_sh_ride_shape_2014_sh_stand_3_2","texture":"5dJi0qzJZB37XB+shuBUNJ","rect":[1,1,98,130],"offset":[-20,-9],"originalSize":[500,500],"capInsets":[0,0,0,0]}},{"__type__":"cc.SpriteFrame","content":{"name":"stand_13_sh_ride_shape_2014_sh_stand_3_5","texture":"5dJi0qzJZB37XB+shuBUNJ","rect":[101,131,98,124],"offset":[-20,-6],"originalSize":[500,500],"capInsets":[0,0,0,0]}},{"__type__":"cc.SpriteFrame","content":{"name":"stand_13_sh_ride_shape_2014_sh_stand_3_4","texture":"5dJi0qzJZB37XB+shuBUNJ","rect":[101,1,98,128],"offset":[-20,-7],"originalSize":[500,500],"capInsets":[0,0,0,0]}},{"__type__":"cc.SpriteFrame","content":{"name":"stand_13_sh_ride_shape_2014_sh_stand_3_6","texture":"5dJi0qzJZB37XB+shuBUNJ","rect":[201,259,98,122],"offset":[-19,-5],"originalSize":[500,500],"capInsets":[0,0,0,0]}},{"__type__":"cc.SpriteFrame","content":{"name":"stand_13_sh_ride_shape_2014_sh_stand_3_1","texture":"5dJi0qzJZB37XB+shuBUNJ","rect":[201,129,96,128],"offset":[-20,-9],"originalSize":[500,500],"capInsets":[0,0,0,0]}}]