[{"__type__":"cc.SpriteFrame","content":{"name":"run_13_rd1rd2_ride_ride_9411_rd2_run_3_8","texture":"c0DkVEpm1CkI39ozUfgDvm","rect":[1,143,80,68],"offset":[-21,93],"originalSize":[470,470],"capInsets":[0,0,0,0]}},{"__type__":"cc.SpriteFrame","content":{"name":"run_13_rd1rd2_ride_ride_9411_rd2_run_3_2","texture":"c0DkVEpm1CkI39ozUfgDvm","rect":[1,75,88,66],"offset":[-17,83],"originalSize":[470,470],"capInsets":[0,0,0,0]}},{"__type__":"cc.SpriteFrame","content":{"name":"run_13_rd1rd2_ride_ride_9411_rd2_run_3_7","texture":"c0DkVEpm1CkI39ozUfgDvm","rect":[91,73,80,72],"offset":[-19,94],"originalSize":[470,470],"capInsets":[0,0,0,0]}},{"__type__":"cc.SpriteFrame","content":{"name":"run_13_rd1rd2_ride_ride_9411_rd2_run_3_5","texture":"c0DkVEpm1CkI39ozUfgDvm","rect":[89,1,86,70],"offset":[-16,81],"originalSize":[470,470],"capInsets":[0,0,0,0]}},{"__type__":"cc.SpriteAtlas","_name":"run_3_f.plist","_spriteFrames":{"run_13_rd1rd2_ride_ride_9411_rd2_run_3_1":{"__uuid__":"d2IVgfcBVOpoUPXg95M7cD"},"run_13_rd1rd2_ride_ride_9411_rd2_run_3_2":{"__uuid__":"41d7Trd8hOabBRgMuYBrsL"},"run_13_rd1rd2_ride_ride_9411_rd2_run_3_3":{"__uuid__":"bcHecfKFpLCKKhD7lKxb9N"},"run_13_rd1rd2_ride_ride_9411_rd2_run_3_4":{"__uuid__":"ddQ4Jv9ltN24M8XVC+4Hqx"},"run_13_rd1rd2_ride_ride_9411_rd2_run_3_5":{"__uuid__":"9cvOnO/m9CWIwtRMCOBNST"},"run_13_rd1rd2_ride_ride_9411_rd2_run_3_6":{"__uuid__":"d5mv/LwVhADomXYtfRvvow"},"run_13_rd1rd2_ride_ride_9411_rd2_run_3_7":{"__uuid__":"7b7Y9AvUhEs5MmQOXpqVZp"},"run_13_rd1rd2_ride_ride_9411_rd2_run_3_8":{"__uuid__":"36yRgsTmVEE5/KEVVi1VWj"}}},{"__type__":"cc.SpriteFrame","content":{"name":"run_13_rd1rd2_ride_ride_9411_rd2_run_3_3","texture":"c0DkVEpm1CkI39ozUfgDvm","rect":[83,147,84,66],"offset":[-19,80],"originalSize":[470,470],"capInsets":[0,0,0,0]}},{"__type__":"cc.SpriteFrame","content":{"name":"run_13_rd1rd2_ride_ride_9411_rd2_run_3_1","texture":"c0DkVEpm1CkI39ozUfgDvm","rect":[173,73,78,50],"offset":[-25,91],"originalSize":[470,470],"capInsets":[0,0,0,0]}},{"__type__":"cc.SpriteFrame","content":{"name":"run_13_rd1rd2_ride_ride_9411_rd2_run_3_6","texture":"c0DkVEpm1CkI39ozUfgDvm","rect":[1,1,86,72],"offset":[-15,90],"originalSize":[470,470],"capInsets":[0,0,0,0]}},{"__type__":"cc.SpriteFrame","content":{"name":"run_13_rd1rd2_ride_ride_9411_rd2_run_3_4","texture":"c0DkVEpm1CkI39ozUfgDvm","rect":[169,147,82,66],"offset":[-18,78],"originalSize":[470,470],"capInsets":[0,0,0,0]}}]