[{"__type__":"cc.SpriteFrame","content":{"name":"stand_13_sh_ride_shape_3016_sh_stand_1_5","texture":"77SJmz0LVPTKyefIC8lt2W","rect":[101,147,98,146],"offset":[-12,-34],"originalSize":[470,470],"capInsets":[0,0,0,0]}},{"__type__":"cc.SpriteFrame","content":{"name":"stand_13_sh_ride_shape_3016_sh_stand_1_1","texture":"77SJmz0LVPTKyefIC8lt2W","rect":[203,1,94,144],"offset":[-15,-35],"originalSize":[470,470],"capInsets":[0,0,0,0]}},{"__type__":"cc.SpriteFrame","content":{"name":"stand_13_sh_ride_shape_3016_sh_stand_1_7","texture":"77SJmz0LVPTKyefIC8lt2W","rect":[103,1,98,144],"offset":[-12,-35],"originalSize":[470,470],"capInsets":[0,0,0,0]}},{"__type__":"cc.SpriteFrame","content":{"name":"stand_13_sh_ride_shape_3016_sh_stand_1_4","texture":"77SJmz0LVPTKyefIC8lt2W","rect":[1,147,98,146],"offset":[-13,-34],"originalSize":[470,470],"capInsets":[0,0,0,0]}},{"__type__":"cc.SpriteFrame","content":{"name":"stand_13_sh_ride_shape_3016_sh_stand_1_6","texture":"77SJmz0LVPTKyefIC8lt2W","rect":[1,1,100,144],"offset":[-12,-35],"originalSize":[470,470],"capInsets":[0,0,0,0]}},{"__type__":"cc.SpriteAtlas","_name":"stand_1.plist","_spriteFrames":{"stand_13_sh_ride_shape_3016_sh_stand_1_1":{"__uuid__":"31sEQtG+5O24RSbI5Aqgns"},"stand_13_sh_ride_shape_3016_sh_stand_1_2":{"__uuid__":"e8x6xEjuNPQ5Ql54bbIjBJ"},"stand_13_sh_ride_shape_3016_sh_stand_1_3":{"__uuid__":"feCq5I3tdJOLJJ053e2zgi"},"stand_13_sh_ride_shape_3016_sh_stand_1_4":{"__uuid__":"4cF8wI/JFCC4fBqF4088c/"},"stand_13_sh_ride_shape_3016_sh_stand_1_5":{"__uuid__":"15AmJGfBZLU5sBlvAtZpjA"},"stand_13_sh_ride_shape_3016_sh_stand_1_6":{"__uuid__":"d2QcEMZPNFzoBCzFlhBitj"},"stand_13_sh_ride_shape_3016_sh_stand_1_7":{"__uuid__":"33syrmCQBPBKBpY46fnOwt"},"stand_13_sh_ride_shape_3016_sh_stand_1_8":{"__uuid__":"f0iSu2Y59K+bmdX3Wa4jkH"}}},{"__type__":"cc.SpriteFrame","content":{"name":"stand_13_sh_ride_shape_3016_sh_stand_1_2","texture":"77SJmz0LVPTKyefIC8lt2W","rect":[301,1,94,146],"offset":[-15,-34],"originalSize":[470,470],"capInsets":[0,0,0,0]}},{"__type__":"cc.SpriteFrame","content":{"name":"stand_13_sh_ride_shape_3016_sh_stand_1_8","texture":"77SJmz0LVPTKyefIC8lt2W","rect":[201,147,98,144],"offset":[-12,-35],"originalSize":[470,470],"capInsets":[0,0,0,0]}},{"__type__":"cc.SpriteFrame","content":{"name":"stand_13_sh_ride_shape_3016_sh_stand_1_3","texture":"77SJmz0LVPTKyefIC8lt2W","rect":[301,149,94,146],"offset":[-14,-34],"originalSize":[470,470],"capInsets":[0,0,0,0]}}]