[{"__type__":"cc.SpriteFrame","content":{"name":"stand_3_part1_wing_5001_stand_3_part1_0011","texture":"a8behWTmZLpZbvKxUHThve","rect":[86,2,42,54],"offset":[-4,29],"originalSize":[500,500],"capInsets":[0,0,0,0]}},{"__type__":"cc.SpriteFrame","content":{"name":"stand_3_part1_wing_5001_stand_3_part1_0006","texture":"a8behWTmZLpZbvKxUHThve","rect":[2,134,46,64],"offset":[-3,28],"originalSize":[500,500],"capInsets":[0,0,0,0]}},{"__type__":"cc.SpriteFrame","content":{"name":"stand_3_part1_wing_5001_stand_3_part1_0002","texture":"a8behWTmZLpZbvKxUHThve","rect":[90,114,48,52],"offset":[-6,31],"originalSize":[500,500],"capInsets":[0,0,0,0]}},{"__type__":"cc.SpriteFrame","content":{"name":"stand_3_part1_wing_5001_stand_3_part1_0001","texture":"a8behWTmZLpZbvKxUHThve","rect":[2,2,50,64],"offset":[-7,24],"originalSize":[500,500],"capInsets":[0,0,0,0]}},{"__type__":"cc.SpriteFrame","content":{"name":"stand_3_part1_wing_5001_stand_3_part1_0012","texture":"a8behWTmZLpZbvKxUHThve","rect":[2,68,48,64],"offset":[-7,24],"originalSize":[500,500],"capInsets":[0,0,0,0]}},{"__type__":"cc.SpriteFrame","content":{"name":"stand_3_part1_wing_5001_stand_3_part1_0005","texture":"a8behWTmZLpZbvKxUHThve","rect":[122,58,46,50],"offset":[-4,32],"originalSize":[500,500],"capInsets":[0,0,0,0]}},{"__type__":"cc.SpriteAtlas","_name":"stand_3_part1.plist","_spriteFrames":{"stand_3_part1_wing_5001_stand_3_part1_0001":{"__uuid__":"73dLl/g4NIq7ppOy3KglIq"},"stand_3_part1_wing_5001_stand_3_part1_0002":{"__uuid__":"51lFAgLSJACrPEP5fz2mR+"},"stand_3_part1_wing_5001_stand_3_part1_0003":{"__uuid__":"b0oOfBoaBGLIWU1q4uPzb0"},"stand_3_part1_wing_5001_stand_3_part1_0004":{"__uuid__":"96SWswsq1DDYGRVVKL+dP1"},"stand_3_part1_wing_5001_stand_3_part1_0005":{"__uuid__":"799W/eptND/pTDYwhlqnst"},"stand_3_part1_wing_5001_stand_3_part1_0006":{"__uuid__":"3676YpQnlMEJLAr1oyyqgj"},"stand_3_part1_wing_5001_stand_3_part1_0007":{"__uuid__":"d7zShuvx1H2ILQXYPYamy8"},"stand_3_part1_wing_5001_stand_3_part1_0008":{"__uuid__":"f8UT5KeKZC54TTkHtyiY8m"},"stand_3_part1_wing_5001_stand_3_part1_0009":{"__uuid__":"9bYukKRg9LlLSp1RglJJyc"},"stand_3_part1_wing_5001_stand_3_part1_0010":{"__uuid__":"bbq6CrlOxORI+s2blqMXew"},"stand_3_part1_wing_5001_stand_3_part1_0011":{"__uuid__":"043bfArUtFjpW+ENgUIaJ8"},"stand_3_part1_wing_5001_stand_3_part1_0012":{"__uuid__":"79TVCvkplK1KzDlCQUyDHF"}}},{"__type__":"cc.SpriteFrame","content":{"name":"stand_3_part1_wing_5001_stand_3_part1_0004","texture":"a8behWTmZLpZbvKxUHThve","rect":[52,200,46,54],"offset":[-5,30],"originalSize":[500,500],"capInsets":[0,0,0,0]}},{"__type__":"cc.SpriteFrame","content":{"name":"stand_3_part1_wing_5001_stand_3_part1_0009","texture":"a8behWTmZLpZbvKxUHThve","rect":[52,68,32,60],"offset":[1,28],"originalSize":[500,500],"capInsets":[0,0,0,0]}},{"__type__":"cc.SpriteFrame","content":{"name":"stand_3_part1_wing_5001_stand_3_part1_0003","texture":"a8behWTmZLpZbvKxUHThve","rect":[2,200,48,54],"offset":[-6,31],"originalSize":[500,500],"capInsets":[0,0,0,0]}},{"__type__":"cc.SpriteFrame","content":{"name":"stand_3_part1_wing_5001_stand_3_part1_0010","texture":"a8behWTmZLpZbvKxUHThve","rect":[50,134,38,64],"offset":[-2,26],"originalSize":[500,500],"capInsets":[0,0,0,0]}},{"__type__":"cc.SpriteFrame","content":{"name":"stand_3_part1_wing_5001_stand_3_part1_0007","texture":"a8behWTmZLpZbvKxUHThve","rect":[86,58,34,54],"offset":[2,33],"originalSize":[500,500],"capInsets":[0,0,0,0]}},{"__type__":"cc.SpriteFrame","content":{"name":"stand_3_part1_wing_5001_stand_3_part1_0008","texture":"a8behWTmZLpZbvKxUHThve","rect":[54,2,30,58],"offset":[2,30],"originalSize":[500,500],"capInsets":[0,0,0,0]}}]