[{"__type__":"cc.SpriteFrame","content":{"name":"default_progressbar","texture":"cf73jxyN9Jt47QTJU6ziYh","rect":[0,0,30,15],"offset":[0,0],"originalSize":[30,15],"capInsets":[10,4,10,4]}},{"__type__":"cc.SpriteFrame","content":{"name":"default_progressbar_bg","texture":"99FwsL0hBG8bITfZ4/IwmK","rect":[0,0,60,15],"offset":[0,0],"originalSize":[60,15],"capInsets":[10,4,10,4]}},[{"__type__":"cc.SceneAsset","_name":"LoadScene","scene":{"__id__":1},"asyncLoadAssets":null},{"__type__":"cc.Scene","_name":"New Node","_children":[{"__id__":2}],"_anchorPoint":{"__type__":"cc.Vec2"},"_trs":{"__type__":"TypedArray","ctor":"Float64Array","array":[0,0,0,0,0,0,1,1,1,1]},"autoReleaseAssets":false},{"__type__":"cc.Node","_name":"Canvas","_parent":{"__id__":1},"_children":[{"__id__":3},{"__id__":4},{"__id__":5},{"__id__":9},{"__id__":10}],"_components":[{"__type__":"cc.Canvas","node":{"__id__":2},"_designResolution":{"__type__":"cc.Size","width":1024,"height":576}},{"__type__":"cc.Widget","node":{"__id__":2},"_alignFlags":45},{"__type__":"2b0c8TD8k9Ct5x6h5n5g4ia","node":{"__id__":2},"pbNode":{"__id__":8},"infoLabel":{"__id__":11}}],"_contentSize":{"__type__":"cc.Size","width":1024,"height":576},"_trs":{"__type__":"TypedArray","ctor":"Float64Array","array":[512,288,0,0,0,0,1,1,1,1]},"_id":"a5esZu+45LA5mBpvttspPD"},{"__type__":"cc.Node","_name":"Main Camera","_parent":{"__id__":2},"_components":[{"__type__":"cc.Camera","node":{"__id__":3},"_clearFlags":7,"_depth":-1}],"_contentSize":{"__type__":"cc.Size","width":960,"height":640},"_trs":{"__type__":"TypedArray","ctor":"Float64Array","array":[0,0,255.47749411640942,0,0,0,1,1,1,1]}},{"__type__":"cc.Node","_name":"bg","_parent":{"__id__":2},"_components":[{"__type__":"cc.Sprite","node":{"__id__":4},"_materials":[{"__uuid__":"ecpdLyjvZBwrvm+cedCcQy"}],"_spriteFrame":{"__uuid__":"f5c6fsOtJPLJk9Z0k17iSv"},"_sizeMode":0}],"_contentSize":{"__type__":"cc.Size","width":1024,"height":576},"_trs":{"__type__":"TypedArray","ctor":"Float64Array","array":[0,0,0,0,0,0,1,1,1,1]}},{"__type__":"cc.Node","_name":"progress","_parent":{"__id__":2},"_children":[{"__id__":6}],"_components":[{"__type__":"cc.Sprite","node":{"__id__":5},"_materials":[{"__uuid__":"ecpdLyjvZBwrvm+cedCcQy"}],"_spriteFrame":{"__uuid__":"8855/VlrRKd6H0MSRnFxAU"},"_type":1,"_sizeMode":0},{"__id__":8},{"__type__":"8918aM/aENHU4aC7f9CoIvE","node":{"__id__":5},"autoLoad":false,"dir":"mount"}],"_contentSize":{"__type__":"cc.Size","width":300,"height":15},"_trs":{"__type__":"TypedArray","ctor":"Float64Array","array":[0,-150,0,0,0,0,1,1,1,1]}},{"__type__":"cc.Node","_name":"bar","_objFlags":512,"_parent":{"__id__":5},"_components":[{"__id__":7}],"_contentSize":{"__type__":"cc.Size","height":15},"_anchorPoint":{"__type__":"cc.Vec2","y":0.5},"_trs":{"__type__":"TypedArray","ctor":"Float64Array","array":[-150,0,0,0,0,0,1,1,1,1]}},{"__type__":"cc.Sprite","node":{"__id__":6},"_materials":[{"__uuid__":"ecpdLyjvZBwrvm+cedCcQy"}],"_spriteFrame":{"__uuid__":"675ovJ2tVK2aLYfgPUWOMv"},"_type":1,"_sizeMode":0},{"__type__":"cc.ProgressBar","node":{"__id__":5},"_N$totalLength":300,"_N$barSprite":{"__id__":7},"_N$progress":0},{"__type__":"cc.Node","_name":"logo","_parent":{"__id__":2},"_components":[{"__type__":"cc.Sprite","node":{"__id__":9},"_materials":[{"__uuid__":"ecpdLyjvZBwrvm+cedCcQy"}],"_spriteFrame":{"__uuid__":"e9OWPiIHFBnoFdt/t1JvfM"},"_sizeMode":0}],"_contentSize":{"__type__":"cc.Size","width":600,"height":180},"_trs":{"__type__":"TypedArray","ctor":"Float64Array","array":[-5.969,148.648,0,0,0,0,1,1,1,1]}},{"__type__":"cc.Node","_name":"info","_parent":{"__id__":2},"_components":[{"__id__":11}],"_contentSize":{"__type__":"cc.Size","width":400,"height":50.4},"_trs":{"__type__":"TypedArray","ctor":"Float64Array","array":[6.296,-88.146,0,0,0,0,1,1,1,1]}},{"__type__":"cc.Label","node":{"__id__":10},"_materials":[{"__uuid__":"ecpdLyjvZBwrvm+cedCcQy"}],"_useOriginalSize":false,"_string":"正在加载","_N$string":"正在加载","_N$horizontalAlign":1,"_N$verticalAlign":1,"_N$overflow":2}],{"__type__":"cc.SpriteFrame","content":{"name":"game_logo","texture":"70QJhmv5tGmqMCxURCuFDc","rect":[0,0,299,88],"offset":[-0.5,0],"originalSize":[300,88],"capInsets":[0,0,0,0]}},{"__type__":"cc.SpriteFrame","content":{"name":"game_bg05","texture":"7d37hZ/FZABac/fyy8u3wW","rect":[0,0,1024,768],"offset":[0,0],"originalSize":[1024,768],"capInsets":[0,0,0,0]}}]