[{"__type__":"cc.SpriteFrame","content":{"name":"stand_13_sh_ride_shape_4007_sh_stand_3_2","texture":"72+SKOihBDh5tCHL+fkS14","rect":[207,143,94,140],"offset":[-3,-31],"originalSize":[430,430],"capInsets":[0,0,0,0]}},{"__type__":"cc.SpriteFrame","content":{"name":"stand_13_sh_ride_shape_4007_sh_stand_3_5","texture":"72+SKOihBDh5tCHL+fkS14","rect":[207,1,96,140],"offset":[-2,-31],"originalSize":[430,430],"capInsets":[0,0,0,0]}},{"__type__":"cc.SpriteFrame","content":{"name":"stand_13_sh_ride_shape_4007_sh_stand_3_1","texture":"72+SKOihBDh5tCHL+fkS14","rect":[107,1,98,140],"offset":[-1,-31],"originalSize":[430,430],"capInsets":[0,0,0,0]}},{"__type__":"cc.SpriteFrame","content":{"name":"stand_13_sh_ride_shape_4007_sh_stand_3_4","texture":"72+SKOihBDh5tCHL+fkS14","rect":[303,143,94,140],"offset":[-5,-31],"originalSize":[430,430],"capInsets":[0,0,0,0]}},{"__type__":"cc.SpriteFrame","content":{"name":"stand_13_sh_ride_shape_4007_sh_stand_3_3","texture":"72+SKOihBDh5tCHL+fkS14","rect":[305,1,92,140],"offset":[-4,-31],"originalSize":[430,430],"capInsets":[0,0,0,0]}},{"__type__":"cc.SpriteFrame","content":{"name":"stand_13_sh_ride_shape_4007_sh_stand_3_6","texture":"72+SKOihBDh5tCHL+fkS14","rect":[105,143,100,140],"offset":[0,-31],"originalSize":[430,430],"capInsets":[0,0,0,0]}},{"__type__":"cc.SpriteAtlas","_name":"stand_3.plist","_spriteFrames":{"stand_13_sh_ride_shape_4007_sh_stand_3_1":{"__uuid__":"3f9Y8Yau1HDZgv3aIXE0/R"},"stand_13_sh_ride_shape_4007_sh_stand_3_2":{"__uuid__":"0aY5UnY4hCtJSk/2TwF+w+"},"stand_13_sh_ride_shape_4007_sh_stand_3_3":{"__uuid__":"4e3IjHsI5FKq1vXpV27t7f"},"stand_13_sh_ride_shape_4007_sh_stand_3_4":{"__uuid__":"4bxNBj+uRHgKDPMBzEwCTF"},"stand_13_sh_ride_shape_4007_sh_stand_3_5":{"__uuid__":"30u0aOzpRGQKbX4bBQtms0"},"stand_13_sh_ride_shape_4007_sh_stand_3_6":{"__uuid__":"7fEDOTdq5LNp8H3WW0XEnu"},"stand_13_sh_ride_shape_4007_sh_stand_3_7":{"__uuid__":"fc+ZcPPMBI0a3Mt2iDbSyR"},"stand_13_sh_ride_shape_4007_sh_stand_3_8":{"__uuid__":"f0GzrZNq5LHI1wTrSJc5e9"}}},{"__type__":"cc.SpriteFrame","content":{"name":"stand_13_sh_ride_shape_4007_sh_stand_3_8","texture":"72+SKOihBDh5tCHL+fkS14","rect":[1,143,102,140],"offset":[1,-31],"originalSize":[430,430],"capInsets":[0,0,0,0]}},{"__type__":"cc.SpriteFrame","content":{"name":"stand_13_sh_ride_shape_4007_sh_stand_3_7","texture":"72+SKOihBDh5tCHL+fkS14","rect":[1,1,104,140],"offset":[2,-31],"originalSize":[430,430],"capInsets":[0,0,0,0]}}]