[{"__type__":"cc.SpriteFrame","content":{"name":"run_13_sh_ride_shape_1001_sh_run_3_4","texture":"c4ZsZwxaJAB6Zz4bRcgj1o","rect":[83,161,76,158],"offset":[-3,-33],"originalSize":[500,500],"capInsets":[0,0,0,0]}},{"__type__":"cc.SpriteFrame","content":{"name":"run_13_sh_ride_shape_1001_sh_run_3_8","texture":"c4ZsZwxaJAB6Zz4bRcgj1o","rect":[161,157,72,156],"offset":[-6,-34],"originalSize":[500,500],"capInsets":[0,0,0,0]}},{"__type__":"cc.SpriteFrame","content":{"name":"run_13_sh_ride_shape_1001_sh_run_3_5","texture":"c4ZsZwxaJAB6Zz4bRcgj1o","rect":[161,1,74,154],"offset":[-5,-33],"originalSize":[500,500],"capInsets":[0,0,0,0]}},{"__type__":"cc.SpriteFrame","content":{"name":"run_13_sh_ride_shape_1001_sh_run_3_2","texture":"c4ZsZwxaJAB6Zz4bRcgj1o","rect":[1,1,80,158],"offset":[-1,-34],"originalSize":[500,500],"capInsets":[0,0,0,0]}},{"__type__":"cc.SpriteFrame","content":{"name":"run_13_sh_ride_shape_1001_sh_run_3_6","texture":"c4ZsZwxaJAB6Zz4bRcgj1o","rect":[237,1,70,154],"offset":[-8,-33],"originalSize":[500,500],"capInsets":[0,0,0,0]}},{"__type__":"cc.SpriteFrame","content":{"name":"run_13_sh_ride_shape_1001_sh_run_3_7","texture":"c4ZsZwxaJAB6Zz4bRcgj1o","rect":[235,157,64,156],"offset":[-9,-33],"originalSize":[500,500],"capInsets":[0,0,0,0]}},{"__type__":"cc.SpriteAtlas","_name":"run_3.plist","_spriteFrames":{"run_13_sh_ride_shape_1001_sh_run_3_1":{"__uuid__":"a7a4K933pIs5jIt7Q5XScz"},"run_13_sh_ride_shape_1001_sh_run_3_2":{"__uuid__":"67z1EWQgFHQZtH//Bh9oqj"},"run_13_sh_ride_shape_1001_sh_run_3_3":{"__uuid__":"deK8Mmu9dIbYwz5qFueH26"},"run_13_sh_ride_shape_1001_sh_run_3_4":{"__uuid__":"30bZ3aQsdA17G9mU5mZZVL"},"run_13_sh_ride_shape_1001_sh_run_3_5":{"__uuid__":"67NN2tLntG2YDw3L2T0g9n"},"run_13_sh_ride_shape_1001_sh_run_3_6":{"__uuid__":"78WN2e6AlNU7YLYQvaU4c9"},"run_13_sh_ride_shape_1001_sh_run_3_7":{"__uuid__":"7aadn9a5JPA7Du69ZX5vHn"},"run_13_sh_ride_shape_1001_sh_run_3_8":{"__uuid__":"434UapGolC3aiUhU0PkuK+"}}},{"__type__":"cc.SpriteFrame","content":{"name":"run_13_sh_ride_shape_1001_sh_run_3_1","texture":"c4ZsZwxaJAB6Zz4bRcgj1o","rect":[83,1,76,158],"offset":[-3,-34],"originalSize":[500,500],"capInsets":[0,0,0,0]}},{"__type__":"cc.SpriteFrame","content":{"name":"run_13_sh_ride_shape_1001_sh_run_3_3","texture":"c4ZsZwxaJAB6Zz4bRcgj1o","rect":[1,161,80,158],"offset":[-1,-33],"originalSize":[500,500],"capInsets":[0,0,0,0]}}]