[{"__type__":"cc.SpriteFrame","content":{"name":"run_3_rd1rd2_ride_ride_9431_rd1_run_3_8","texture":"c1DkM/lENOA7HV9St/6lPU","rect":[187,171,190,184],"offset":[87,-6],"originalSize":[500,500],"capInsets":[0,0,0,0]}},{"__type__":"cc.SpriteAtlas","_name":"run_3_f.plist","_spriteFrames":{"run_3_rd1rd2_ride_ride_9431_rd1_run_3_1":{"__uuid__":"cbQsrLewZDZ4EiHfzfWPjz"},"run_3_rd1rd2_ride_ride_9431_rd1_run_3_2":{"__uuid__":"4bKKcbgbNMZpYpf6HL6f8E"},"run_3_rd1rd2_ride_ride_9431_rd1_run_3_3":{"__uuid__":"fcYyEnYnhCCYTyvy40GanC"},"run_3_rd1rd2_ride_ride_9431_rd1_run_3_4":{"__uuid__":"40TqIf/QBJIYZmMgJ8+TIb"},"run_3_rd1rd2_ride_ride_9431_rd1_run_3_5":{"__uuid__":"9eltr3wOFFPrmTug6kifII"},"run_3_rd1rd2_ride_ride_9431_rd1_run_3_6":{"__uuid__":"ac5t0x9f9M4pK8S7xmLs8v"},"run_3_rd1rd2_ride_ride_9431_rd1_run_3_7":{"__uuid__":"f9+BclUwJICqoOB3ohr5mX"},"run_3_rd1rd2_ride_ride_9431_rd1_run_3_8":{"__uuid__":"25LFToRahEUrpo6C8tqb4+"}}},{"__type__":"cc.SpriteFrame","content":{"name":"run_3_rd1rd2_ride_ride_9431_rd1_run_3_4","texture":"c1DkM/lENOA7HV9St/6lPU","rect":[1,1,236,168],"offset":[73,11],"originalSize":[500,500],"capInsets":[0,0,0,0]}},{"__type__":"cc.SpriteFrame","content":{"name":"run_3_rd1rd2_ride_ride_9431_rd1_run_3_2","texture":"c1DkM/lENOA7HV9St/6lPU","rect":[1,171,184,202],"offset":[80,-9],"originalSize":[500,500],"capInsets":[0,0,0,0]}},{"__type__":"cc.SpriteFrame","content":{"name":"run_3_rd1rd2_ride_ride_9431_rd1_run_3_5","texture":"c1DkM/lENOA7HV9St/6lPU","rect":[239,1,230,148],"offset":[39,18],"originalSize":[500,500],"capInsets":[0,0,0,0]}},{"__type__":"cc.SpriteFrame","content":{"name":"run_3_rd1rd2_ride_ride_9431_rd1_run_3_6","texture":"c1DkM/lENOA7HV9St/6lPU","rect":[379,325,206,152],"offset":[57,12],"originalSize":[500,500],"capInsets":[0,0,0,0]}},{"__type__":"cc.SpriteFrame","content":{"name":"run_3_rd1rd2_ride_ride_9431_rd1_run_3_1","texture":"c1DkM/lENOA7HV9St/6lPU","rect":[1,375,176,202],"offset":[79,-14],"originalSize":[500,500],"capInsets":[0,0,0,0]}},{"__type__":"cc.SpriteFrame","content":{"name":"run_3_rd1rd2_ride_ride_9431_rd1_run_3_7","texture":"c1DkM/lENOA7HV9St/6lPU","rect":[187,357,186,172],"offset":[78,-1],"originalSize":[500,500],"capInsets":[0,0,0,0]}},{"__type__":"cc.SpriteFrame","content":{"name":"run_3_rd1rd2_ride_ride_9431_rd1_run_3_3","texture":"c1DkM/lENOA7HV9St/6lPU","rect":[379,151,198,172],"offset":[86,8],"originalSize":[500,500],"capInsets":[0,0,0,0]}}]