[{"__type__":"cc.SpriteFrame","content":{"name":"stand_7_part2_wing_5011_stand_7_part2_0005","texture":"cdnueUPsRE9qwyImd6uXPR","rect":[88,166,82,82],"offset":[-47,23],"originalSize":[500,500],"capInsets":[0,0,0,0]}},{"__type__":"cc.SpriteFrame","content":{"name":"stand_7_part2_wing_5011_stand_7_part2_0003","texture":"cdnueUPsRE9qwyImd6uXPR","rect":[2,2,80,86],"offset":[-46,27],"originalSize":[500,500],"rotated":1,"capInsets":[0,0,0,0]}},{"__type__":"cc.SpriteFrame","content":{"name":"stand_7_part2_wing_5011_stand_7_part2_0004","texture":"cdnueUPsRE9qwyImd6uXPR","rect":[2,84,80,84],"offset":[-46,25],"originalSize":[500,500],"rotated":1,"capInsets":[0,0,0,0]}},{"__type__":"cc.SpriteFrame","content":{"name":"stand_7_part2_wing_5011_stand_7_part2_0006","texture":"cdnueUPsRE9qwyImd6uXPR","rect":[172,174,82,80],"offset":[-47,22],"originalSize":[500,500],"capInsets":[0,0,0,0]}},{"__type__":"cc.SpriteFrame","content":{"name":"stand_7_part2_wing_5011_stand_7_part2_0008","texture":"cdnueUPsRE9qwyImd6uXPR","rect":[176,88,84,78],"offset":[-47,22],"originalSize":[500,500],"rotated":1,"capInsets":[0,0,0,0]}},{"__type__":"cc.SpriteFrame","content":{"name":"stand_7_part2_wing_5011_stand_7_part2_0007","texture":"cdnueUPsRE9qwyImd6uXPR","rect":[2,248,82,78],"offset":[-47,21],"originalSize":[500,500],"capInsets":[0,0,0,0]}},{"__type__":"cc.SpriteFrame","content":{"name":"stand_7_part2_wing_5011_stand_7_part2_0002","texture":"cdnueUPsRE9qwyImd6uXPR","rect":[90,2,78,86],"offset":[-45,27],"originalSize":[500,500],"rotated":1,"capInsets":[0,0,0,0]}},{"__type__":"cc.SpriteAtlas","_name":"stand_7_part2.plist","_spriteFrames":{"stand_7_part2_wing_5011_stand_7_part2_0001":{"__uuid__":"b6sMv+DhJJwq7yls6p+sI0"},"stand_7_part2_wing_5011_stand_7_part2_0002":{"__uuid__":"82jyZoHKFIN7PBlldwBbsy"},"stand_7_part2_wing_5011_stand_7_part2_0003":{"__uuid__":"236Zpf61FHxYdpBUPwL+hq"},"stand_7_part2_wing_5011_stand_7_part2_0004":{"__uuid__":"62YpGQ3fFE8KrWYOwPREff"},"stand_7_part2_wing_5011_stand_7_part2_0005":{"__uuid__":"12baZM3BBImqmgRSsBHvaP"},"stand_7_part2_wing_5011_stand_7_part2_0006":{"__uuid__":"68CZJARPpPoJoWQ8R1AZd8"},"stand_7_part2_wing_5011_stand_7_part2_0007":{"__uuid__":"81PGzrO3pEGKLbdo7Zakcg"},"stand_7_part2_wing_5011_stand_7_part2_0008":{"__uuid__":"6dtYA6knlIBZisrRbthhzf"},"stand_7_part2_wing_5011_stand_7_part2_0009":{"__uuid__":"caEkDy0S1KmKAZjRGePITE"},"stand_7_part2_wing_5011_stand_7_part2_0010":{"__uuid__":"b0SXz3Yt9ARqIKveSUpAGM"},"stand_7_part2_wing_5011_stand_7_part2_0011":{"__uuid__":"abMq08B01FKrhDqFHGvLN+"},"stand_7_part2_wing_5011_stand_7_part2_0012":{"__uuid__":"b4OV3v+9tD/qU6gh1Bk+JA"}}},{"__type__":"cc.SpriteFrame","content":{"name":"stand_7_part2_wing_5011_stand_7_part2_0011","texture":"cdnueUPsRE9qwyImd6uXPR","rect":[86,250,78,82],"offset":[-44,24],"originalSize":[500,500],"rotated":1,"capInsets":[0,0,0,0]}},{"__type__":"cc.SpriteFrame","content":{"name":"stand_7_part2_wing_5011_stand_7_part2_0010","texture":"cdnueUPsRE9qwyImd6uXPR","rect":[2,328,78,80],"offset":[-44,23],"originalSize":[500,500],"rotated":1,"capInsets":[0,0,0,0]}},{"__type__":"cc.SpriteFrame","content":{"name":"stand_7_part2_wing_5011_stand_7_part2_0012","texture":"cdnueUPsRE9qwyImd6uXPR","rect":[2,166,80,84],"offset":[-45,23],"originalSize":[500,500],"rotated":1,"capInsets":[0,0,0,0]}},{"__type__":"cc.SpriteFrame","content":{"name":"stand_7_part2_wing_5011_stand_7_part2_0001","texture":"cdnueUPsRE9qwyImd6uXPR","rect":[90,82,84,82],"offset":[-47,26],"originalSize":[500,500],"capInsets":[0,0,0,0]}},{"__type__":"cc.SpriteFrame","content":{"name":"stand_7_part2_wing_5011_stand_7_part2_0009","texture":"cdnueUPsRE9qwyImd6uXPR","rect":[178,2,84,76],"offset":[-47,22],"originalSize":[500,500],"rotated":1,"capInsets":[0,0,0,0]}}]