[{"__type__":"cc.SpriteFrame","content":{"name":"stand_13_sh_ride_shape_1032_sh_stand_3_0004","texture":"a97LWugetB5bdJSfouEglC","rect":[197,1,94,106],"offset":[0,45],"originalSize":[490,490],"capInsets":[0,0,0,0]}},{"__type__":"cc.SpriteFrame","content":{"name":"stand_13_sh_ride_shape_1032_sh_stand_3_0007","texture":"a97LWugetB5bdJSfouEglC","rect":[101,219,94,104],"offset":[2,45],"originalSize":[490,490],"capInsets":[0,0,0,0]}},{"__type__":"cc.SpriteFrame","content":{"name":"stand_13_sh_ride_shape_1032_sh_stand_3_0002","texture":"a97LWugetB5bdJSfouEglC","rect":[1,1,98,108],"offset":[0,44],"originalSize":[490,490],"capInsets":[0,0,0,0]}},{"__type__":"cc.SpriteFrame","content":{"name":"stand_13_sh_ride_shape_1032_sh_stand_3_0003","texture":"a97LWugetB5bdJSfouEglC","rect":[1,111,98,108],"offset":[1,45],"originalSize":[490,490],"capInsets":[0,0,0,0]}},{"__type__":"cc.SpriteFrame","content":{"name":"stand_13_sh_ride_shape_1032_sh_stand_3_0006","texture":"a97LWugetB5bdJSfouEglC","rect":[197,109,94,106],"offset":[1,46],"originalSize":[490,490],"capInsets":[0,0,0,0]}},{"__type__":"cc.SpriteFrame","content":{"name":"stand_13_sh_ride_shape_1032_sh_stand_3_0005","texture":"a97LWugetB5bdJSfouEglC","rect":[197,217,92,106],"offset":[1,45],"originalSize":[490,490],"capInsets":[0,0,0,0]}},{"__type__":"cc.SpriteAtlas","_name":"stand_3.plist","_spriteFrames":{"stand_13_sh_ride_shape_1032_sh_stand_3_0001":{"__uuid__":"eacmCBPjVPF5h3g2FBxfUN"},"stand_13_sh_ride_shape_1032_sh_stand_3_0002":{"__uuid__":"453jiThZ5A+a9U/7tuOzXT"},"stand_13_sh_ride_shape_1032_sh_stand_3_0003":{"__uuid__":"9bgYg1oTxLhreFI6IiZ+h0"},"stand_13_sh_ride_shape_1032_sh_stand_3_0004":{"__uuid__":"18K/+mOhdA4ah4UHwHdjUo"},"stand_13_sh_ride_shape_1032_sh_stand_3_0005":{"__uuid__":"c2rhmKd5hOr69iC0xEQN3b"},"stand_13_sh_ride_shape_1032_sh_stand_3_0006":{"__uuid__":"a8Ui/mtFRGdqy58F6tgZa7"},"stand_13_sh_ride_shape_1032_sh_stand_3_0007":{"__uuid__":"3dRdBfE4pKR6gtXouQXnpC"},"stand_13_sh_ride_shape_1032_sh_stand_3_0008":{"__uuid__":"d5Fuq8lztA1YOTk3Lf85Uh"}}},{"__type__":"cc.SpriteFrame","content":{"name":"stand_13_sh_ride_shape_1032_sh_stand_3_0008","texture":"a97LWugetB5bdJSfouEglC","rect":[101,111,94,106],"offset":[0,45],"originalSize":[490,490],"capInsets":[0,0,0,0]}},{"__type__":"cc.SpriteFrame","content":{"name":"stand_13_sh_ride_shape_1032_sh_stand_3_0001","texture":"a97LWugetB5bdJSfouEglC","rect":[101,1,94,108],"offset":[-1,44],"originalSize":[490,490],"capInsets":[0,0,0,0]}}]