[{"__type__":"cc.SpriteAtlas","_name":"stand_3_f.plist","_spriteFrames":{"ride_ride_9131_rd1_stand_3_1":{"__uuid__":"ff6FZskdFByqj4jO4G0Lmq"},"ride_ride_9131_rd1_stand_3_2":{"__uuid__":"e54tN9ZRRJV4gjcClNe9ha"},"ride_ride_9131_rd1_stand_3_3":{"__uuid__":"d03OBlSg9PObwYM+a9UVKF"},"ride_ride_9131_rd1_stand_3_4":{"__uuid__":"37qcNnQKBKQ5j49JSp4Xzn"},"ride_ride_9131_rd1_stand_3_5":{"__uuid__":"e2ZIwW6VhEmLxFyN0dV6wY"},"ride_ride_9131_rd1_stand_3_6":{"__uuid__":"a5DF9EeFpKDqH2LIOYo10X"},"ride_ride_9131_rd1_stand_3_7":{"__uuid__":"bf7E9yTKtO9aI+tkJTzHPi"},"ride_ride_9131_rd1_stand_3_8":{"__uuid__":"19EjCAuypMQbVJDuaTqbDa"}}},{"__type__":"cc.SpriteFrame","content":{"name":"ride_ride_9131_rd1_stand_3_8","texture":"f42tjocVZAtoeRIfaKmMcU","rect":[161,337,160,166],"offset":[29,-5],"originalSize":[500,500],"capInsets":[0,0,0,0]}},{"__type__":"cc.SpriteFrame","content":{"name":"ride_ride_9131_rd1_stand_3_4","texture":"f42tjocVZAtoeRIfaKmMcU","rect":[159,169,160,166],"offset":[29,-5],"originalSize":[500,500],"capInsets":[0,0,0,0]}},{"__type__":"cc.SpriteFrame","content":{"name":"ride_ride_9131_rd1_stand_3_6","texture":"f42tjocVZAtoeRIfaKmMcU","rect":[321,169,158,166],"offset":[28,-5],"originalSize":[500,500],"capInsets":[0,0,0,0]}},{"__type__":"cc.SpriteFrame","content":{"name":"ride_ride_9131_rd1_stand_3_7","texture":"f42tjocVZAtoeRIfaKmMcU","rect":[1,337,158,166],"offset":[28,-5],"originalSize":[500,500],"capInsets":[0,0,0,0]}},{"__type__":"cc.SpriteFrame","content":{"name":"ride_ride_9131_rd1_stand_3_3","texture":"f42tjocVZAtoeRIfaKmMcU","rect":[317,1,160,166],"offset":[29,-5],"originalSize":[500,500],"capInsets":[0,0,0,0]}},{"__type__":"cc.SpriteFrame","content":{"name":"ride_ride_9131_rd1_stand_3_5","texture":"f42tjocVZAtoeRIfaKmMcU","rect":[1,167,156,166],"offset":[28,-5],"originalSize":[500,500],"capInsets":[0,0,0,0]}},{"__type__":"cc.SpriteFrame","content":{"name":"ride_ride_9131_rd1_stand_3_2","texture":"f42tjocVZAtoeRIfaKmMcU","rect":[159,1,156,166],"offset":[26,-5],"originalSize":[500,500],"capInsets":[0,0,0,0]}},{"__type__":"cc.SpriteFrame","content":{"name":"ride_ride_9131_rd1_stand_3_1","texture":"f42tjocVZAtoeRIfaKmMcU","rect":[1,1,156,164],"offset":[27,-6],"originalSize":[500,500],"capInsets":[0,0,0,0]}}]