[{"__type__":"cc.SpriteFrame","content":{"name":"stand_13_sh_ride_shape_1012_sh_stand_3_3","texture":"86zuDbBSFOELy5QLVqrxdX","rect":[67,1,66,102],"offset":[0,-12],"originalSize":[500,500],"capInsets":[0,0,0,0]}},{"__type__":"cc.SpriteFrame","content":{"name":"stand_13_sh_ride_shape_1012_sh_stand_3_8","texture":"86zuDbBSFOELy5QLVqrxdX","rect":[135,1,64,102],"offset":[1,-12],"originalSize":[500,500],"capInsets":[0,0,0,0]}},{"__type__":"cc.SpriteFrame","content":{"name":"stand_13_sh_ride_shape_1012_sh_stand_3_2","texture":"86zuDbBSFOELy5QLVqrxdX","rect":[1,107,66,102],"offset":[0,-11],"originalSize":[500,500],"capInsets":[0,0,0,0]}},{"__type__":"cc.SpriteFrame","content":{"name":"stand_13_sh_ride_shape_1012_sh_stand_3_5","texture":"86zuDbBSFOELy5QLVqrxdX","rect":[201,1,62,102],"offset":[1,-12],"originalSize":[500,500],"capInsets":[0,0,0,0]}},{"__type__":"cc.SpriteAtlas","_name":"stand_3.plist","_spriteFrames":{"stand_13_sh_ride_shape_1012_sh_stand_3_1":{"__uuid__":"9cLnYAHstOW5+wUONDZjKw"},"stand_13_sh_ride_shape_1012_sh_stand_3_2":{"__uuid__":"46UZbyQFxA+KPnVFE0FgBM"},"stand_13_sh_ride_shape_1012_sh_stand_3_3":{"__uuid__":"05tFWkBLlNq4jcsh5WTf/+"},"stand_13_sh_ride_shape_1012_sh_stand_3_4":{"__uuid__":"e1HyakJqVLG4e+LabTNuGQ"},"stand_13_sh_ride_shape_1012_sh_stand_3_5":{"__uuid__":"48Wn/OK7dNYbMumjkYjaF/"},"stand_13_sh_ride_shape_1012_sh_stand_3_6":{"__uuid__":"9bATYZ2OFOVJBmOH+WKvqc"},"stand_13_sh_ride_shape_1012_sh_stand_3_7":{"__uuid__":"f1xhOWab9F479fMUaKVnab"},"stand_13_sh_ride_shape_1012_sh_stand_3_8":{"__uuid__":"2eV6XVB4BMUJNe3e7eBXiC"}}},{"__type__":"cc.SpriteFrame","content":{"name":"stand_13_sh_ride_shape_1012_sh_stand_3_6","texture":"86zuDbBSFOELy5QLVqrxdX","rect":[135,105,62,102],"offset":[1,-12],"originalSize":[500,500],"capInsets":[0,0,0,0]}},{"__type__":"cc.SpriteFrame","content":{"name":"stand_13_sh_ride_shape_1012_sh_stand_3_1","texture":"86zuDbBSFOELy5QLVqrxdX","rect":[69,105,64,102],"offset":[1,-11],"originalSize":[500,500],"capInsets":[0,0,0,0]}},{"__type__":"cc.SpriteFrame","content":{"name":"stand_13_sh_ride_shape_1012_sh_stand_3_4","texture":"86zuDbBSFOELy5QLVqrxdX","rect":[1,1,64,104],"offset":[0,-13],"originalSize":[500,500],"capInsets":[0,0,0,0]}},{"__type__":"cc.SpriteFrame","content":{"name":"stand_13_sh_ride_shape_1012_sh_stand_3_7","texture":"86zuDbBSFOELy5QLVqrxdX","rect":[199,105,62,102],"offset":[1,-12],"originalSize":[500,500],"capInsets":[0,0,0,0]}}]