[{"__type__":"cc.SpriteFrame","content":{"name":"stand_1_rd2_ride_ride_9441_rd2_stand_1_1","texture":"7di4uQcPlIla13nTN/STdE","rect":[1,1,354,324],"offset":[-85,74],"originalSize":[672,672],"capInsets":[0,0,0,0]}},{"__type__":"cc.SpriteFrame","content":{"name":"stand_1_rd2_ride_ride_9441_rd2_stand_1_6","texture":"7di4uQcPlIla13nTN/STdE","rect":[1,327,330,336],"offset":[-75,80],"originalSize":[672,672],"capInsets":[0,0,0,0]}},{"__type__":"cc.SpriteFrame","content":{"name":"stand_1_rd2_ride_ride_9441_rd2_stand_1_2","texture":"7di4uQcPlIla13nTN/STdE","rect":[357,1,352,324],"offset":[-84,74],"originalSize":[672,672],"capInsets":[0,0,0,0]}},{"__type__":"cc.SpriteFrame","content":{"name":"stand_1_rd2_ride_ride_9441_rd2_stand_1_7","texture":"7di4uQcPlIla13nTN/STdE","rect":[327,665,338,328],"offset":[-78,76],"originalSize":[672,672],"capInsets":[0,0,0,0]}},{"__type__":"cc.SpriteFrame","content":{"name":"stand_1_rd2_ride_ride_9441_rd2_stand_1_5","texture":"7di4uQcPlIla13nTN/STdE","rect":[1,665,324,332],"offset":[-72,78],"originalSize":[672,672],"capInsets":[0,0,0,0]}},{"__type__":"cc.SpriteFrame","content":{"name":"stand_1_rd2_ride_ride_9441_rd2_stand_1_3","texture":"7di4uQcPlIla13nTN/STdE","rect":[667,655,342,324],"offset":[-79,74],"originalSize":[672,672],"capInsets":[0,0,0,0]}},{"__type__":"cc.SpriteFrame","content":{"name":"stand_1_rd2_ride_ride_9441_rd2_stand_1_4","texture":"7di4uQcPlIla13nTN/STdE","rect":[333,327,330,328],"offset":[-73,76],"originalSize":[672,672],"capInsets":[0,0,0,0]}},{"__type__":"cc.SpriteAtlas","_name":"stand_1_b.plist","_spriteFrames":{"stand_1_rd2_ride_ride_9441_rd2_stand_1_1":{"__uuid__":"28T6p/LwdAtYZAa+cQmUjB"},"stand_1_rd2_ride_ride_9441_rd2_stand_1_2":{"__uuid__":"4bw9+fw29EP5WMfNL/gpvl"},"stand_1_rd2_ride_ride_9441_rd2_stand_1_3":{"__uuid__":"99KP1SIjJL37M0D/prLMJW"},"stand_1_rd2_ride_ride_9441_rd2_stand_1_4":{"__uuid__":"ba6+YVlBdDlbndLdO95g4V"},"stand_1_rd2_ride_ride_9441_rd2_stand_1_5":{"__uuid__":"85XvYmEoVPyK/THlBDk9yT"},"stand_1_rd2_ride_ride_9441_rd2_stand_1_6":{"__uuid__":"388tYDkgZJGbSKY/BNBvtQ"},"stand_1_rd2_ride_ride_9441_rd2_stand_1_7":{"__uuid__":"4fHgbi3rtLn7Kvj8IiBnxj"},"stand_1_rd2_ride_ride_9441_rd2_stand_1_8":{"__uuid__":"ffM7k16B5Ow678h6OCqkC5"}}},{"__type__":"cc.SpriteFrame","content":{"name":"stand_1_rd2_ride_ride_9441_rd2_stand_1_8","texture":"7di4uQcPlIla13nTN/STdE","rect":[665,327,344,326],"offset":[-80,75],"originalSize":[672,672],"capInsets":[0,0,0,0]}}]