[{"__type__":"cc.SpriteFrame","content":{"name":"stand_57_part_wing_5004_stand_5_part2_0009","texture":"b6HYc8WChJsqgubCO3JOE1","rect":[180,160,74,64],"offset":[38,76],"originalSize":[460,460],"capInsets":[0,0,0,0]}},{"__type__":"cc.SpriteFrame","content":{"name":"stand_57_part_wing_5004_stand_5_part1_0011","texture":"b6HYc8WChJsqgubCO3JOE1","rect":[76,500,70,68],"offset":[-47,76],"originalSize":[460,460],"capInsets":[0,0,0,0]}},{"__type__":"cc.SpriteFrame","content":{"name":"stand_57_part_wing_5004_stand_7_part2_0008","texture":"b6HYc8WChJsqgubCO3JOE1","rect":[2,902,66,54],"offset":[-44,38],"originalSize":[460,460],"capInsets":[0,0,0,0]}},{"__type__":"cc.SpriteFrame","content":{"name":"stand_57_part_wing_5004_stand_5_part1_0009","texture":"b6HYc8WChJsqgubCO3JOE1","rect":[148,548,68,70],"offset":[-45,77],"originalSize":[460,460],"rotated":1,"capInsets":[0,0,0,0]}},{"__type__":"cc.SpriteFrame","content":{"name":"stand_57_part_wing_5004_stand_7_part2_0006","texture":"b6HYc8WChJsqgubCO3JOE1","rect":[190,2,90,64],"offset":[-57,42],"originalSize":[460,460],"rotated":1,"capInsets":[0,0,0,0]}},{"__type__":"cc.SpriteFrame","content":{"name":"stand_57_part_wing_5004_stand_5_part2_0012","texture":"b6HYc8WChJsqgubCO3JOE1","rect":[2,578,70,62],"offset":[38,75],"originalSize":[460,460],"capInsets":[0,0,0,0]}},{"__type__":"cc.SpriteFrame","content":{"name":"stand_57_part_wing_5004_stand_7_part1_0004","texture":"b6HYc8WChJsqgubCO3JOE1","rect":[2,198,82,62],"offset":[44,38],"originalSize":[460,460],"capInsets":[0,0,0,0]}},{"__type__":"cc.SpriteFrame","content":{"name":"stand_57_part_wing_5004_stand_5_part1_0008","texture":"b6HYc8WChJsqgubCO3JOE1","rect":[2,508,68,70],"offset":[-45,77],"originalSize":[460,460],"rotated":1,"capInsets":[0,0,0,0]}},{"__type__":"cc.SpriteFrame","content":{"name":"stand_57_part_wing_5004_stand_7_part2_0007","texture":"b6HYc8WChJsqgubCO3JOE1","rect":[194,936,64,56],"offset":[-44,38],"originalSize":[460,460],"rotated":1,"capInsets":[0,0,0,0]}},{"__type__":"cc.SpriteFrame","content":{"name":"stand_57_part_wing_5004_stand_5_part1_0012","texture":"b6HYc8WChJsqgubCO3JOE1","rect":[182,94,72,64],"offset":[-48,77],"originalSize":[460,460],"capInsets":[0,0,0,0]}},{"__type__":"cc.SpriteFrame","content":{"name":"stand_57_part_wing_5004_stand_7_part2_0005","texture":"b6HYc8WChJsqgubCO3JOE1","rect":[92,132,86,62],"offset":[-54,41],"originalSize":[460,460],"capInsets":[0,0,0,0]}},{"__type__":"cc.SpriteFrame","content":{"name":"stand_57_part_wing_5004_stand_7_part2_0001","texture":"b6HYc8WChJsqgubCO3JOE1","rect":[134,940,64,58],"offset":[-43,40],"originalSize":[460,460],"rotated":1,"capInsets":[0,0,0,0]}},{"__type__":"cc.SpriteFrame","content":{"name":"stand_57_part_wing_5004_stand_5_part1_0007","texture":"b6HYc8WChJsqgubCO3JOE1","rect":[146,740,66,68],"offset":[-44,77],"originalSize":[460,460],"rotated":1,"capInsets":[0,0,0,0]}},{"__type__":"cc.SpriteAtlas","_name":"stand_57_part.plist","_spriteFrames":{"stand_57_part_wing_5004_stand_5_part1_0001":{"__uuid__":"c8nJUJm+tDdonszU51/dQb"},"stand_57_part_wing_5004_stand_5_part1_0002":{"__uuid__":"8exX+JqyhPhoXlkUfoUPBn"},"stand_57_part_wing_5004_stand_5_part1_0003":{"__uuid__":"93mMqpNxhJK5xLrQw5hjFB"},"stand_57_part_wing_5004_stand_5_part1_0004":{"__uuid__":"86wfMNcFVCkrFS8vCKDwAh"},"stand_57_part_wing_5004_stand_5_part1_0005":{"__uuid__":"cbwWN6691Fdb/tvVdSOim8"},"stand_57_part_wing_5004_stand_5_part1_0006":{"__uuid__":"78JYxnTA1CP4AO8vlfuF3/"},"stand_57_part_wing_5004_stand_5_part1_0007":{"__uuid__":"51q6prLtdIoYadkkmb++nE"},"stand_57_part_wing_5004_stand_5_part1_0008":{"__uuid__":"36O5wLAL5M1YUSZfE+ggl/"},"stand_57_part_wing_5004_stand_5_part1_0009":{"__uuid__":"20ITXB9DxF6Z1TMpNgqTQP"},"stand_57_part_wing_5004_stand_5_part1_0010":{"__uuid__":"baCq//xB9CzJciX6k15K6C"},"stand_57_part_wing_5004_stand_5_part1_0011":{"__uuid__":"14sTvTogZGvLhPq5IEcokD"},"stand_57_part_wing_5004_stand_5_part1_0012":{"__uuid__":"3b71buDcxE54LI84Gm4uxx"},"stand_57_part_wing_5004_stand_5_part2_0001":{"__uuid__":"78/6YlOl1PVoSrs79leN6g"},"stand_57_part_wing_5004_stand_5_part2_0002":{"__uuid__":"e796eqOoVCt6nugFu6Ai4C"},"stand_57_part_wing_5004_stand_5_part2_0003":{"__uuid__":"58RF52GEdPXJPUPaneNXHR"},"stand_57_part_wing_5004_stand_5_part2_0004":{"__uuid__":"965WtHrgZOLpnqevCi1QDd"},"stand_57_part_wing_5004_stand_5_part2_0005":{"__uuid__":"9fbXplFjxPo5UxLrReVXvs"},"stand_57_part_wing_5004_stand_5_part2_0006":{"__uuid__":"ecn+hnpdBPvKHivo/nbcv5"},"stand_57_part_wing_5004_stand_5_part2_0007":{"__uuid__":"e9HvAo+8RNl6XGN0NVcx9f"},"stand_57_part_wing_5004_stand_5_part2_0008":{"__uuid__":"a70CJY8rNPXoIipe6rUZ4F"},"stand_57_part_wing_5004_stand_5_part2_0009":{"__uuid__":"07vzw5ostOgIuxDypjLckS"},"stand_57_part_wing_5004_stand_5_part2_0010":{"__uuid__":"7c6D1pV99Fqrygu+0GHX+M"},"stand_57_part_wing_5004_stand_5_part2_0011":{"__uuid__":"5eJWkUdH1IVpkny7kLh5/N"},"stand_57_part_wing_5004_stand_5_part2_0012":{"__uuid__":"2dYgJgNxpOULd3kN/u2pNd"},"stand_57_part_wing_5004_stand_7_part1_0001":{"__uuid__":"b628GwVqxLTbV67R7vg/VI"},"stand_57_part_wing_5004_stand_7_part1_0002":{"__uuid__":"b2mXGqIUlI8YTXgVa/0Kid"},"stand_57_part_wing_5004_stand_7_part1_0003":{"__uuid__":"8dEHh1eK1GqraunYCUild6"},"stand_57_part_wing_5004_stand_7_part1_0004":{"__uuid__":"31D6VimvVPmqrFFtbTa3Bg"},"stand_57_part_wing_5004_stand_7_part1_0005":{"__uuid__":"66hqmzDFZHD5uvsimvcJ5b"},"stand_57_part_wing_5004_stand_7_part1_0006":{"__uuid__":"77YztVAVlC4aurLuFAKol2"},"stand_57_part_wing_5004_stand_7_part1_0007":{"__uuid__":"6bKjWdd1VMFK5M+LxxOgt8"},"stand_57_part_wing_5004_stand_7_part1_0008":{"__uuid__":"e7Dn/nGkxOZ7UavPq7oG7f"},"stand_57_part_wing_5004_stand_7_part1_0009":{"__uuid__":"ddN6cmbPFHZLMu3RTRjrAo"},"stand_57_part_wing_5004_stand_7_part1_0010":{"__uuid__":"d9M9nEJJdFU6sv7PmTV2Zi"},"stand_57_part_wing_5004_stand_7_part1_0011":{"__uuid__":"6fm+zzuw9NELgWY0EnSSLb"},"stand_57_part_wing_5004_stand_7_part1_0012":{"__uuid__":"67oN2tpDVPW6bfJulG1ws8"},"stand_57_part_wing_5004_stand_7_part2_0001":{"__uuid__":"4bSIbUe/lDrqt1lEsfo6/W"},"stand_57_part_wing_5004_stand_7_part2_0002":{"__uuid__":"eaHtwLV3pDzKSC7y/0tNjb"},"stand_57_part_wing_5004_stand_7_part2_0003":{"__uuid__":"aaq44L1o9Lg6Y9fQ+jyhdG"},"stand_57_part_wing_5004_stand_7_part2_0004":{"__uuid__":"bclrdXo8xORIGKWDIAJPPe"},"stand_57_part_wing_5004_stand_7_part2_0005":{"__uuid__":"47IF9FaYdJuY737DWL3h9O"},"stand_57_part_wing_5004_stand_7_part2_0006":{"__uuid__":"2cIt/2wbVMFpmvtXnBRl+9"},"stand_57_part_wing_5004_stand_7_part2_0007":{"__uuid__":"3adof7deNCi5XIXcmHvF+L"},"stand_57_part_wing_5004_stand_7_part2_0008":{"__uuid__":"1bbDkNt7dPIquuA3hkOOuI"},"stand_57_part_wing_5004_stand_7_part2_0009":{"__uuid__":"6bkHIBAQlLY7fcyQkkdMjl"},"stand_57_part_wing_5004_stand_7_part2_0010":{"__uuid__":"e1nvkUNJxElLomlWGPoHZT"},"stand_57_part_wing_5004_stand_7_part2_0011":{"__uuid__":"b9i8AW5D1PfJ6tCLOWVJrR"},"stand_57_part_wing_5004_stand_7_part2_0012":{"__uuid__":"804nsnlolB2Iq5by327JzG"}}},{"__type__":"cc.SpriteFrame","content":{"name":"stand_57_part_wing_5004_stand_5_part2_0003","texture":"b6HYc8WChJsqgubCO3JOE1","rect":[86,258,80,60],"offset":[42,76],"originalSize":[460,460],"capInsets":[0,0,0,0]}},{"__type__":"cc.SpriteFrame","content":{"name":"stand_57_part_wing_5004_stand_5_part2_0011","texture":"b6HYc8WChJsqgubCO3JOE1","rect":[146,618,70,60],"offset":[37,75],"originalSize":[460,460],"capInsets":[0,0,0,0]}},{"__type__":"cc.SpriteFrame","content":{"name":"stand_57_part_wing_5004_stand_7_part1_0005","texture":"b6HYc8WChJsqgubCO3JOE1","rect":[2,68,88,64],"offset":[46,37],"originalSize":[460,460],"capInsets":[0,0,0,0]}},{"__type__":"cc.SpriteFrame","content":{"name":"stand_57_part_wing_5004_stand_7_part1_0012","texture":"b6HYc8WChJsqgubCO3JOE1","rect":[84,320,78,58],"offset":[41,40],"originalSize":[460,460],"capInsets":[0,0,0,0]}},{"__type__":"cc.SpriteFrame","content":{"name":"stand_57_part_wing_5004_stand_7_part1_0007","texture":"b6HYc8WChJsqgubCO3JOE1","rect":[68,958,64,64],"offset":[34,34],"originalSize":[460,460],"capInsets":[0,0,0,0]}},{"__type__":"cc.SpriteFrame","content":{"name":"stand_57_part_wing_5004_stand_7_part2_0009","texture":"b6HYc8WChJsqgubCO3JOE1","rect":[72,822,68,58],"offset":[-46,38],"originalSize":[460,460],"capInsets":[0,0,0,0]}},{"__type__":"cc.SpriteFrame","content":{"name":"stand_57_part_wing_5004_stand_7_part1_0011","texture":"b6HYc8WChJsqgubCO3JOE1","rect":[158,418,74,58],"offset":[39,40],"originalSize":[460,460],"capInsets":[0,0,0,0]}},{"__type__":"cc.SpriteFrame","content":{"name":"stand_57_part_wing_5004_stand_7_part1_0006","texture":"b6HYc8WChJsqgubCO3JOE1","rect":[2,2,94,64],"offset":[48,36],"originalSize":[460,460],"capInsets":[0,0,0,0]}},{"__type__":"cc.SpriteFrame","content":{"name":"stand_57_part_wing_5004_stand_5_part1_0006","texture":"b6HYc8WChJsqgubCO3JOE1","rect":[2,702,66,68],"offset":[-44,77],"originalSize":[460,460],"rotated":1,"capInsets":[0,0,0,0]}},{"__type__":"cc.SpriteFrame","content":{"name":"stand_57_part_wing_5004_stand_5_part2_0001","texture":"b6HYc8WChJsqgubCO3JOE1","rect":[2,642,70,58],"offset":[37,74],"originalSize":[460,460],"capInsets":[0,0,0,0]}},{"__type__":"cc.SpriteFrame","content":{"name":"stand_57_part_wing_5004_stand_5_part2_0010","texture":"b6HYc8WChJsqgubCO3JOE1","rect":[2,770,68,64],"offset":[38,76],"originalSize":[460,460],"capInsets":[0,0,0,0]}},{"__type__":"cc.SpriteFrame","content":{"name":"stand_57_part_wing_5004_stand_7_part2_0012","texture":"b6HYc8WChJsqgubCO3JOE1","rect":[74,696,70,58],"offset":[-47,41],"originalSize":[460,460],"capInsets":[0,0,0,0]}},{"__type__":"cc.SpriteFrame","content":{"name":"stand_57_part_wing_5004_stand_5_part1_0004","texture":"b6HYc8WChJsqgubCO3JOE1","rect":[2,386,74,62],"offset":[-49,75],"originalSize":[460,460],"capInsets":[0,0,0,0]}},{"__type__":"cc.SpriteFrame","content":{"name":"stand_57_part_wing_5004_stand_7_part1_0003","texture":"b6HYc8WChJsqgubCO3JOE1","rect":[168,294,78,60],"offset":[41,38],"originalSize":[460,460],"capInsets":[0,0,0,0]}},{"__type__":"cc.SpriteFrame","content":{"name":"stand_57_part_wing_5004_stand_5_part1_0002","texture":"b6HYc8WChJsqgubCO3JOE1","rect":[142,874,66,60],"offset":[-45,75],"originalSize":[460,460],"capInsets":[0,0,0,0]}},{"__type__":"cc.SpriteFrame","content":{"name":"stand_57_part_wing_5004_stand_5_part1_0003","texture":"b6HYc8WChJsqgubCO3JOE1","rect":[74,570,70,62],"offset":[-46,76],"originalSize":[460,460],"capInsets":[0,0,0,0]}},{"__type__":"cc.SpriteFrame","content":{"name":"stand_57_part_wing_5004_stand_5_part2_0004","texture":"b6HYc8WChJsqgubCO3JOE1","rect":[2,134,84,62],"offset":[45,76],"originalSize":[460,460],"capInsets":[0,0,0,0]}},{"__type__":"cc.SpriteFrame","content":{"name":"stand_57_part_wing_5004_stand_5_part2_0005","texture":"b6HYc8WChJsqgubCO3JOE1","rect":[98,2,90,64],"offset":[47,77],"originalSize":[460,460],"capInsets":[0,0,0,0]}},{"__type__":"cc.SpriteFrame","content":{"name":"stand_57_part_wing_5004_stand_5_part2_0008","texture":"b6HYc8WChJsqgubCO3JOE1","rect":[72,756,68,64],"offset":[36,77],"originalSize":[460,460],"capInsets":[0,0,0,0]}},{"__type__":"cc.SpriteFrame","content":{"name":"stand_57_part_wing_5004_stand_7_part2_0003","texture":"b6HYc8WChJsqgubCO3JOE1","rect":[164,356,76,60],"offset":[-49,41],"originalSize":[460,460],"capInsets":[0,0,0,0]}},{"__type__":"cc.SpriteFrame","content":{"name":"stand_57_part_wing_5004_stand_7_part1_0002","texture":"b6HYc8WChJsqgubCO3JOE1","rect":[92,68,88,62],"offset":[46,38],"originalSize":[460,460],"capInsets":[0,0,0,0]}},{"__type__":"cc.SpriteFrame","content":{"name":"stand_57_part_wing_5004_stand_7_part1_0001","texture":"b6HYc8WChJsqgubCO3JOE1","rect":[88,196,84,60],"offset":[43,38],"originalSize":[460,460],"capInsets":[0,0,0,0]}},{"__type__":"cc.SpriteFrame","content":{"name":"stand_57_part_wing_5004_stand_7_part2_0011","texture":"b6HYc8WChJsqgubCO3JOE1","rect":[146,680,70,58],"offset":[-46,40],"originalSize":[460,460],"capInsets":[0,0,0,0]}},{"__type__":"cc.SpriteFrame","content":{"name":"stand_57_part_wing_5004_stand_5_part1_0010","texture":"b6HYc8WChJsqgubCO3JOE1","rect":[152,478,70,68],"offset":[-47,76],"originalSize":[460,460],"capInsets":[0,0,0,0]}},{"__type__":"cc.SpriteFrame","content":{"name":"stand_57_part_wing_5004_stand_7_part2_0004","texture":"b6HYc8WChJsqgubCO3JOE1","rect":[2,262,80,60],"offset":[-52,41],"originalSize":[460,460],"capInsets":[0,0,0,0]}},{"__type__":"cc.SpriteFrame","content":{"name":"stand_57_part_wing_5004_stand_5_part1_0001","texture":"b6HYc8WChJsqgubCO3JOE1","rect":[80,380,76,58],"offset":[-49,74],"originalSize":[460,460],"capInsets":[0,0,0,0]}},{"__type__":"cc.SpriteFrame","content":{"name":"stand_57_part_wing_5004_stand_5_part1_0005","texture":"b6HYc8WChJsqgubCO3JOE1","rect":[174,226,80,66],"offset":[-51,76],"originalSize":[460,460],"capInsets":[0,0,0,0]}},{"__type__":"cc.SpriteFrame","content":{"name":"stand_57_part_wing_5004_stand_7_part1_0010","texture":"b6HYc8WChJsqgubCO3JOE1","rect":[2,450,72,56],"offset":[37,38],"originalSize":[460,460],"capInsets":[0,0,0,0]}},{"__type__":"cc.SpriteFrame","content":{"name":"stand_57_part_wing_5004_stand_7_part1_0009","texture":"b6HYc8WChJsqgubCO3JOE1","rect":[70,882,66,56],"offset":[36,37],"originalSize":[460,460],"capInsets":[0,0,0,0]}},{"__type__":"cc.SpriteFrame","content":{"name":"stand_57_part_wing_5004_stand_7_part2_0010","texture":"b6HYc8WChJsqgubCO3JOE1","rect":[78,440,72,58],"offset":[-47,39],"originalSize":[460,460],"capInsets":[0,0,0,0]}},{"__type__":"cc.SpriteFrame","content":{"name":"stand_57_part_wing_5004_stand_7_part1_0008","texture":"b6HYc8WChJsqgubCO3JOE1","rect":[142,808,68,64],"offset":[35,33],"originalSize":[460,460],"capInsets":[0,0,0,0]}},{"__type__":"cc.SpriteFrame","content":{"name":"stand_57_part_wing_5004_stand_5_part2_0002","texture":"b6HYc8WChJsqgubCO3JOE1","rect":[2,324,76,60],"offset":[40,75],"originalSize":[460,460],"capInsets":[0,0,0,0]}},{"__type__":"cc.SpriteFrame","content":{"name":"stand_57_part_wing_5004_stand_5_part2_0007","texture":"b6HYc8WChJsqgubCO3JOE1","rect":[2,836,64,66],"offset":[34,78],"originalSize":[460,460],"rotated":1,"capInsets":[0,0,0,0]}},{"__type__":"cc.SpriteFrame","content":{"name":"stand_57_part_wing_5004_stand_7_part2_0002","texture":"b6HYc8WChJsqgubCO3JOE1","rect":[74,634,70,60],"offset":[-47,40],"originalSize":[460,460],"capInsets":[0,0,0,0]}},{"__type__":"cc.SpriteFrame","content":{"name":"stand_57_part_wing_5004_stand_5_part2_0006","texture":"b6HYc8WChJsqgubCO3JOE1","rect":[2,958,64,64],"offset":[35,77],"originalSize":[460,460],"capInsets":[0,0,0,0]}}]