[{"__type__":"cc.SpriteFrame","content":{"name":"stand_3_part2_wing_5011_stand_3_part2_0004","texture":"75vyuyl+lOYI4ZwdAoMlhF","rect":[96,108,90,102],"offset":[55,47],"originalSize":[500,500],"capInsets":[0,0,0,0]}},{"__type__":"cc.SpriteFrame","content":{"name":"stand_3_part2_wing_5011_stand_3_part2_0003","texture":"75vyuyl+lOYI4ZwdAoMlhF","rect":[2,110,92,104],"offset":[56,49],"originalSize":[500,500],"capInsets":[0,0,0,0]}},{"__type__":"cc.SpriteAtlas","_name":"stand_3_part2.plist","_spriteFrames":{"stand_3_part2_wing_5011_stand_3_part2_0001":{"__uuid__":"5dvePxXgxHrowW89ZFkYJO"},"stand_3_part2_wing_5011_stand_3_part2_0002":{"__uuid__":"dbs6fUkRhHPLyTRB2+au5k"},"stand_3_part2_wing_5011_stand_3_part2_0003":{"__uuid__":"2cB5P/+51Hl4uEV1WV2wqb"},"stand_3_part2_wing_5011_stand_3_part2_0004":{"__uuid__":"14FSM6xMxJIo9FYIMwgwdr"},"stand_3_part2_wing_5011_stand_3_part2_0005":{"__uuid__":"3c7UbnQEJCAYTVA6Dc35lP"},"stand_3_part2_wing_5011_stand_3_part2_0006":{"__uuid__":"f9m7+hY1FJb565aENOggEj"},"stand_3_part2_wing_5011_stand_3_part2_0007":{"__uuid__":"f1ZlWoMdFAmIwM9OnvztG3"},"stand_3_part2_wing_5011_stand_3_part2_0008":{"__uuid__":"e9j54yIqxP97wBZHPy6K6Q"},"stand_3_part2_wing_5011_stand_3_part2_0009":{"__uuid__":"92MOg3qWlIlavo7Gnu9R0j"},"stand_3_part2_wing_5011_stand_3_part2_0010":{"__uuid__":"49L/aVEWpNR7BFMGH6N4Qk"},"stand_3_part2_wing_5011_stand_3_part2_0011":{"__uuid__":"614v1rQ2NMMoADXwgOsZgi"},"stand_3_part2_wing_5011_stand_3_part2_0012":{"__uuid__":"8eFGC7FdVLFYk8gDpXmEGG"}}},{"__type__":"cc.SpriteFrame","content":{"name":"stand_3_part2_wing_5011_stand_3_part2_0005","texture":"75vyuyl+lOYI4ZwdAoMlhF","rect":[2,216,92,102],"offset":[55,46],"originalSize":[500,500],"capInsets":[0,0,0,0]}},{"__type__":"cc.SpriteFrame","content":{"name":"stand_3_part2_wing_5011_stand_3_part2_0010","texture":"75vyuyl+lOYI4ZwdAoMlhF","rect":[96,312,90,98],"offset":[55,43],"originalSize":[500,500],"capInsets":[0,0,0,0]}},{"__type__":"cc.SpriteFrame","content":{"name":"stand_3_part2_wing_5011_stand_3_part2_0001","texture":"75vyuyl+lOYI4ZwdAoMlhF","rect":[94,2,90,104],"offset":[55,48],"originalSize":[500,500],"capInsets":[0,0,0,0]}},{"__type__":"cc.SpriteFrame","content":{"name":"stand_3_part2_wing_5011_stand_3_part2_0011","texture":"75vyuyl+lOYI4ZwdAoMlhF","rect":[106,412,86,98],"offset":[53,44],"originalSize":[500,500],"capInsets":[0,0,0,0]}},{"__type__":"cc.SpriteFrame","content":{"name":"stand_3_part2_wing_5011_stand_3_part2_0012","texture":"75vyuyl+lOYI4ZwdAoMlhF","rect":[2,424,86,102],"offset":[54,46],"originalSize":[500,500],"rotated":1,"capInsets":[0,0,0,0]}},{"__type__":"cc.SpriteFrame","content":{"name":"stand_3_part2_wing_5011_stand_3_part2_0009","texture":"75vyuyl+lOYI4ZwdAoMlhF","rect":[188,104,90,98],"offset":[55,43],"originalSize":[500,500],"capInsets":[0,0,0,0]}},{"__type__":"cc.SpriteFrame","content":{"name":"stand_3_part2_wing_5011_stand_3_part2_0002","texture":"75vyuyl+lOYI4ZwdAoMlhF","rect":[2,2,90,106],"offset":[56,49],"originalSize":[500,500],"capInsets":[0,0,0,0]}},{"__type__":"cc.SpriteFrame","content":{"name":"stand_3_part2_wing_5011_stand_3_part2_0008","texture":"75vyuyl+lOYI4ZwdAoMlhF","rect":[96,212,94,98],"offset":[56,43],"originalSize":[500,500],"capInsets":[0,0,0,0]}},{"__type__":"cc.SpriteFrame","content":{"name":"stand_3_part2_wing_5011_stand_3_part2_0007","texture":"75vyuyl+lOYI4ZwdAoMlhF","rect":[186,2,92,100],"offset":[56,44],"originalSize":[500,500],"capInsets":[0,0,0,0]}},{"__type__":"cc.SpriteFrame","content":{"name":"stand_3_part2_wing_5011_stand_3_part2_0006","texture":"75vyuyl+lOYI4ZwdAoMlhF","rect":[2,320,92,102],"offset":[55,44],"originalSize":[500,500],"capInsets":[0,0,0,0]}}]