[{"__type__":"cc.SpriteFrame","content":{"name":"run_13_sh_ride_shape_4037_sh_run_1_0008","texture":"67cX2DDo9OLLknG/YOER94","rect":[1,149,98,146],"offset":[-5,28],"originalSize":[450,450],"capInsets":[0,0,0,0]}},{"__type__":"cc.SpriteFrame","content":{"name":"run_13_sh_ride_shape_4037_sh_run_1_0005","texture":"67cX2DDo9OLLknG/YOER94","rect":[283,149,86,144],"offset":[-2,28],"originalSize":[450,450],"capInsets":[0,0,0,0]}},{"__type__":"cc.SpriteFrame","content":{"name":"run_13_sh_ride_shape_4037_sh_run_1_0003","texture":"67cX2DDo9OLLknG/YOER94","rect":[195,147,86,146],"offset":[-6,27],"originalSize":[450,450],"capInsets":[0,0,0,0]}},{"__type__":"cc.SpriteFrame","content":{"name":"run_13_sh_ride_shape_4037_sh_run_1_0006","texture":"67cX2DDo9OLLknG/YOER94","rect":[101,149,92,144],"offset":[-3,28],"originalSize":[450,450],"capInsets":[0,0,0,0]}},{"__type__":"cc.SpriteFrame","content":{"name":"run_13_sh_ride_shape_4037_sh_run_1_0002","texture":"67cX2DDo9OLLknG/YOER94","rect":[101,1,92,146],"offset":[-5,27],"originalSize":[450,450],"capInsets":[0,0,0,0]}},{"__type__":"cc.SpriteAtlas","_name":"run_1.plist","_spriteFrames":{"run_13_sh_ride_shape_4037_sh_run_1_0001":{"__uuid__":"e9ekUwR5pAGoWLKDFUzBAw"},"run_13_sh_ride_shape_4037_sh_run_1_0002":{"__uuid__":"b6aaTSF2xAH7i4F5QryoNF"},"run_13_sh_ride_shape_4037_sh_run_1_0003":{"__uuid__":"418PdMtr1Du715ExTKepLx"},"run_13_sh_ride_shape_4037_sh_run_1_0004":{"__uuid__":"fd1i795yFNZZ87Lcu/82hL"},"run_13_sh_ride_shape_4037_sh_run_1_0005":{"__uuid__":"1cu/uTkKZOUJGrLKc2oRI0"},"run_13_sh_ride_shape_4037_sh_run_1_0006":{"__uuid__":"a3f2Hs8NhHjKX+gFZg4C4/"},"run_13_sh_ride_shape_4037_sh_run_1_0007":{"__uuid__":"fe8c8tYY9BqrBaEK97S7LO"},"run_13_sh_ride_shape_4037_sh_run_1_0008":{"__uuid__":"04nO5UNsFASY9MYO1dNtRX"}}},{"__type__":"cc.SpriteFrame","content":{"name":"run_13_sh_ride_shape_4037_sh_run_1_0001","texture":"67cX2DDo9OLLknG/YOER94","rect":[1,1,98,146],"offset":[-4,27],"originalSize":[450,450],"capInsets":[0,0,0,0]}},{"__type__":"cc.SpriteFrame","content":{"name":"run_13_sh_ride_shape_4037_sh_run_1_0004","texture":"67cX2DDo9OLLknG/YOER94","rect":[289,1,84,146],"offset":[-3,28],"originalSize":[450,450],"capInsets":[0,0,0,0]}},{"__type__":"cc.SpriteFrame","content":{"name":"run_13_sh_ride_shape_4037_sh_run_1_0007","texture":"67cX2DDo9OLLknG/YOER94","rect":[195,1,92,144],"offset":[-5,28],"originalSize":[450,450],"capInsets":[0,0,0,0]}}]