[{"__type__":"cc.SpriteFrame","content":{"name":"stand_1_sh_ride_shape_3005_sh_stand_1_8","texture":"e27xwKOK9B/r/muR8Or250","rect":[326,150,146,174],"offset":[2,-79],"originalSize":[470,470],"rotated":1,"capInsets":[0,0,0,0]}},{"__type__":"cc.SpriteFrame","content":{"name":"stand_1_sh_ride_shape_3005_sh_stand_1_2","texture":"e27xwKOK9B/r/muR8Or250","rect":[148,2,144,182],"offset":[3,-76],"originalSize":[470,470],"rotated":1,"capInsets":[0,0,0,0]}},{"__type__":"cc.SpriteFrame","content":{"name":"stand_1_sh_ride_shape_3005_sh_stand_1_4","texture":"e27xwKOK9B/r/muR8Or250","rect":[2,190,144,184],"offset":[3,-74],"originalSize":[470,470],"capInsets":[0,0,0,0]}},{"__type__":"cc.SpriteFrame","content":{"name":"stand_1_sh_ride_shape_3005_sh_stand_1_3","texture":"e27xwKOK9B/r/muR8Or250","rect":[2,2,144,186],"offset":[3,-74],"originalSize":[470,470],"capInsets":[0,0,0,0]}},{"__type__":"cc.SpriteFrame","content":{"name":"stand_1_sh_ride_shape_3005_sh_stand_1_1","texture":"e27xwKOK9B/r/muR8Or250","rect":[332,2,146,178],"offset":[2,-77],"originalSize":[470,470],"rotated":1,"capInsets":[0,0,0,0]}},{"__type__":"cc.SpriteAtlas","_name":"stand_1.plist","_spriteFrames":{"stand_1_sh_ride_shape_3005_sh_stand_1_1":{"__uuid__":"74J17tZR5PR7ojTGgrD7bl"},"stand_1_sh_ride_shape_3005_sh_stand_1_2":{"__uuid__":"3bKCgRMJxIj4mqVDv5n+qf"},"stand_1_sh_ride_shape_3005_sh_stand_1_3":{"__uuid__":"5blxdIXqJLK7gLaXQ5T+zL"},"stand_1_sh_ride_shape_3005_sh_stand_1_4":{"__uuid__":"4bfRuzcCxO8rjfKbD3p+zS"},"stand_1_sh_ride_shape_3005_sh_stand_1_5":{"__uuid__":"bawK4405dGbpqtchuy/ZdJ"},"stand_1_sh_ride_shape_3005_sh_stand_1_6":{"__uuid__":"fdS/HpnVBFja+9u+XcSl5M"},"stand_1_sh_ride_shape_3005_sh_stand_1_7":{"__uuid__":"f5shvb8X1MUJbJNUKy8sZw"},"stand_1_sh_ride_shape_3005_sh_stand_1_8":{"__uuid__":"06sNthTKFDL7+k1lVsNf8h"}}},{"__type__":"cc.SpriteFrame","content":{"name":"stand_1_sh_ride_shape_3005_sh_stand_1_5","texture":"e27xwKOK9B/r/muR8Or250","rect":[148,148,146,176],"offset":[2,-77],"originalSize":[470,470],"rotated":1,"capInsets":[0,0,0,0]}},{"__type__":"cc.SpriteFrame","content":{"name":"stand_1_sh_ride_shape_3005_sh_stand_1_7","texture":"e27xwKOK9B/r/muR8Or250","rect":[320,298,148,170],"offset":[2,-81],"originalSize":[470,470],"rotated":1,"capInsets":[0,0,0,0]}},{"__type__":"cc.SpriteFrame","content":{"name":"stand_1_sh_ride_shape_3005_sh_stand_1_6","texture":"e27xwKOK9B/r/muR8Or250","rect":[148,296,148,170],"offset":[1,-80],"originalSize":[470,470],"rotated":1,"capInsets":[0,0,0,0]}}]