[{"__type__":"cc.SpriteAtlas","_name":"stand_3_b.plist","_spriteFrames":{"stand_13_rd1rd2_ride_ride_9121_rd2_stand_3_1":{"__uuid__":"cbFLpWfhFLaYZH46nqaFVl"},"stand_13_rd1rd2_ride_ride_9121_rd2_stand_3_2":{"__uuid__":"55SNO3kyxCLoKJVwzGIIWe"},"stand_13_rd1rd2_ride_ride_9121_rd2_stand_3_3":{"__uuid__":"7bEhd+8ARF35gPWvdHD+Ws"},"stand_13_rd1rd2_ride_ride_9121_rd2_stand_3_4":{"__uuid__":"e7qDeMochJzrfWnTHINGwY"},"stand_13_rd1rd2_ride_ride_9121_rd2_stand_3_5":{"__uuid__":"f9G19mfjpCDIAm8TNJZoSo"},"stand_13_rd1rd2_ride_ride_9121_rd2_stand_3_6":{"__uuid__":"d0nmrTer1EA44ACECheUAJ"},"stand_13_rd1rd2_ride_ride_9121_rd2_stand_3_7":{"__uuid__":"c0BScraiJFdpPgSMD6iItV"},"stand_13_rd1rd2_ride_ride_9121_rd2_stand_3_8":{"__uuid__":"2cwiWiaShFQJAYr+xgpV77"}}},{"__type__":"cc.SpriteFrame","content":{"name":"stand_13_rd1rd2_ride_ride_9121_rd2_stand_3_8","texture":"a28FLlab9LSYfB6/mvYh3y","rect":[503,1,249,253],"offset":[-34,41],"originalSize":[425,425],"capInsets":[0,0,0,0]}},{"__type__":"cc.SpriteFrame","content":{"name":"stand_13_rd1rd2_ride_ride_9121_rd2_stand_3_2","texture":"a28FLlab9LSYfB6/mvYh3y","rect":[252,511,247,253],"offset":[-34,41],"originalSize":[425,425],"capInsets":[0,0,0,0]}},{"__type__":"cc.SpriteFrame","content":{"name":"stand_13_rd1rd2_ride_ride_9121_rd2_stand_3_3","texture":"a28FLlab9LSYfB6/mvYh3y","rect":[1,258,249,253],"offset":[-35,41],"originalSize":[425,425],"capInsets":[0,0,0,0]}},{"__type__":"cc.SpriteFrame","content":{"name":"stand_13_rd1rd2_ride_ride_9121_rd2_stand_3_7","texture":"a28FLlab9LSYfB6/mvYh3y","rect":[501,511,247,253],"offset":[-33,41],"originalSize":[425,425],"capInsets":[0,0,0,0]}},{"__type__":"cc.SpriteFrame","content":{"name":"stand_13_rd1rd2_ride_ride_9121_rd2_stand_3_1","texture":"a28FLlab9LSYfB6/mvYh3y","rect":[252,256,247,253],"offset":[-34,41],"originalSize":[425,425],"capInsets":[0,0,0,0]}},{"__type__":"cc.SpriteFrame","content":{"name":"stand_13_rd1rd2_ride_ride_9121_rd2_stand_3_6","texture":"a28FLlab9LSYfB6/mvYh3y","rect":[501,256,247,253],"offset":[-34,41],"originalSize":[425,425],"capInsets":[0,0,0,0]}},{"__type__":"cc.SpriteFrame","content":{"name":"stand_13_rd1rd2_ride_ride_9121_rd2_stand_3_4","texture":"a28FLlab9LSYfB6/mvYh3y","rect":[252,1,249,253],"offset":[-35,41],"originalSize":[425,425],"capInsets":[0,0,0,0]}},{"__type__":"cc.SpriteFrame","content":{"name":"stand_13_rd1rd2_ride_ride_9121_rd2_stand_3_5","texture":"a28FLlab9LSYfB6/mvYh3y","rect":[1,1,249,255],"offset":[-35,42],"originalSize":[425,425],"capInsets":[0,0,0,0]}}]