[{"__type__":"cc.SpriteFrame","content":{"name":"stand_13_sh_ride_shape_2034_sh_stand_3_0004","texture":"5fDy3YPY1H7pcgt9lYmimo","rect":[129,1,126,108],"offset":[3,-23],"originalSize":[450,450],"capInsets":[0,0,0,0]}},{"__type__":"cc.SpriteFrame","content":{"name":"stand_13_sh_ride_shape_2034_sh_stand_3_0008","texture":"5fDy3YPY1H7pcgt9lYmimo","rect":[253,111,118,116],"offset":[1,-26],"originalSize":[450,450],"capInsets":[0,0,0,0]}},{"__type__":"cc.SpriteAtlas","_name":"stand_3.plist","_spriteFrames":{"stand_13_sh_ride_shape_2034_sh_stand_3_0001":{"__uuid__":"9655gE+61BC5nfaaIo3ig+"},"stand_13_sh_ride_shape_2034_sh_stand_3_0002":{"__uuid__":"82aLsCFbBIu6j113ZHz2kf"},"stand_13_sh_ride_shape_2034_sh_stand_3_0003":{"__uuid__":"8ctI75WZdFsb4sYZDuCFR9"},"stand_13_sh_ride_shape_2034_sh_stand_3_0004":{"__uuid__":"3fG52ASzxFbYdgVd0wFHzA"},"stand_13_sh_ride_shape_2034_sh_stand_3_0005":{"__uuid__":"7be1Q/vpxHDaR7Yrb3XVd8"},"stand_13_sh_ride_shape_2034_sh_stand_3_0006":{"__uuid__":"aaBD2KAjlA1oDjLcVMEUc1"},"stand_13_sh_ride_shape_2034_sh_stand_3_0007":{"__uuid__":"933IwGiXNMj5y4HX776Rvc"},"stand_13_sh_ride_shape_2034_sh_stand_3_0008":{"__uuid__":"4bhz4XST9FMZCEqM2nzss1"}}},{"__type__":"cc.SpriteFrame","content":{"name":"stand_13_sh_ride_shape_2034_sh_stand_3_0005","texture":"5fDy3YPY1H7pcgt9lYmimo","rect":[127,111,124,110],"offset":[1,-23],"originalSize":[450,450],"capInsets":[0,0,0,0]}},{"__type__":"cc.SpriteFrame","content":{"name":"stand_13_sh_ride_shape_2034_sh_stand_3_0002","texture":"5fDy3YPY1H7pcgt9lYmimo","rect":[1,111,124,110],"offset":[3,-24],"originalSize":[450,450],"capInsets":[0,0,0,0]}},{"__type__":"cc.SpriteFrame","content":{"name":"stand_13_sh_ride_shape_2034_sh_stand_3_0003","texture":"5fDy3YPY1H7pcgt9lYmimo","rect":[1,1,126,108],"offset":[5,-23],"originalSize":[450,450],"capInsets":[0,0,0,0]}},{"__type__":"cc.SpriteFrame","content":{"name":"stand_13_sh_ride_shape_2034_sh_stand_3_0007","texture":"5fDy3YPY1H7pcgt9lYmimo","rect":[251,229,122,116],"offset":[-1,-26],"originalSize":[450,450],"capInsets":[0,0,0,0]}},{"__type__":"cc.SpriteFrame","content":{"name":"stand_13_sh_ride_shape_2034_sh_stand_3_0001","texture":"5fDy3YPY1H7pcgt9lYmimo","rect":[1,223,122,112],"offset":[2,-25],"originalSize":[450,450],"capInsets":[0,0,0,0]}},{"__type__":"cc.SpriteFrame","content":{"name":"stand_13_sh_ride_shape_2034_sh_stand_3_0006","texture":"5fDy3YPY1H7pcgt9lYmimo","rect":[125,223,124,114],"offset":[-1,-25],"originalSize":[450,450],"capInsets":[0,0,0,0]}}]