[{"__type__":"cc.SpriteFrame","content":{"name":"stand_1_part2_wing_5016_stand_1_part2_0006","texture":"b8Qt/YkGpD6rupwgBA0vGj","rect":[2,328,78,100],"offset":[12,83],"originalSize":[500,500],"rotated":1,"capInsets":[0,0,0,0]}},{"__type__":"cc.SpriteFrame","content":{"name":"stand_1_part2_wing_5016_stand_1_part2_0000","texture":"b8Qt/YkGpD6rupwgBA0vGj","rect":[114,2,86,110],"offset":[16,86],"originalSize":[500,500],"rotated":1,"capInsets":[0,0,0,0]}},{"__type__":"cc.SpriteFrame","content":{"name":"stand_1_part2_wing_5016_stand_1_part2_0007","texture":"b8Qt/YkGpD6rupwgBA0vGj","rect":[104,268,82,100],"offset":[12,85],"originalSize":[500,500],"rotated":1,"capInsets":[0,0,0,0]}},{"__type__":"cc.SpriteFrame","content":{"name":"stand_1_part2_wing_5016_stand_1_part2_0008","texture":"b8Qt/YkGpD6rupwgBA0vGj","rect":[2,240,86,100],"offset":[13,85],"originalSize":[500,500],"rotated":1,"capInsets":[0,0,0,0]}},{"__type__":"cc.SpriteFrame","content":{"name":"stand_1_part2_wing_5016_stand_1_part2_0009","texture":"b8Qt/YkGpD6rupwgBA0vGj","rect":[108,178,88,102],"offset":[16,85],"originalSize":[500,500],"rotated":1,"capInsets":[0,0,0,0]}},{"__type__":"cc.SpriteFrame","content":{"name":"stand_1_part2_wing_5016_stand_1_part2_0001","texture":"b8Qt/YkGpD6rupwgBA0vGj","rect":[114,90,86,110],"offset":[17,88],"originalSize":[500,500],"rotated":1,"capInsets":[0,0,0,0]}},{"__type__":"cc.SpriteFrame","content":{"name":"stand_1_part2_wing_5016_stand_1_part2_0002","texture":"b8Qt/YkGpD6rupwgBA0vGj","rect":[2,2,88,110],"offset":[17,90],"originalSize":[500,500],"rotated":1,"capInsets":[0,0,0,0]}},{"__type__":"cc.SpriteFrame","content":{"name":"stand_1_part2_wing_5016_stand_1_part2_0005","texture":"b8Qt/YkGpD6rupwgBA0vGj","rect":[78,408,74,98],"offset":[11,82],"originalSize":[500,500],"capInsets":[0,0,0,0]}},{"__type__":"cc.SpriteFrame","content":{"name":"stand_1_part2_wing_5016_stand_1_part2_0010","texture":"b8Qt/YkGpD6rupwgBA0vGj","rect":[2,92,76,104],"offset":[11,86],"originalSize":[500,500],"rotated":1,"capInsets":[0,0,0,0]}},{"__type__":"cc.SpriteFrame","content":{"name":"stand_1_part2_wing_5016_stand_1_part2_0011","texture":"b8Qt/YkGpD6rupwgBA0vGj","rect":[2,170,68,104],"offset":[8,85],"originalSize":[500,500],"rotated":1,"capInsets":[0,0,0,0]}},{"__type__":"cc.SpriteAtlas","_name":"stand_1_part2.plist","_spriteFrames":{"stand_1_part2_wing_5016_stand_1_part2_0000":{"__uuid__":"0bWkdXYKBA5r7xKbNg48I3"},"stand_1_part2_wing_5016_stand_1_part2_0001":{"__uuid__":"9d2EwQXTZEqra9k1cso7iu"},"stand_1_part2_wing_5016_stand_1_part2_0002":{"__uuid__":"9eN0yDn2FOXKLeuA0P3H/S"},"stand_1_part2_wing_5016_stand_1_part2_0003":{"__uuid__":"f9/3PYebtJtZ1z8YR0IedY"},"stand_1_part2_wing_5016_stand_1_part2_0004":{"__uuid__":"f7yYyDQgpK8IgThGdVeRn9"},"stand_1_part2_wing_5016_stand_1_part2_0005":{"__uuid__":"b89nx14VtIh7NYDOCVkLUD"},"stand_1_part2_wing_5016_stand_1_part2_0006":{"__uuid__":"03ltekPlZMa4gXBpQeVBDT"},"stand_1_part2_wing_5016_stand_1_part2_0007":{"__uuid__":"137JXDe6xDQK14KdweqVOM"},"stand_1_part2_wing_5016_stand_1_part2_0008":{"__uuid__":"80pRSh8mxBoJcqRT0ZZd2G"},"stand_1_part2_wing_5016_stand_1_part2_0009":{"__uuid__":"88nUtbxLpNAZiXxmFj/6XX"},"stand_1_part2_wing_5016_stand_1_part2_0010":{"__uuid__":"c7F65x6CVHxYaP+RItqW4C"},"stand_1_part2_wing_5016_stand_1_part2_0011":{"__uuid__":"e7LZh15cBMrq0xAobYNbBt"}}},{"__type__":"cc.SpriteFrame","content":{"name":"stand_1_part2_wing_5016_stand_1_part2_0004","texture":"b8Qt/YkGpD6rupwgBA0vGj","rect":[2,408,74,98],"offset":[11,82],"originalSize":[500,500],"capInsets":[0,0,0,0]}},{"__type__":"cc.SpriteFrame","content":{"name":"stand_1_part2_wing_5016_stand_1_part2_0003","texture":"b8Qt/YkGpD6rupwgBA0vGj","rect":[154,352,70,98],"offset":[9,83],"originalSize":[500,500],"rotated":1,"capInsets":[0,0,0,0]}}]