[{"__type__":"cc.SpriteFrame","content":{"name":"run_13_sh_ride_shape_3036_sh_run_1_0002","texture":"dfDdcWM7xDirlNzyaOiOa0","rect":[111,237,102,116],"offset":[4,30],"originalSize":[400,400],"capInsets":[0,0,0,0]}},{"__type__":"cc.SpriteFrame","content":{"name":"run_13_sh_ride_shape_3036_sh_run_1_0007","texture":"dfDdcWM7xDirlNzyaOiOa0","rect":[1,1,110,116],"offset":[7,31],"originalSize":[400,400],"capInsets":[0,0,0,0]}},{"__type__":"cc.SpriteFrame","content":{"name":"run_13_sh_ride_shape_3036_sh_run_1_0005","texture":"dfDdcWM7xDirlNzyaOiOa0","rect":[113,1,104,116],"offset":[5,30],"originalSize":[400,400],"capInsets":[0,0,0,0]}},{"__type__":"cc.SpriteAtlas","_name":"run_1.plist","_spriteFrames":{"run_13_sh_ride_shape_3036_sh_run_1_0001":{"__uuid__":"adim+KE+5L3YERYqhwj651"},"run_13_sh_ride_shape_3036_sh_run_1_0002":{"__uuid__":"2aVzNY0dhKxZ004i2ZAwzx"},"run_13_sh_ride_shape_3036_sh_run_1_0003":{"__uuid__":"b6RXnARCRC6p9a6HuhUltf"},"run_13_sh_ride_shape_3036_sh_run_1_0004":{"__uuid__":"c8nhB4tUVDkZX3fIXJz4gm"},"run_13_sh_ride_shape_3036_sh_run_1_0005":{"__uuid__":"94XiiSp/JKn5ZaO7nocXDI"},"run_13_sh_ride_shape_3036_sh_run_1_0006":{"__uuid__":"c6rQsJsNZNtInieWoii6lR"},"run_13_sh_ride_shape_3036_sh_run_1_0007":{"__uuid__":"30Az2RExlOypghU+WEAKx4"},"run_13_sh_ride_shape_3036_sh_run_1_0008":{"__uuid__":"f4TlshoHtIhZBJ9zYIuHZU"}}},{"__type__":"cc.SpriteFrame","content":{"name":"run_13_sh_ride_shape_3036_sh_run_1_0001","texture":"dfDdcWM7xDirlNzyaOiOa0","rect":[111,119,104,116],"offset":[5,30],"originalSize":[400,400],"capInsets":[0,0,0,0]}},{"__type__":"cc.SpriteFrame","content":{"name":"run_13_sh_ride_shape_3036_sh_run_1_0003","texture":"dfDdcWM7xDirlNzyaOiOa0","rect":[215,237,100,116],"offset":[3,30],"originalSize":[400,400],"capInsets":[0,0,0,0]}},{"__type__":"cc.SpriteFrame","content":{"name":"run_13_sh_ride_shape_3036_sh_run_1_0006","texture":"dfDdcWM7xDirlNzyaOiOa0","rect":[1,119,108,116],"offset":[6,31],"originalSize":[400,400],"capInsets":[0,0,0,0]}},{"__type__":"cc.SpriteFrame","content":{"name":"run_13_sh_ride_shape_3036_sh_run_1_0004","texture":"dfDdcWM7xDirlNzyaOiOa0","rect":[217,119,100,116],"offset":[4,30],"originalSize":[400,400],"capInsets":[0,0,0,0]}},{"__type__":"cc.SpriteFrame","content":{"name":"run_13_sh_ride_shape_3036_sh_run_1_0008","texture":"dfDdcWM7xDirlNzyaOiOa0","rect":[1,237,108,116],"offset":[7,31],"originalSize":[400,400],"capInsets":[0,0,0,0]}}]