[{"__type__":"cc.SpriteFrame","content":{"name":"standrun_1_rd1rd2_ride_ride_9421_rd1_stand_1_2","texture":"8flWn21AFI9IoHfgaqnTKj","rect":[163,347,138,170],"offset":[30,7],"originalSize":[460,460],"capInsets":[0,0,0,0]}},{"__type__":"cc.SpriteAtlas","_name":"stand_1_f.plist","_spriteFrames":{"standrun_1_rd1rd2_ride_ride_9421_rd1_stand_1_1":{"__uuid__":"a2k+jZsD9Ai6EdkipoMS/7"},"standrun_1_rd1rd2_ride_ride_9421_rd1_stand_1_2":{"__uuid__":"08ZF7SJyVNiJmhTbwkNc+f"},"standrun_1_rd1rd2_ride_ride_9421_rd1_stand_1_3":{"__uuid__":"ealwDlJu5ErbfU9z+FV9ds"},"standrun_1_rd1rd2_ride_ride_9421_rd1_stand_1_4":{"__uuid__":"43O3xS5jJGX4YvMFATQhaF"},"standrun_1_rd1rd2_ride_ride_9421_rd1_stand_1_5":{"__uuid__":"cdJzeD5HBJSJYiQYtK28MM"},"standrun_1_rd1rd2_ride_ride_9421_rd1_stand_1_6":{"__uuid__":"392NIe8WdGCKb6zVxOdmu2"},"standrun_1_rd1rd2_ride_ride_9421_rd1_stand_1_7":{"__uuid__":"bd8YgdTDtGaoQOfVp1e8n3"},"standrun_1_rd1rd2_ride_ride_9421_rd1_stand_1_8":{"__uuid__":"e8LiGGqWFL7pWVYSFrgYLY"}}},{"__type__":"cc.SpriteFrame","content":{"name":"standrun_1_rd1rd2_ride_ride_9421_rd1_stand_1_6","texture":"8flWn21AFI9IoHfgaqnTKj","rect":[345,1,158,170],"offset":[21,7],"originalSize":[460,460],"capInsets":[0,0,0,0]}},{"__type__":"cc.SpriteFrame","content":{"name":"standrun_1_rd1rd2_ride_ride_9421_rd1_stand_1_4","texture":"8flWn21AFI9IoHfgaqnTKj","rect":[1,173,148,172],"offset":[25,8],"originalSize":[460,460],"capInsets":[0,0,0,0]}},{"__type__":"cc.SpriteFrame","content":{"name":"standrun_1_rd1rd2_ride_ride_9421_rd1_stand_1_1","texture":"8flWn21AFI9IoHfgaqnTKj","rect":[1,1,180,170],"offset":[10,7],"originalSize":[460,460],"capInsets":[0,0,0,0]}},{"__type__":"cc.SpriteFrame","content":{"name":"standrun_1_rd1rd2_ride_ride_9421_rd1_stand_1_7","texture":"8flWn21AFI9IoHfgaqnTKj","rect":[1,347,160,170],"offset":[20,7],"originalSize":[460,460],"capInsets":[0,0,0,0]}},{"__type__":"cc.SpriteFrame","content":{"name":"standrun_1_rd1rd2_ride_ride_9421_rd1_stand_1_5","texture":"8flWn21AFI9IoHfgaqnTKj","rect":[183,1,160,172],"offset":[19,8],"originalSize":[460,460],"capInsets":[0,0,0,0]}},{"__type__":"cc.SpriteFrame","content":{"name":"standrun_1_rd1rd2_ride_ride_9421_rd1_stand_1_8","texture":"8flWn21AFI9IoHfgaqnTKj","rect":[151,175,164,170],"offset":[18,7],"originalSize":[460,460],"capInsets":[0,0,0,0]}},{"__type__":"cc.SpriteFrame","content":{"name":"standrun_1_rd1rd2_ride_ride_9421_rd1_stand_1_3","texture":"8flWn21AFI9IoHfgaqnTKj","rect":[317,175,142,172],"offset":[27,8],"originalSize":[460,460],"capInsets":[0,0,0,0]}}]