[{"__type__":"cc.SpriteFrame","content":{"name":"stand_1_part1_wing_5002_stand_1_part1_0009","texture":"easod4MlRODJrZ/LKroKrC","rect":[84,108,80,50],"offset":[-68,52],"originalSize":[470,470],"capInsets":[0,0,0,0]}},{"__type__":"cc.SpriteFrame","content":{"name":"stand_1_part1_wing_5002_stand_1_part1_0002","texture":"easod4MlRODJrZ/LKroKrC","rect":[2,170,84,48],"offset":[-71,54],"originalSize":[470,470],"rotated":1,"capInsets":[0,0,0,0]}},{"__type__":"cc.SpriteFrame","content":{"name":"stand_1_part1_wing_5002_stand_1_part1_0007","texture":"easod4MlRODJrZ/LKroKrC","rect":[90,2,86,52],"offset":[-71,52],"originalSize":[470,470],"capInsets":[0,0,0,0]}},{"__type__":"cc.SpriteFrame","content":{"name":"stand_1_part1_wing_5002_stand_1_part1_0001","texture":"easod4MlRODJrZ/LKroKrC","rect":[116,170,82,50],"offset":[-70,55],"originalSize":[470,470],"rotated":1,"capInsets":[0,0,0,0]}},{"__type__":"cc.SpriteFrame","content":{"name":"stand_1_part1_wing_5002_stand_1_part1_0010","texture":"easod4MlRODJrZ/LKroKrC","rect":[178,2,82,70],"offset":[-69,44],"originalSize":[470,470],"rotated":1,"capInsets":[0,0,0,0]}},{"__type__":"cc.SpriteAtlas","_name":"stand_1_part1.plist","_spriteFrames":{"stand_1_part1_wing_5002_stand_1_part1_0001":{"__uuid__":"27xudH/A5AnpxpVm/X1Wzu"},"stand_1_part1_wing_5002_stand_1_part1_0002":{"__uuid__":"15O8J+7ZJBt5hrdjVWJgHz"},"stand_1_part1_wing_5002_stand_1_part1_0003":{"__uuid__":"a0l/atF0hL46cLlyI2QJVQ"},"stand_1_part1_wing_5002_stand_1_part1_0004":{"__uuid__":"8aifnK59tOmazipodGcmma"},"stand_1_part1_wing_5002_stand_1_part1_0005":{"__uuid__":"b9b+bkumRDCaxpZ/e8S1X1"},"stand_1_part1_wing_5002_stand_1_part1_0006":{"__uuid__":"60YX7zA6BHHZExsAlo/6YA"},"stand_1_part1_wing_5002_stand_1_part1_0007":{"__uuid__":"17VrGyl+lO+agmsZM13x9f"},"stand_1_part1_wing_5002_stand_1_part1_0008":{"__uuid__":"79j977bK1NIIsE7fuRu10O"},"stand_1_part1_wing_5002_stand_1_part1_0009":{"__uuid__":"0b5HMobjpIIrQGaTIWg6sQ"},"stand_1_part1_wing_5002_stand_1_part1_0010":{"__uuid__":"2eZX3ejSJDlZe4T05GvIU6"},"stand_1_part1_wing_5002_stand_1_part1_0011":{"__uuid__":"7bcnvE5wdJWoblLB0/wJZC"},"stand_1_part1_wing_5002_stand_1_part1_0012":{"__uuid__":"bb7OUKySxKbqP0UqIgwBBU"}}},{"__type__":"cc.SpriteFrame","content":{"name":"stand_1_part1_wing_5002_stand_1_part1_0006","texture":"easod4MlRODJrZ/LKroKrC","rect":[90,56,86,50],"offset":[-71,51],"originalSize":[470,470],"capInsets":[0,0,0,0]}},{"__type__":"cc.SpriteFrame","content":{"name":"stand_1_part1_wing_5002_stand_1_part1_0008","texture":"easod4MlRODJrZ/LKroKrC","rect":[2,108,80,54],"offset":[-68,53],"originalSize":[470,470],"capInsets":[0,0,0,0]}},{"__type__":"cc.SpriteFrame","content":{"name":"stand_1_part1_wing_5002_stand_1_part1_0011","texture":"easod4MlRODJrZ/LKroKrC","rect":[178,86,82,68],"offset":[-69,44],"originalSize":[470,470],"rotated":1,"capInsets":[0,0,0,0]}},{"__type__":"cc.SpriteFrame","content":{"name":"stand_1_part1_wing_5002_stand_1_part1_0004","texture":"easod4MlRODJrZ/LKroKrC","rect":[168,170,86,48],"offset":[-71,54],"originalSize":[470,470],"capInsets":[0,0,0,0]}},{"__type__":"cc.SpriteFrame","content":{"name":"stand_1_part1_wing_5002_stand_1_part1_0003","texture":"easod4MlRODJrZ/LKroKrC","rect":[2,58,86,48],"offset":[-71,54],"originalSize":[470,470],"capInsets":[0,0,0,0]}},{"__type__":"cc.SpriteFrame","content":{"name":"stand_1_part1_wing_5002_stand_1_part1_0005","texture":"easod4MlRODJrZ/LKroKrC","rect":[2,2,86,54],"offset":[-71,50],"originalSize":[470,470],"capInsets":[0,0,0,0]}},{"__type__":"cc.SpriteFrame","content":{"name":"stand_1_part1_wing_5002_stand_1_part1_0012","texture":"easod4MlRODJrZ/LKroKrC","rect":[52,170,82,62],"offset":[-70,48],"originalSize":[470,470],"rotated":1,"capInsets":[0,0,0,0]}}]