[{"__type__":"cc.SpriteFrame","content":{"name":"stand_3_part1_wing_5017_stand_3_part1_0002","texture":"96c2XutaZEPLFuOJriHhgb","rect":[90,152,86,72],"offset":[-25,24],"originalSize":[500,500],"capInsets":[0,0,0,0]}},{"__type__":"cc.SpriteFrame","content":{"name":"stand_3_part1_wing_5017_stand_3_part1_0005","texture":"96c2XutaZEPLFuOJriHhgb","rect":[184,78,78,70],"offset":[-22,23],"originalSize":[500,500],"rotated":1,"capInsets":[0,0,0,0]}},{"__type__":"cc.SpriteFrame","content":{"name":"stand_3_part1_wing_5017_stand_3_part1_0008","texture":"96c2XutaZEPLFuOJriHhgb","rect":[178,230,86,72],"offset":[-26,24],"originalSize":[500,500],"rotated":1,"capInsets":[0,0,0,0]}},{"__type__":"cc.SpriteFrame","content":{"name":"stand_3_part1_wing_5017_stand_3_part1_0006","texture":"96c2XutaZEPLFuOJriHhgb","rect":[2,300,82,72],"offset":[-23,24],"originalSize":[500,500],"capInsets":[0,0,0,0]}},{"__type__":"cc.SpriteFrame","content":{"name":"stand_3_part1_wing_5017_stand_3_part1_0011","texture":"96c2XutaZEPLFuOJriHhgb","rect":[98,2,92,74],"offset":[-30,23],"originalSize":[500,500],"capInsets":[0,0,0,0]}},{"__type__":"cc.SpriteFrame","content":{"name":"stand_3_part1_wing_5017_stand_3_part1_0001","texture":"96c2XutaZEPLFuOJriHhgb","rect":[2,152,86,72],"offset":[-23,24],"originalSize":[500,500],"capInsets":[0,0,0,0]}},{"__type__":"cc.SpriteAtlas","_name":"stand_3_part1.plist","_spriteFrames":{"stand_3_part1_wing_5017_stand_3_part1_0000":{"__uuid__":"f0iOBnNRBD4owHJdfe+2cC"},"stand_3_part1_wing_5017_stand_3_part1_0001":{"__uuid__":"59fP6U/gJMY4xKe2pyVFd2"},"stand_3_part1_wing_5017_stand_3_part1_0002":{"__uuid__":"06uJW1DJ9A77Kn2uugkvxX"},"stand_3_part1_wing_5017_stand_3_part1_0003":{"__uuid__":"e7noU95J9LkJ3qUmY+7Td8"},"stand_3_part1_wing_5017_stand_3_part1_0004":{"__uuid__":"c447WD/b5Dd67lE0LKnjPn"},"stand_3_part1_wing_5017_stand_3_part1_0005":{"__uuid__":"1emyh0gRJHZpBuXlnmLpcp"},"stand_3_part1_wing_5017_stand_3_part1_0006":{"__uuid__":"4b3tAGssRHx7Lj/Wc7F5zH"},"stand_3_part1_wing_5017_stand_3_part1_0007":{"__uuid__":"8a4RJOCzdPLI/aFNFca5Ci"},"stand_3_part1_wing_5017_stand_3_part1_0008":{"__uuid__":"32+hn7CyNENZyAxt0ha491"},"stand_3_part1_wing_5017_stand_3_part1_0009":{"__uuid__":"8aCa/EM75B3oPvp2YmeHnM"},"stand_3_part1_wing_5017_stand_3_part1_0010":{"__uuid__":"c2FfeKLS5DBLSUNGLoCDir"},"stand_3_part1_wing_5017_stand_3_part1_0011":{"__uuid__":"4eTlgLdEtBJr96COVG+Pje"}}},{"__type__":"cc.SpriteFrame","content":{"name":"stand_3_part1_wing_5017_stand_3_part1_0009","texture":"96c2XutaZEPLFuOJriHhgb","rect":[94,78,88,72],"offset":[-27,24],"originalSize":[500,500],"capInsets":[0,0,0,0]}},{"__type__":"cc.SpriteFrame","content":{"name":"stand_3_part1_wing_5017_stand_3_part1_0007","texture":"96c2XutaZEPLFuOJriHhgb","rect":[90,226,86,72],"offset":[-24,24],"originalSize":[500,500],"capInsets":[0,0,0,0]}},{"__type__":"cc.SpriteFrame","content":{"name":"stand_3_part1_wing_5017_stand_3_part1_0010","texture":"96c2XutaZEPLFuOJriHhgb","rect":[2,76,90,74],"offset":[-29,24],"originalSize":[500,500],"capInsets":[0,0,0,0]}},{"__type__":"cc.SpriteFrame","content":{"name":"stand_3_part1_wing_5017_stand_3_part1_0004","texture":"96c2XutaZEPLFuOJriHhgb","rect":[178,158,74,70],"offset":[-20,23],"originalSize":[500,500],"capInsets":[0,0,0,0]}},{"__type__":"cc.SpriteFrame","content":{"name":"stand_3_part1_wing_5017_stand_3_part1_0003","texture":"96c2XutaZEPLFuOJriHhgb","rect":[2,226,86,72],"offset":[-26,23],"originalSize":[500,500],"capInsets":[0,0,0,0]}},{"__type__":"cc.SpriteFrame","content":{"name":"stand_3_part1_wing_5017_stand_3_part1_0000","texture":"96c2XutaZEPLFuOJriHhgb","rect":[2,2,94,72],"offset":[-30,24],"originalSize":[500,500],"capInsets":[0,0,0,0]}}]