[{"__type__":"cc.SpriteAtlas","_name":"stand_7_part1.plist","_spriteFrames":{"stand_7_part1_wing_5010_stand_7_part1_0001":{"__uuid__":"90isKMFFVP5I2GO5U6Fer4"},"stand_7_part1_wing_5010_stand_7_part1_0002":{"__uuid__":"bfkaaQ7XhEDZNCvaNHFb0Y"},"stand_7_part1_wing_5010_stand_7_part1_0003":{"__uuid__":"95U1eoFw5NKKEld8m3Byjf"},"stand_7_part1_wing_5010_stand_7_part1_0004":{"__uuid__":"230z27LY1EwZrC5QHWDP0P"},"stand_7_part1_wing_5010_stand_7_part1_0005":{"__uuid__":"d16u3WTVBGYrOM9EbMUqVk"},"stand_7_part1_wing_5010_stand_7_part1_0006":{"__uuid__":"b5BuDkULFJ1b42VsycsbJK"},"stand_7_part1_wing_5010_stand_7_part1_0007":{"__uuid__":"241X8hIxBHw4Uq3Uj6t76F"},"stand_7_part1_wing_5010_stand_7_part1_0008":{"__uuid__":"6dGWxGyUJOXKG1sFfBLCb7"},"stand_7_part1_wing_5010_stand_7_part1_0009":{"__uuid__":"b1pQJhmyFFlKzsSIjvcBUl"},"stand_7_part1_wing_5010_stand_7_part1_0010":{"__uuid__":"eenAK7cuBBJa5HA5ggacHP"},"stand_7_part1_wing_5010_stand_7_part1_0011":{"__uuid__":"462+GauOVKOZxmx4tEBemz"},"stand_7_part1_wing_5010_stand_7_part1_0012":{"__uuid__":"c4tQQiziRA2pXeFw0VCG8K"}}},{"__type__":"cc.SpriteFrame","content":{"name":"stand_7_part1_wing_5010_stand_7_part1_0004","texture":"d6D4Bn6o5Ef4PqTu+FQKHv","rect":[112,412,98,130],"offset":[41,56],"originalSize":[500,500],"rotated":1,"capInsets":[0,0,0,0]}},{"__type__":"cc.SpriteFrame","content":{"name":"stand_7_part1_wing_5010_stand_7_part1_0007","texture":"d6D4Bn6o5Ef4PqTu+FQKHv","rect":[2,2,104,138],"offset":[44,56],"originalSize":[500,500],"capInsets":[0,0,0,0]}},{"__type__":"cc.SpriteFrame","content":{"name":"stand_7_part1_wing_5010_stand_7_part1_0011","texture":"d6D4Bn6o5Ef4PqTu+FQKHv","rect":[2,416,94,108],"offset":[39,43],"originalSize":[500,500],"rotated":1,"capInsets":[0,0,0,0]}},{"__type__":"cc.SpriteFrame","content":{"name":"stand_7_part1_wing_5010_stand_7_part1_0008","texture":"d6D4Bn6o5Ef4PqTu+FQKHv","rect":[330,92,88,96],"offset":[36,35],"originalSize":[500,500],"rotated":1,"capInsets":[0,0,0,0]}},{"__type__":"cc.SpriteFrame","content":{"name":"stand_7_part1_wing_5010_stand_7_part1_0001","texture":"d6D4Bn6o5Ef4PqTu+FQKHv","rect":[108,2,110,114],"offset":[48,49],"originalSize":[500,500],"capInsets":[0,0,0,0]}},{"__type__":"cc.SpriteFrame","content":{"name":"stand_7_part1_wing_5010_stand_7_part1_0003","texture":"d6D4Bn6o5Ef4PqTu+FQKHv","rect":[104,280,122,130],"offset":[53,57],"originalSize":[500,500],"capInsets":[0,0,0,0]}},{"__type__":"cc.SpriteFrame","content":{"name":"stand_7_part1_wing_5010_stand_7_part1_0009","texture":"d6D4Bn6o5Ef4PqTu+FQKHv","rect":[330,2,88,98],"offset":[36,36],"originalSize":[500,500],"rotated":1,"capInsets":[0,0,0,0]}},{"__type__":"cc.SpriteFrame","content":{"name":"stand_7_part1_wing_5010_stand_7_part1_0006","texture":"d6D4Bn6o5Ef4PqTu+FQKHv","rect":[2,142,102,136],"offset":[43,56],"originalSize":[500,500],"capInsets":[0,0,0,0]}},{"__type__":"cc.SpriteFrame","content":{"name":"stand_7_part1_wing_5010_stand_7_part1_0002","texture":"d6D4Bn6o5Ef4PqTu+FQKHv","rect":[106,142,116,126],"offset":[51,56],"originalSize":[500,500],"capInsets":[0,0,0,0]}},{"__type__":"cc.SpriteFrame","content":{"name":"stand_7_part1_wing_5010_stand_7_part1_0012","texture":"d6D4Bn6o5Ef4PqTu+FQKHv","rect":[220,2,108,114],"offset":[46,47],"originalSize":[500,500],"capInsets":[0,0,0,0]}},{"__type__":"cc.SpriteFrame","content":{"name":"stand_7_part1_wing_5010_stand_7_part1_0005","texture":"d6D4Bn6o5Ef4PqTu+FQKHv","rect":[2,280,100,134],"offset":[42,56],"originalSize":[500,500],"capInsets":[0,0,0,0]}},{"__type__":"cc.SpriteFrame","content":{"name":"stand_7_part1_wing_5010_stand_7_part1_0010","texture":"d6D4Bn6o5Ef4PqTu+FQKHv","rect":[224,118,88,104],"offset":[37,39],"originalSize":[500,500],"capInsets":[0,0,0,0]}}]