[{"__type__":"cc.SpriteFrame","content":{"name":"stand_13_sh_ride_shape_3006_sh_stand_3_3","texture":"efgPwh9TFHZrs7DxqtcXYV","rect":[171,1,84,152],"offset":[-5,-43],"originalSize":[470,470],"capInsets":[0,0,0,0]}},{"__type__":"cc.SpriteFrame","content":{"name":"stand_13_sh_ride_shape_3006_sh_stand_3_1","texture":"efgPwh9TFHZrs7DxqtcXYV","rect":[169,157,84,152],"offset":[-6,-42],"originalSize":[470,470],"capInsets":[0,0,0,0]}},{"__type__":"cc.SpriteFrame","content":{"name":"stand_13_sh_ride_shape_3006_sh_stand_3_4","texture":"efgPwh9TFHZrs7DxqtcXYV","rect":[1,157,82,154],"offset":[-2,-44],"originalSize":[470,470],"capInsets":[0,0,0,0]}},{"__type__":"cc.SpriteFrame","content":{"name":"stand_13_sh_ride_shape_3006_sh_stand_3_8","texture":"efgPwh9TFHZrs7DxqtcXYV","rect":[257,153,84,152],"offset":[-6,-43],"originalSize":[470,470],"capInsets":[0,0,0,0]}},{"__type__":"cc.SpriteFrame","content":{"name":"stand_13_sh_ride_shape_3006_sh_stand_3_6","texture":"efgPwh9TFHZrs7DxqtcXYV","rect":[87,1,82,154],"offset":[-3,-44],"originalSize":[470,470],"capInsets":[0,0,0,0]}},{"__type__":"cc.SpriteAtlas","_name":"stand_3.plist","_spriteFrames":{"stand_13_sh_ride_shape_3006_sh_stand_3_1":{"__uuid__":"4c5UsxUfxMjKa/8h0e1lLP"},"stand_13_sh_ride_shape_3006_sh_stand_3_2":{"__uuid__":"fbv8rqkOJKxrf4QEE1oazx"},"stand_13_sh_ride_shape_3006_sh_stand_3_3":{"__uuid__":"48Tfv4KA9BW5va/XKIcT3d"},"stand_13_sh_ride_shape_3006_sh_stand_3_4":{"__uuid__":"abskZyTw9JG5uhSfI2zxyX"},"stand_13_sh_ride_shape_3006_sh_stand_3_5":{"__uuid__":"f5CneAIAtCsLNGXIWl4WPH"},"stand_13_sh_ride_shape_3006_sh_stand_3_6":{"__uuid__":"bdsLmRa+FCw5GTRiJ5p9kJ"},"stand_13_sh_ride_shape_3006_sh_stand_3_7":{"__uuid__":"eb5FywpFVIwrS4u/P7wVAT"},"stand_13_sh_ride_shape_3006_sh_stand_3_8":{"__uuid__":"adEHyFvYlPxLZxaFjuWrVM"}}},{"__type__":"cc.SpriteFrame","content":{"name":"stand_13_sh_ride_shape_3006_sh_stand_3_7","texture":"efgPwh9TFHZrs7DxqtcXYV","rect":[1,1,84,154],"offset":[-5,-43],"originalSize":[470,470],"capInsets":[0,0,0,0]}},{"__type__":"cc.SpriteFrame","content":{"name":"stand_13_sh_ride_shape_3006_sh_stand_3_5","texture":"efgPwh9TFHZrs7DxqtcXYV","rect":[85,157,82,154],"offset":[-2,-45],"originalSize":[470,470],"capInsets":[0,0,0,0]}},{"__type__":"cc.SpriteFrame","content":{"name":"stand_13_sh_ride_shape_3006_sh_stand_3_2","texture":"efgPwh9TFHZrs7DxqtcXYV","rect":[257,1,88,150],"offset":[-7,-42],"originalSize":[470,470],"capInsets":[0,0,0,0]}}]