[{"__type__":"cc.SpriteFrame","content":{"name":"stand_3_rd1rd2_ride_ride_9222_rd1_stand_3_7","texture":"d2a7wjsShDIYLl8XOsmpsv","rect":[1,435,248,142],"offset":[-2,-40],"originalSize":[500,500],"capInsets":[0,0,0,0]}},{"__type__":"cc.SpriteFrame","content":{"name":"stand_3_rd1rd2_ride_ride_9222_rd1_stand_3_6","texture":"d2a7wjsShDIYLl8XOsmpsv","rect":[1,291,248,142],"offset":[-2,-41],"originalSize":[500,500],"capInsets":[0,0,0,0]}},{"__type__":"cc.SpriteFrame","content":{"name":"stand_3_rd1rd2_ride_ride_9222_rd1_stand_3_2","texture":"d2a7wjsShDIYLl8XOsmpsv","rect":[1,1,250,142],"offset":[-4,-39],"originalSize":[500,500],"capInsets":[0,0,0,0]}},{"__type__":"cc.SpriteAtlas","_name":"stand_3_f.plist","_spriteFrames":{"stand_3_rd1rd2_ride_ride_9222_rd1_stand_3_1":{"__uuid__":"b3DIDGbaFFH4og4Pqyn4yZ"},"stand_3_rd1rd2_ride_ride_9222_rd1_stand_3_2":{"__uuid__":"42rglFZzBCnovBf2vJb/qr"},"stand_3_rd1rd2_ride_ride_9222_rd1_stand_3_3":{"__uuid__":"d1KnafXx9HL7+r1QYSq7Cc"},"stand_3_rd1rd2_ride_ride_9222_rd1_stand_3_4":{"__uuid__":"a2ZL5d0MJBpLGMCPeM9Nso"},"stand_3_rd1rd2_ride_ride_9222_rd1_stand_3_5":{"__uuid__":"b6cu3XwI5EPLyLSlUQdJ4e"},"stand_3_rd1rd2_ride_ride_9222_rd1_stand_3_6":{"__uuid__":"38Rsb2kN1GmoVU81m7Akwy"},"stand_3_rd1rd2_ride_ride_9222_rd1_stand_3_7":{"__uuid__":"32VM0D2DpIdrAd6yA3/05u"},"stand_3_rd1rd2_ride_ride_9222_rd1_stand_3_8":{"__uuid__":"b4Uksd4p9MoYaNfm32U8F8"}}},{"__type__":"cc.SpriteFrame","content":{"name":"stand_3_rd1rd2_ride_ride_9222_rd1_stand_3_4","texture":"d2a7wjsShDIYLl8XOsmpsv","rect":[253,1,248,144],"offset":[-3,-41],"originalSize":[500,500],"capInsets":[0,0,0,0]}},{"__type__":"cc.SpriteFrame","content":{"name":"stand_3_rd1rd2_ride_ride_9222_rd1_stand_3_1","texture":"d2a7wjsShDIYLl8XOsmpsv","rect":[251,435,246,142],"offset":[-1,-38],"originalSize":[500,500],"capInsets":[0,0,0,0]}},{"__type__":"cc.SpriteFrame","content":{"name":"stand_3_rd1rd2_ride_ride_9222_rd1_stand_3_8","texture":"d2a7wjsShDIYLl8XOsmpsv","rect":[251,291,248,142],"offset":[-1,-39],"originalSize":[500,500],"capInsets":[0,0,0,0]}},{"__type__":"cc.SpriteFrame","content":{"name":"stand_3_rd1rd2_ride_ride_9222_rd1_stand_3_5","texture":"d2a7wjsShDIYLl8XOsmpsv","rect":[1,145,248,144],"offset":[-3,-41],"originalSize":[500,500],"capInsets":[0,0,0,0]}},{"__type__":"cc.SpriteFrame","content":{"name":"stand_3_rd1rd2_ride_ride_9222_rd1_stand_3_3","texture":"d2a7wjsShDIYLl8XOsmpsv","rect":[251,147,248,142],"offset":[-4,-40],"originalSize":[500,500],"capInsets":[0,0,0,0]}}]