[{"__type__":"cc.SpriteFrame","content":{"name":"stand_13_sh_ride_shape_3035_sh_stand_1_0007","texture":"42eAyxlAxFQrCCNTivwLvr","rect":[91,1,88,158],"offset":[-6,33],"originalSize":[430,430],"capInsets":[0,0,0,0]}},{"__type__":"cc.SpriteAtlas","_name":"stand_1.plist","_spriteFrames":{"stand_13_sh_ride_shape_3035_sh_stand_1_0001":{"__uuid__":"9azlysMXZE9rPDK3b89QBF"},"stand_13_sh_ride_shape_3035_sh_stand_1_0002":{"__uuid__":"ebvF0x2IZFMpQEhvMnWtXk"},"stand_13_sh_ride_shape_3035_sh_stand_1_0003":{"__uuid__":"4aPxJIE8xA9qubI2TGI7gw"},"stand_13_sh_ride_shape_3035_sh_stand_1_0004":{"__uuid__":"e2TInqxLJH1L3GZcrrFMtN"},"stand_13_sh_ride_shape_3035_sh_stand_1_0005":{"__uuid__":"c9pohrWcFNvZeZhVVDaE6k"},"stand_13_sh_ride_shape_3035_sh_stand_1_0006":{"__uuid__":"72q/lK/OtMyps9wOyfUS0P"},"stand_13_sh_ride_shape_3035_sh_stand_1_0007":{"__uuid__":"18KVwKqpBAQr/r9kSVDSZu"},"stand_13_sh_ride_shape_3035_sh_stand_1_0008":{"__uuid__":"dauOo0F7dPQo3pQrwowKIk"}}},{"__type__":"cc.SpriteFrame","content":{"name":"stand_13_sh_ride_shape_3035_sh_stand_1_0003","texture":"42eAyxlAxFQrCCNTivwLvr","rect":[179,161,86,158],"offset":[-5,33],"originalSize":[430,430],"capInsets":[0,0,0,0]}},{"__type__":"cc.SpriteFrame","content":{"name":"stand_13_sh_ride_shape_3035_sh_stand_1_0006","texture":"42eAyxlAxFQrCCNTivwLvr","rect":[267,161,88,156],"offset":[-5,33],"originalSize":[430,430],"capInsets":[0,0,0,0]}},{"__type__":"cc.SpriteFrame","content":{"name":"stand_13_sh_ride_shape_3035_sh_stand_1_0001","texture":"42eAyxlAxFQrCCNTivwLvr","rect":[1,1,88,160],"offset":[-7,32],"originalSize":[430,430],"capInsets":[0,0,0,0]}},{"__type__":"cc.SpriteFrame","content":{"name":"stand_13_sh_ride_shape_3035_sh_stand_1_0005","texture":"42eAyxlAxFQrCCNTivwLvr","rect":[269,1,86,156],"offset":[-4,33],"originalSize":[430,430],"capInsets":[0,0,0,0]}},{"__type__":"cc.SpriteFrame","content":{"name":"stand_13_sh_ride_shape_3035_sh_stand_1_0008","texture":"42eAyxlAxFQrCCNTivwLvr","rect":[1,163,88,160],"offset":[-6,33],"originalSize":[430,430],"capInsets":[0,0,0,0]}},{"__type__":"cc.SpriteFrame","content":{"name":"stand_13_sh_ride_shape_3035_sh_stand_1_0004","texture":"42eAyxlAxFQrCCNTivwLvr","rect":[181,1,86,158],"offset":[-4,34],"originalSize":[430,430],"capInsets":[0,0,0,0]}},{"__type__":"cc.SpriteFrame","content":{"name":"stand_13_sh_ride_shape_3035_sh_stand_1_0002","texture":"42eAyxlAxFQrCCNTivwLvr","rect":[91,161,86,160],"offset":[-6,33],"originalSize":[430,430],"capInsets":[0,0,0,0]}}]