[{"__type__":"cc.SpriteFrame","content":{"name":"stand_3_rd1rd2_ride_ride_9441_rd1_stand_3_6","texture":"f8tkCNHN9ISIoBSVDT08W5","rect":[278,574,277,173],"offset":[33,-30],"originalSize":[567,567],"capInsets":[0,0,0,0]}},{"__type__":"cc.SpriteFrame","content":{"name":"stand_3_rd1rd2_ride_ride_9441_rd1_stand_3_8","texture":"f8tkCNHN9ISIoBSVDT08W5","rect":[1,198,285,195],"offset":[38,-32],"originalSize":[567,567],"capInsets":[0,0,0,0]}},{"__type__":"cc.SpriteFrame","content":{"name":"stand_3_rd1rd2_ride_ride_9441_rd1_stand_3_1","texture":"f8tkCNHN9ISIoBSVDT08W5","rect":[296,1,295,193],"offset":[43,-30],"originalSize":[567,567],"capInsets":[0,0,0,0]}},{"__type__":"cc.SpriteFrame","content":{"name":"stand_3_rd1rd2_ride_ride_9441_rd1_stand_3_5","texture":"f8tkCNHN9ISIoBSVDT08W5","rect":[1,574,275,177],"offset":[30,-35],"originalSize":[567,567],"capInsets":[0,0,0,0]}},{"__type__":"cc.SpriteFrame","content":{"name":"stand_3_rd1rd2_ride_ride_9441_rd1_stand_3_7","texture":"f8tkCNHN9ISIoBSVDT08W5","rect":[1,395,285,177],"offset":[37,-28],"originalSize":[567,567],"capInsets":[0,0,0,0]}},{"__type__":"cc.SpriteFrame","content":{"name":"stand_3_rd1rd2_ride_ride_9441_rd1_stand_3_4","texture":"f8tkCNHN9ISIoBSVDT08W5","rect":[288,389,279,183],"offset":[31,-36],"originalSize":[567,567],"capInsets":[0,0,0,0]}},{"__type__":"cc.SpriteAtlas","_name":"stand_3_f.plist","_spriteFrames":{"stand_3_rd1rd2_ride_ride_9441_rd1_stand_3_1":{"__uuid__":"36gppws79G0K+pzorHaQHr"},"stand_3_rd1rd2_ride_ride_9441_rd1_stand_3_2":{"__uuid__":"aa/rbDRqxGQaMJxM6pKlej"},"stand_3_rd1rd2_ride_ride_9441_rd1_stand_3_3":{"__uuid__":"e1BzyAZplPT5pnWuTlwLqT"},"stand_3_rd1rd2_ride_ride_9441_rd1_stand_3_4":{"__uuid__":"7deIKyTcRLuIpWFoFJjY7Z"},"stand_3_rd1rd2_ride_ride_9441_rd1_stand_3_5":{"__uuid__":"3aq0wuCSdEbaG7BDpVIV6B"},"stand_3_rd1rd2_ride_ride_9441_rd1_stand_3_6":{"__uuid__":"00CxwccR9KmKyhaC4qTqaA"},"stand_3_rd1rd2_ride_ride_9441_rd1_stand_3_7":{"__uuid__":"4et0UE87RN3KcbjJVFGGUd"},"stand_3_rd1rd2_ride_ride_9441_rd1_stand_3_8":{"__uuid__":"19HkGVlqNBC7eRBj8ZeFIs"}}},{"__type__":"cc.SpriteFrame","content":{"name":"stand_3_rd1rd2_ride_ride_9441_rd1_stand_3_2","texture":"f8tkCNHN9ISIoBSVDT08W5","rect":[1,1,293,195],"offset":[43,-32],"originalSize":[567,567],"capInsets":[0,0,0,0]}},{"__type__":"cc.SpriteFrame","content":{"name":"stand_3_rd1rd2_ride_ride_9441_rd1_stand_3_3","texture":"f8tkCNHN9ISIoBSVDT08W5","rect":[296,196,293,191],"offset":[33,-36],"originalSize":[567,567],"capInsets":[0,0,0,0]}}]