[{"__type__":"cc.SpriteFrame","content":{"name":"run_13_rd1rd2_ride_ride_9121_rd2_run_1_4","texture":"86H9UaSh5N/45IOiyVG1/H","rect":[259,1,250,214],"offset":[20,43],"originalSize":[420,420],"capInsets":[0,0,0,0]}},{"__type__":"cc.SpriteAtlas","_name":"run_1_b.plist","_spriteFrames":{"run_13_rd1rd2_ride_ride_9121_rd2_run_1_1":{"__uuid__":"61t7QnpZlN3YYIKmBMiYe6"},"run_13_rd1rd2_ride_ride_9121_rd2_run_1_2":{"__uuid__":"703pBVCQVOwb3tAD8PhhMF"},"run_13_rd1rd2_ride_ride_9121_rd2_run_1_3":{"__uuid__":"edV6aJl8FK7IwbfwM9+VgR"},"run_13_rd1rd2_ride_ride_9121_rd2_run_1_4":{"__uuid__":"00SEdPXNNEgbPwytV8av0G"},"run_13_rd1rd2_ride_ride_9121_rd2_run_1_5":{"__uuid__":"32v1mHt9xBW5D8uBBnTWuz"},"run_13_rd1rd2_ride_ride_9121_rd2_run_1_6":{"__uuid__":"db9VAaUylMJKAJ0oG/UXAk"},"run_13_rd1rd2_ride_ride_9121_rd2_run_1_7":{"__uuid__":"73o0y5nXpMOpuRCB2OUnMm"},"run_13_rd1rd2_ride_ride_9121_rd2_run_1_8":{"__uuid__":"c330OGFwtDKak+jbibKUXx"}}},{"__type__":"cc.SpriteFrame","content":{"name":"run_13_rd1rd2_ride_ride_9121_rd2_run_1_5","texture":"86H9UaSh5N/45IOiyVG1/H","rect":[251,217,244,216],"offset":[24,40],"originalSize":[420,420],"capInsets":[0,0,0,0]}},{"__type__":"cc.SpriteFrame","content":{"name":"run_13_rd1rd2_ride_ride_9121_rd2_run_1_1","texture":"86H9UaSh5N/45IOiyVG1/H","rect":[261,441,270,232],"offset":[7,31],"originalSize":[420,420],"capInsets":[0,0,0,0]}},{"__type__":"cc.SpriteFrame","content":{"name":"run_13_rd1rd2_ride_ride_9121_rd2_run_1_2","texture":"86H9UaSh5N/45IOiyVG1/H","rect":[1,435,258,226],"offset":[14,34],"originalSize":[420,420],"capInsets":[0,0,0,0]}},{"__type__":"cc.SpriteFrame","content":{"name":"run_13_rd1rd2_ride_ride_9121_rd2_run_1_7","texture":"86H9UaSh5N/45IOiyVG1/H","rect":[1,215,248,214],"offset":[21,39],"originalSize":[420,420],"capInsets":[0,0,0,0]}},{"__type__":"cc.SpriteFrame","content":{"name":"run_13_rd1rd2_ride_ride_9121_rd2_run_1_8","texture":"86H9UaSh5N/45IOiyVG1/H","rect":[497,217,260,222],"offset":[13,37],"originalSize":[420,420],"capInsets":[0,0,0,0]}},{"__type__":"cc.SpriteFrame","content":{"name":"run_13_rd1rd2_ride_ride_9121_rd2_run_1_6","texture":"86H9UaSh5N/45IOiyVG1/H","rect":[511,1,246,214],"offset":[23,37],"originalSize":[420,420],"capInsets":[0,0,0,0]}},{"__type__":"cc.SpriteFrame","content":{"name":"run_13_rd1rd2_ride_ride_9121_rd2_run_1_3","texture":"86H9UaSh5N/45IOiyVG1/H","rect":[1,1,256,212],"offset":[16,42],"originalSize":[420,420],"capInsets":[0,0,0,0]}}]