[{"__type__":"cc.SpriteFrame","content":{"name":"stand_8_part2_wing_5002_stand_8_part2_0007","texture":"7bakTvjNVEg5d1dM1kJatJ","rect":[108,82,60,76],"offset":[-59,78],"originalSize":[500,500],"capInsets":[0,0,0,0]}},{"__type__":"cc.SpriteFrame","content":{"name":"stand_8_part2_wing_5002_stand_8_part2_0012","texture":"7bakTvjNVEg5d1dM1kJatJ","rect":[120,198,56,74],"offset":[-55,77],"originalSize":[500,500],"rotated":1,"capInsets":[0,0,0,0]}},{"__type__":"cc.SpriteFrame","content":{"name":"stand_8_part2_wing_5002_stand_8_part2_0006","texture":"7bakTvjNVEg5d1dM1kJatJ","rect":[170,80,58,76],"offset":[-58,78],"originalSize":[500,500],"rotated":1,"capInsets":[0,0,0,0]}},{"__type__":"cc.SpriteFrame","content":{"name":"stand_8_part2_wing_5002_stand_8_part2_0010","texture":"7bakTvjNVEg5d1dM1kJatJ","rect":[64,168,54,78],"offset":[-55,80],"originalSize":[500,500],"capInsets":[0,0,0,0]}},{"__type__":"cc.SpriteFrame","content":{"name":"stand_8_part2_wing_5002_stand_8_part2_0002","texture":"7bakTvjNVEg5d1dM1kJatJ","rect":[66,2,58,78],"offset":[-57,76],"originalSize":[500,500],"capInsets":[0,0,0,0]}},{"__type__":"cc.SpriteFrame","content":{"name":"stand_8_part2_wing_5002_stand_8_part2_0001","texture":"7bakTvjNVEg5d1dM1kJatJ","rect":[186,2,56,76],"offset":[-56,76],"originalSize":[500,500],"capInsets":[0,0,0,0]}},{"__type__":"cc.SpriteFrame","content":{"name":"stand_8_part2_wing_5002_stand_8_part2_0011","texture":"7bakTvjNVEg5d1dM1kJatJ","rect":[170,140,56,74],"offset":[-55,77],"originalSize":[500,500],"rotated":1,"capInsets":[0,0,0,0]}},{"__type__":"cc.SpriteFrame","content":{"name":"stand_8_part2_wing_5002_stand_8_part2_0008","texture":"7bakTvjNVEg5d1dM1kJatJ","rect":[56,86,50,80],"offset":[-54,79],"originalSize":[500,500],"capInsets":[0,0,0,0]}},{"__type__":"cc.SpriteFrame","content":{"name":"stand_8_part2_wing_5002_stand_8_part2_0005","texture":"7bakTvjNVEg5d1dM1kJatJ","rect":[2,2,62,82],"offset":[-58,81],"originalSize":[500,500],"capInsets":[0,0,0,0]}},{"__type__":"cc.SpriteFrame","content":{"name":"stand_8_part2_wing_5002_stand_8_part2_0003","texture":"7bakTvjNVEg5d1dM1kJatJ","rect":[126,2,58,76],"offset":[-57,78],"originalSize":[500,500],"capInsets":[0,0,0,0]}},{"__type__":"cc.SpriteFrame","content":{"name":"stand_8_part2_wing_5002_stand_8_part2_0009","texture":"7bakTvjNVEg5d1dM1kJatJ","rect":[2,86,52,82],"offset":[-55,80],"originalSize":[500,500],"capInsets":[0,0,0,0]}},{"__type__":"cc.SpriteAtlas","_name":"stand_8_part2.plist","_spriteFrames":{"stand_8_part2_wing_5002_stand_8_part2_0001":{"__uuid__":"46+ps9D/JAgL7qVbJQcCXC"},"stand_8_part2_wing_5002_stand_8_part2_0002":{"__uuid__":"41/xgPA9FEe59jhW2i7sk2"},"stand_8_part2_wing_5002_stand_8_part2_0003":{"__uuid__":"94xvbV6HxJMIX05cmV8rs4"},"stand_8_part2_wing_5002_stand_8_part2_0004":{"__uuid__":"d9Qr047C1IJIUJmBzwSbh3"},"stand_8_part2_wing_5002_stand_8_part2_0005":{"__uuid__":"869jQ9P3dLMbimNQep1jK1"},"stand_8_part2_wing_5002_stand_8_part2_0006":{"__uuid__":"2bmT3NIPdPeq5Iq7mWwrx8"},"stand_8_part2_wing_5002_stand_8_part2_0007":{"__uuid__":"08cuTGJ2pAjLUJyI8f4mZI"},"stand_8_part2_wing_5002_stand_8_part2_0008":{"__uuid__":"59NgZze9hDKL985H++WbfA"},"stand_8_part2_wing_5002_stand_8_part2_0009":{"__uuid__":"cbj5pnoktFd6tXveuixvzU"},"stand_8_part2_wing_5002_stand_8_part2_0010":{"__uuid__":"33jbF0xUJDd7WSizPN3tq5"},"stand_8_part2_wing_5002_stand_8_part2_0011":{"__uuid__":"4ashw+VAxLr6yQHz+Ec11Y"},"stand_8_part2_wing_5002_stand_8_part2_0012":{"__uuid__":"20TDH3eepF85e1vqd6wabn"}}},{"__type__":"cc.SpriteFrame","content":{"name":"stand_8_part2_wing_5002_stand_8_part2_0004","texture":"7bakTvjNVEg5d1dM1kJatJ","rect":[2,170,60,80],"offset":[-58,80],"originalSize":[500,500],"capInsets":[0,0,0,0]}}]