[{"__type__":"cc.SpriteFrame","content":{"name":"stand_3_sh_ride_shape_3036_sh_stand_3_0005","texture":"13tbi4YURBL6KqGwxzc48G","rect":[377,1,124,170],"offset":[-19,26],"originalSize":[500,500],"capInsets":[0,0,0,0]}},{"__type__":"cc.SpriteFrame","content":{"name":"stand_3_sh_ride_shape_3036_sh_stand_3_0003","texture":"13tbi4YURBL6KqGwxzc48G","rect":[1,1,124,168],"offset":[-20,28],"originalSize":[500,500],"capInsets":[0,0,0,0]}},{"__type__":"cc.SpriteFrame","content":{"name":"stand_3_sh_ride_shape_3036_sh_stand_3_0004","texture":"13tbi4YURBL6KqGwxzc48G","rect":[127,1,124,168],"offset":[-19,27],"originalSize":[500,500],"capInsets":[0,0,0,0]}},{"__type__":"cc.SpriteFrame","content":{"name":"stand_3_sh_ride_shape_3036_sh_stand_3_0008","texture":"13tbi4YURBL6KqGwxzc48G","rect":[377,173,124,174],"offset":[-19,26],"originalSize":[500,500],"capInsets":[0,0,0,0]}},{"__type__":"cc.SpriteFrame","content":{"name":"stand_3_sh_ride_shape_3036_sh_stand_3_0007","texture":"13tbi4YURBL6KqGwxzc48G","rect":[251,173,124,172],"offset":[-19,25],"originalSize":[500,500],"capInsets":[0,0,0,0]}},{"__type__":"cc.SpriteFrame","content":{"name":"stand_3_sh_ride_shape_3036_sh_stand_3_0001","texture":"13tbi4YURBL6KqGwxzc48G","rect":[127,171,122,172],"offset":[-19,27],"originalSize":[500,500],"capInsets":[0,0,0,0]}},{"__type__":"cc.SpriteFrame","content":{"name":"stand_3_sh_ride_shape_3036_sh_stand_3_0002","texture":"13tbi4YURBL6KqGwxzc48G","rect":[253,1,122,170],"offset":[-19,28],"originalSize":[500,500],"capInsets":[0,0,0,0]}},{"__type__":"cc.SpriteFrame","content":{"name":"stand_3_sh_ride_shape_3036_sh_stand_3_0006","texture":"13tbi4YURBL6KqGwxzc48G","rect":[1,171,124,170],"offset":[-19,25],"originalSize":[500,500],"capInsets":[0,0,0,0]}},{"__type__":"cc.SpriteAtlas","_name":"stand_3.plist","_spriteFrames":{"stand_3_sh_ride_shape_3036_sh_stand_3_0001":{"__uuid__":"9aw1JJa/JPLrz7YzJDyFFp"},"stand_3_sh_ride_shape_3036_sh_stand_3_0002":{"__uuid__":"c4cqPRp2BGW5cPdg29wYbp"},"stand_3_sh_ride_shape_3036_sh_stand_3_0003":{"__uuid__":"3fMVzxK9NOVpWaqPvnQIt5"},"stand_3_sh_ride_shape_3036_sh_stand_3_0004":{"__uuid__":"5aWoF68aRLxb+n79E+STEg"},"stand_3_sh_ride_shape_3036_sh_stand_3_0005":{"__uuid__":"25wytSzMlKTIgqtos6c8k+"},"stand_3_sh_ride_shape_3036_sh_stand_3_0006":{"__uuid__":"dbeELzkoRNvJmsiF4MWgyL"},"stand_3_sh_ride_shape_3036_sh_stand_3_0007":{"__uuid__":"87G62BXspNSaZFaiCrmGMy"},"stand_3_sh_ride_shape_3036_sh_stand_3_0008":{"__uuid__":"74d0YTddpEraTyFNbfBSnH"}}}]