[{"__type__":"cc.SpriteFrame","content":{"name":"stand_13_sh_ride_shape_2003_sh_stand_1_5","texture":"ffaUZuc6ZNBLclnZWkFw8q","rect":[179,1,84,146],"offset":[2,11],"originalSize":[500,500],"capInsets":[0,0,0,0]}},{"__type__":"cc.SpriteFrame","content":{"name":"stand_13_sh_ride_shape_2003_sh_stand_1_3","texture":"ffaUZuc6ZNBLclnZWkFw8q","rect":[1,1,88,146],"offset":[0,11],"originalSize":[500,500],"capInsets":[0,0,0,0]}},{"__type__":"cc.SpriteFrame","content":{"name":"stand_13_sh_ride_shape_2003_sh_stand_1_2","texture":"ffaUZuc6ZNBLclnZWkFw8q","rect":[1,149,86,146],"offset":[1,11],"originalSize":[500,500],"capInsets":[0,0,0,0]}},{"__type__":"cc.SpriteAtlas","_name":"stand_1.plist","_spriteFrames":{"stand_13_sh_ride_shape_2003_sh_stand_1_1":{"__uuid__":"b69xEkRRJNkJlWUON2+od8"},"stand_13_sh_ride_shape_2003_sh_stand_1_2":{"__uuid__":"5d+83tzUhGcI23lNyq6ReO"},"stand_13_sh_ride_shape_2003_sh_stand_1_3":{"__uuid__":"4dFGcGVJBIRpeGK7o3VAMj"},"stand_13_sh_ride_shape_2003_sh_stand_1_4":{"__uuid__":"fbhzx5G/FB0Zkd673+S3p+"},"stand_13_sh_ride_shape_2003_sh_stand_1_5":{"__uuid__":"0b7+R/0WhN2IsewjAOXUeO"},"stand_13_sh_ride_shape_2003_sh_stand_1_6":{"__uuid__":"cfgxl9hi9NXr4XTojgF+Gb"},"stand_13_sh_ride_shape_2003_sh_stand_1_7":{"__uuid__":"e0QI01JRpJMbYhLFz8MCuH"},"stand_13_sh_ride_shape_2003_sh_stand_1_8":{"__uuid__":"f4+rPhtFBCEYZYg+nIQ4QS"}}},{"__type__":"cc.SpriteFrame","content":{"name":"stand_13_sh_ride_shape_2003_sh_stand_1_1","texture":"ffaUZuc6ZNBLclnZWkFw8q","rect":[177,149,84,146],"offset":[2,11],"originalSize":[500,500],"capInsets":[0,0,0,0]}},{"__type__":"cc.SpriteFrame","content":{"name":"stand_13_sh_ride_shape_2003_sh_stand_1_6","texture":"ffaUZuc6ZNBLclnZWkFw8q","rect":[91,1,86,146],"offset":[1,11],"originalSize":[500,500],"capInsets":[0,0,0,0]}},{"__type__":"cc.SpriteFrame","content":{"name":"stand_13_sh_ride_shape_2003_sh_stand_1_7","texture":"ffaUZuc6ZNBLclnZWkFw8q","rect":[265,1,82,146],"offset":[3,11],"originalSize":[500,500],"capInsets":[0,0,0,0]}},{"__type__":"cc.SpriteFrame","content":{"name":"stand_13_sh_ride_shape_2003_sh_stand_1_8","texture":"ffaUZuc6ZNBLclnZWkFw8q","rect":[263,149,84,146],"offset":[2,11],"originalSize":[500,500],"capInsets":[0,0,0,0]}},{"__type__":"cc.SpriteFrame","content":{"name":"stand_13_sh_ride_shape_2003_sh_stand_1_4","texture":"ffaUZuc6ZNBLclnZWkFw8q","rect":[89,149,86,146],"offset":[1,11],"originalSize":[500,500],"capInsets":[0,0,0,0]}}]