[{"__type__":"cc.SpriteFrame","content":{"name":"run_13_sh_ride_shape_3016_sh_run_1_2","texture":"b8Cz/9Kt9DKpl9K2crN04x","rect":[301,1,96,148],"offset":[-15,-35],"originalSize":[490,490],"capInsets":[0,0,0,0]}},{"__type__":"cc.SpriteFrame","content":{"name":"run_13_sh_ride_shape_3016_sh_run_1_3","texture":"b8Cz/9Kt9DKpl9K2crN04x","rect":[1,1,98,150],"offset":[-15,-35],"originalSize":[490,490],"capInsets":[0,0,0,0]}},{"__type__":"cc.SpriteFrame","content":{"name":"run_13_sh_ride_shape_3016_sh_run_1_7","texture":"b8Cz/9Kt9DKpl9K2crN04x","rect":[201,1,98,148],"offset":[-14,-35],"originalSize":[490,490],"capInsets":[0,0,0,0]}},{"__type__":"cc.SpriteFrame","content":{"name":"run_13_sh_ride_shape_3016_sh_run_1_6","texture":"b8Cz/9Kt9DKpl9K2crN04x","rect":[199,153,98,148],"offset":[-14,-35],"originalSize":[490,490],"capInsets":[0,0,0,0]}},{"__type__":"cc.SpriteFrame","content":{"name":"run_13_sh_ride_shape_3016_sh_run_1_5","texture":"b8Cz/9Kt9DKpl9K2crN04x","rect":[101,1,98,150],"offset":[-14,-35],"originalSize":[490,490],"capInsets":[0,0,0,0]}},{"__type__":"cc.SpriteFrame","content":{"name":"run_13_sh_ride_shape_3016_sh_run_1_1","texture":"b8Cz/9Kt9DKpl9K2crN04x","rect":[101,153,96,150],"offset":[-14,-34],"originalSize":[490,490],"capInsets":[0,0,0,0]}},{"__type__":"cc.SpriteFrame","content":{"name":"run_13_sh_ride_shape_3016_sh_run_1_4","texture":"b8Cz/9Kt9DKpl9K2crN04x","rect":[1,153,98,150],"offset":[-14,-36],"originalSize":[490,490],"capInsets":[0,0,0,0]}},{"__type__":"cc.SpriteAtlas","_name":"run_1.plist","_spriteFrames":{"run_13_sh_ride_shape_3016_sh_run_1_1":{"__uuid__":"a0oasVO3dAron53FAN31JG"},"run_13_sh_ride_shape_3016_sh_run_1_2":{"__uuid__":"0erbnHKsdLZKK42O8SiDiG"},"run_13_sh_ride_shape_3016_sh_run_1_3":{"__uuid__":"429t3LwRRDA4dmbrTam0/M"},"run_13_sh_ride_shape_3016_sh_run_1_4":{"__uuid__":"a5bIppd1lFraaznqGoZ6Hf"},"run_13_sh_ride_shape_3016_sh_run_1_5":{"__uuid__":"64mniDODdOz6p8WC98bRpp"},"run_13_sh_ride_shape_3016_sh_run_1_6":{"__uuid__":"4eZ37LEelAZb2oX4odH7mn"},"run_13_sh_ride_shape_3016_sh_run_1_7":{"__uuid__":"45s/q6QpNPU7H8gHgnfLMG"},"run_13_sh_ride_shape_3016_sh_run_1_8":{"__uuid__":"ebOH8gvWBOBYsO3c/swn4k"}}},{"__type__":"cc.SpriteFrame","content":{"name":"run_13_sh_ride_shape_3016_sh_run_1_8","texture":"b8Cz/9Kt9DKpl9K2crN04x","rect":[299,151,96,148],"offset":[-14,-34],"originalSize":[490,490],"capInsets":[0,0,0,0]}}]