[{"__type__":"cc.SpriteFrame","content":{"name":"stand_13_rd1rd2_ride_ride_9411_rd1_stand_1_7","texture":"5bhWoSfbVPbL5pUXa+Jp3k","rect":[1,317,164,154],"offset":[43,1],"originalSize":[450,450],"capInsets":[0,0,0,0]}},{"__type__":"cc.SpriteAtlas","_name":"stand_1_f.plist","_spriteFrames":{"stand_13_rd1rd2_ride_ride_9411_rd1_stand_1_1":{"__uuid__":"78rkNAC1VG7798Bv9a6kZa"},"stand_13_rd1rd2_ride_ride_9411_rd1_stand_1_2":{"__uuid__":"d6ULNt6vVKtJgeTFS5imH1"},"stand_13_rd1rd2_ride_ride_9411_rd1_stand_1_3":{"__uuid__":"6emuNFDAVFQpTbbgdO1Oj8"},"stand_13_rd1rd2_ride_ride_9411_rd1_stand_1_4":{"__uuid__":"cevMjmw5VC24RlpmKOLryU"},"stand_13_rd1rd2_ride_ride_9411_rd1_stand_1_5":{"__uuid__":"a6kEAasD9Gy7YW+GW3meMI"},"stand_13_rd1rd2_ride_ride_9411_rd1_stand_1_6":{"__uuid__":"e3FwxnF6pF75bSvt44R6o0"},"stand_13_rd1rd2_ride_ride_9411_rd1_stand_1_7":{"__uuid__":"03iQJj2qJHBr1uqCNFCLcR"},"stand_13_rd1rd2_ride_ride_9411_rd1_stand_1_8":{"__uuid__":"cbRAlzr79D3badx4v7mjIG"}}},{"__type__":"cc.SpriteFrame","content":{"name":"stand_13_rd1rd2_ride_ride_9411_rd1_stand_1_3","texture":"5bhWoSfbVPbL5pUXa+Jp3k","rect":[173,159,160,154],"offset":[42,0],"originalSize":[450,450],"capInsets":[0,0,0,0]}},{"__type__":"cc.SpriteFrame","content":{"name":"stand_13_rd1rd2_ride_ride_9411_rd1_stand_1_1","texture":"5bhWoSfbVPbL5pUXa+Jp3k","rect":[335,159,144,150],"offset":[36,2],"originalSize":[450,450],"capInsets":[0,0,0,0]}},{"__type__":"cc.SpriteFrame","content":{"name":"stand_13_rd1rd2_ride_ride_9411_rd1_stand_1_5","texture":"5bhWoSfbVPbL5pUXa+Jp3k","rect":[1,1,172,156],"offset":[44,1],"originalSize":[450,450],"capInsets":[0,0,0,0]}},{"__type__":"cc.SpriteFrame","content":{"name":"stand_13_rd1rd2_ride_ride_9411_rd1_stand_1_8","texture":"5bhWoSfbVPbL5pUXa+Jp3k","rect":[167,317,156,152],"offset":[42,2],"originalSize":[450,450],"capInsets":[0,0,0,0]}},{"__type__":"cc.SpriteFrame","content":{"name":"stand_13_rd1rd2_ride_ride_9411_rd1_stand_1_4","texture":"5bhWoSfbVPbL5pUXa+Jp3k","rect":[1,159,170,156],"offset":[44,2],"originalSize":[450,450],"capInsets":[0,0,0,0]}},{"__type__":"cc.SpriteFrame","content":{"name":"stand_13_rd1rd2_ride_ride_9411_rd1_stand_1_2","texture":"5bhWoSfbVPbL5pUXa+Jp3k","rect":[325,315,154,148],"offset":[39,3],"originalSize":[450,450],"capInsets":[0,0,0,0]}},{"__type__":"cc.SpriteFrame","content":{"name":"stand_13_rd1rd2_ride_ride_9411_rd1_stand_1_6","texture":"5bhWoSfbVPbL5pUXa+Jp3k","rect":[175,1,168,156],"offset":[44,1],"originalSize":[450,450],"capInsets":[0,0,0,0]}}]