[{"__type__":"cc.SpriteFrame","content":{"name":"stand_1_part2_wing_5001_stand_1_part2_0012","texture":"33pCHzvulAlLZ2OQUN/k1Z","rect":[122,158,48,82],"offset":[-4,88],"originalSize":[500,500],"capInsets":[0,0,0,0]}},{"__type__":"cc.SpriteFrame","content":{"name":"stand_1_part2_wing_5001_stand_1_part2_0005","texture":"33pCHzvulAlLZ2OQUN/k1Z","rect":[2,96,52,88],"offset":[-2,86],"originalSize":[500,500],"capInsets":[0,0,0,0]}},{"__type__":"cc.SpriteFrame","content":{"name":"stand_1_part2_wing_5001_stand_1_part2_0003","texture":"33pCHzvulAlLZ2OQUN/k1Z","rect":[174,54,50,80],"offset":[-3,86],"originalSize":[500,500],"rotated":1,"capInsets":[0,0,0,0]}},{"__type__":"cc.SpriteFrame","content":{"name":"stand_1_part2_wing_5001_stand_1_part2_0010","texture":"33pCHzvulAlLZ2OQUN/k1Z","rect":[88,84,36,84],"offset":[-9,89],"originalSize":[500,500],"rotated":1,"capInsets":[0,0,0,0]}},{"__type__":"cc.SpriteAtlas","_name":"stand_1_part2.plist","_spriteFrames":{"stand_1_part2_wing_5001_stand_1_part2_0001":{"__uuid__":"c6/8DqKRRO/pytwJNIctvO"},"stand_1_part2_wing_5001_stand_1_part2_0002":{"__uuid__":"9bYqHWLQZDUr8yEOwg3ZVB"},"stand_1_part2_wing_5001_stand_1_part2_0003":{"__uuid__":"7aEflWrRFFy5FoAVV4kvju"},"stand_1_part2_wing_5001_stand_1_part2_0004":{"__uuid__":"8bsVqhGgtCfYxOYVTtaKh1"},"stand_1_part2_wing_5001_stand_1_part2_0005":{"__uuid__":"20H7qgrRtC0I5iJnJw4h2U"},"stand_1_part2_wing_5001_stand_1_part2_0006":{"__uuid__":"b6IEYiedlFyb3CLaQ1CDx3"},"stand_1_part2_wing_5001_stand_1_part2_0007":{"__uuid__":"8e7LKotYFOTK5WdhNCx7w9"},"stand_1_part2_wing_5001_stand_1_part2_0008":{"__uuid__":"adnNxvTCFG/an+1B0mHbdS"},"stand_1_part2_wing_5001_stand_1_part2_0009":{"__uuid__":"b86MncaCdJqaJN9bmasWkb"},"stand_1_part2_wing_5001_stand_1_part2_0010":{"__uuid__":"8649tflfNBwZQeXstuW6Dn"},"stand_1_part2_wing_5001_stand_1_part2_0011":{"__uuid__":"c5gRPFgEdCvqUFq9eSfW+N"},"stand_1_part2_wing_5001_stand_1_part2_0012":{"__uuid__":"08bxTeMgpDp7/sw/Js17ak"}}},{"__type__":"cc.SpriteFrame","content":{"name":"stand_1_part2_wing_5001_stand_1_part2_0004","texture":"33pCHzvulAlLZ2OQUN/k1Z","rect":[2,186,52,84],"offset":[-3,87],"originalSize":[500,500],"rotated":1,"capInsets":[0,0,0,0]}},{"__type__":"cc.SpriteFrame","content":{"name":"stand_1_part2_wing_5001_stand_1_part2_0007","texture":"33pCHzvulAlLZ2OQUN/k1Z","rect":[88,46,36,84],"offset":[-11,89],"originalSize":[500,500],"rotated":1,"capInsets":[0,0,0,0]}},{"__type__":"cc.SpriteFrame","content":{"name":"stand_1_part2_wing_5001_stand_1_part2_0002","texture":"33pCHzvulAlLZ2OQUN/k1Z","rect":[174,106,50,78],"offset":[-3,86],"originalSize":[500,500],"rotated":1,"capInsets":[0,0,0,0]}},{"__type__":"cc.SpriteFrame","content":{"name":"stand_1_part2_wing_5001_stand_1_part2_0008","texture":"33pCHzvulAlLZ2OQUN/k1Z","rect":[88,122,34,84],"offset":[-11,89],"originalSize":[500,500],"rotated":1,"capInsets":[0,0,0,0]}},{"__type__":"cc.SpriteFrame","content":{"name":"stand_1_part2_wing_5001_stand_1_part2_0006","texture":"33pCHzvulAlLZ2OQUN/k1Z","rect":[2,2,52,92],"offset":[-4,85],"originalSize":[500,500],"capInsets":[0,0,0,0]}},{"__type__":"cc.SpriteFrame","content":{"name":"stand_1_part2_wing_5001_stand_1_part2_0009","texture":"33pCHzvulAlLZ2OQUN/k1Z","rect":[88,158,32,84],"offset":[-12,89],"originalSize":[500,500],"capInsets":[0,0,0,0]}},{"__type__":"cc.SpriteFrame","content":{"name":"stand_1_part2_wing_5001_stand_1_part2_0011","texture":"33pCHzvulAlLZ2OQUN/k1Z","rect":[88,2,42,84],"offset":[-7,90],"originalSize":[500,500],"rotated":1,"capInsets":[0,0,0,0]}},{"__type__":"cc.SpriteFrame","content":{"name":"stand_1_part2_wing_5001_stand_1_part2_0001","texture":"33pCHzvulAlLZ2OQUN/k1Z","rect":[174,2,50,80],"offset":[-3,87],"originalSize":[500,500],"rotated":1,"capInsets":[0,0,0,0]}}]