[{"__type__":"cc.SpriteFrame","content":{"name":"stand_3_rd2_ride_ride_9141_rd2_stand_3_4","texture":"6aDztgIFFCvoMbrtvCznb4","rect":[128,190,124,186],"offset":[-41,40],"originalSize":[430,430],"capInsets":[0,0,0,0]}},{"__type__":"cc.SpriteAtlas","_name":"stand_3_b.plist","_spriteFrames":{"stand_3_rd2_ride_ride_9141_rd2_stand_3_1":{"__uuid__":"falGbk+zRPS5KnlsYhGgqR"},"stand_3_rd2_ride_ride_9141_rd2_stand_3_2":{"__uuid__":"d19rMSdf5FwplTtOkCTfQE"},"stand_3_rd2_ride_ride_9141_rd2_stand_3_3":{"__uuid__":"67y4AAk+ZER6doV5gjZy2q"},"stand_3_rd2_ride_ride_9141_rd2_stand_3_4":{"__uuid__":"03eLuYU0lIwY1MJxxjjL4n"},"stand_3_rd2_ride_ride_9141_rd2_stand_3_5":{"__uuid__":"74tXWiXotF6qkrIiO4ZQHC"},"stand_3_rd2_ride_ride_9141_rd2_stand_3_6":{"__uuid__":"91JzI8hXpOPL9OozDBlCrp"},"stand_3_rd2_ride_ride_9141_rd2_stand_3_7":{"__uuid__":"dfCMl2/+1C0IP2fdrNJIIN"},"stand_3_rd2_ride_ride_9141_rd2_stand_3_8":{"__uuid__":"76boZtFaRHYqhdrl3HU+G3"}}},{"__type__":"cc.SpriteFrame","content":{"name":"stand_3_rd2_ride_ride_9141_rd2_stand_3_3","texture":"6aDztgIFFCvoMbrtvCznb4","rect":[2,190,124,186],"offset":[-41,40],"originalSize":[430,430],"capInsets":[0,0,0,0]}},{"__type__":"cc.SpriteFrame","content":{"name":"stand_3_rd2_ride_ride_9141_rd2_stand_3_5","texture":"6aDztgIFFCvoMbrtvCznb4","rect":[258,2,124,184],"offset":[-42,39],"originalSize":[430,430],"capInsets":[0,0,0,0]}},{"__type__":"cc.SpriteFrame","content":{"name":"stand_3_rd2_ride_ride_9141_rd2_stand_3_8","texture":"6aDztgIFFCvoMbrtvCznb4","rect":[130,2,126,184],"offset":[-41,40],"originalSize":[430,430],"capInsets":[0,0,0,0]}},{"__type__":"cc.SpriteFrame","content":{"name":"stand_3_rd2_ride_ride_9141_rd2_stand_3_6","texture":"6aDztgIFFCvoMbrtvCznb4","rect":[2,378,126,184],"offset":[-42,39],"originalSize":[430,430],"rotated":1,"capInsets":[0,0,0,0]}},{"__type__":"cc.SpriteFrame","content":{"name":"stand_3_rd2_ride_ride_9141_rd2_stand_3_2","texture":"6aDztgIFFCvoMbrtvCznb4","rect":[2,2,126,186],"offset":[-41,41],"originalSize":[430,430],"capInsets":[0,0,0,0]}},{"__type__":"cc.SpriteFrame","content":{"name":"stand_3_rd2_ride_ride_9141_rd2_stand_3_7","texture":"6aDztgIFFCvoMbrtvCznb4","rect":[188,378,126,182],"offset":[-42,39],"originalSize":[430,430],"rotated":1,"capInsets":[0,0,0,0]}},{"__type__":"cc.SpriteFrame","content":{"name":"stand_3_rd2_ride_ride_9141_rd2_stand_3_1","texture":"6aDztgIFFCvoMbrtvCznb4","rect":[254,188,124,184],"offset":[-41,41],"originalSize":[430,430],"capInsets":[0,0,0,0]}}]