[{"__type__":"cc.SpriteFrame","content":{"name":"stand_7_part1_wing_5014_stand_7_part1_0005","texture":"51HcCv7kNOoqKFvdKIsuel","rect":[100,280,96,134],"offset":[43,55],"originalSize":[500,500],"capInsets":[0,0,0,0]}},{"__type__":"cc.SpriteFrame","content":{"name":"stand_7_part1_wing_5014_stand_7_part1_0010","texture":"51HcCv7kNOoqKFvdKIsuel","rect":[218,388,88,104],"offset":[38,39],"originalSize":[500,500],"capInsets":[0,0,0,0]}},{"__type__":"cc.SpriteFrame","content":{"name":"stand_7_part1_wing_5014_stand_7_part1_0008","texture":"51HcCv7kNOoqKFvdKIsuel","rect":[114,416,92,102],"offset":[40,37],"originalSize":[500,500],"rotated":1,"capInsets":[0,0,0,0]}},{"__type__":"cc.SpriteFrame","content":{"name":"stand_7_part1_wing_5014_stand_7_part1_0006","texture":"51HcCv7kNOoqKFvdKIsuel","rect":[2,142,100,136],"offset":[44,56],"originalSize":[500,500],"capInsets":[0,0,0,0]}},{"__type__":"cc.SpriteFrame","content":{"name":"stand_7_part1_wing_5014_stand_7_part1_0003","texture":"51HcCv7kNOoqKFvdKIsuel","rect":[104,142,120,128],"offset":[54,56],"originalSize":[500,500],"capInsets":[0,0,0,0]}},{"__type__":"cc.SpriteFrame","content":{"name":"stand_7_part1_wing_5014_stand_7_part1_0009","texture":"51HcCv7kNOoqKFvdKIsuel","rect":[226,118,88,100],"offset":[38,36],"originalSize":[500,500],"capInsets":[0,0,0,0]}},{"__type__":"cc.SpriteFrame","content":{"name":"stand_7_part1_wing_5014_stand_7_part1_0012","texture":"51HcCv7kNOoqKFvdKIsuel","rect":[198,272,104,114],"offset":[46,46],"originalSize":[500,500],"capInsets":[0,0,0,0]}},{"__type__":"cc.SpriteFrame","content":{"name":"stand_7_part1_wing_5014_stand_7_part1_0002","texture":"51HcCv7kNOoqKFvdKIsuel","rect":[106,2,114,126],"offset":[52,55],"originalSize":[500,500],"capInsets":[0,0,0,0]}},{"__type__":"cc.SpriteFrame","content":{"name":"stand_7_part1_wing_5014_stand_7_part1_0011","texture":"51HcCv7kNOoqKFvdKIsuel","rect":[2,416,92,110],"offset":[41,43],"originalSize":[500,500],"rotated":1,"capInsets":[0,0,0,0]}},{"__type__":"cc.SpriteFrame","content":{"name":"stand_7_part1_wing_5014_stand_7_part1_0004","texture":"51HcCv7kNOoqKFvdKIsuel","rect":[2,280,96,134],"offset":[43,57],"originalSize":[500,500],"capInsets":[0,0,0,0]}},{"__type__":"cc.SpriteFrame","content":{"name":"stand_7_part1_wing_5014_stand_7_part1_0001","texture":"51HcCv7kNOoqKFvdKIsuel","rect":[222,2,108,114],"offset":[49,48],"originalSize":[500,500],"capInsets":[0,0,0,0]}},{"__type__":"cc.SpriteFrame","content":{"name":"stand_7_part1_wing_5014_stand_7_part1_0007","texture":"51HcCv7kNOoqKFvdKIsuel","rect":[2,2,102,138],"offset":[45,56],"originalSize":[500,500],"capInsets":[0,0,0,0]}},{"__type__":"cc.SpriteAtlas","_name":"stand_7_part1.plist","_spriteFrames":{"stand_7_part1_wing_5014_stand_7_part1_0001":{"__uuid__":"c1tcwi5YVL66+XJUBYugEQ"},"stand_7_part1_wing_5014_stand_7_part1_0002":{"__uuid__":"96rJs0T55GfZcQV0ldDoag"},"stand_7_part1_wing_5014_stand_7_part1_0003":{"__uuid__":"74pb2v7cdInI4EEKN+m2D5"},"stand_7_part1_wing_5014_stand_7_part1_0004":{"__uuid__":"afISgwdadCp5+JBpx4MekQ"},"stand_7_part1_wing_5014_stand_7_part1_0005":{"__uuid__":"20Ut5SscRKcaE6y8/9zhir"},"stand_7_part1_wing_5014_stand_7_part1_0006":{"__uuid__":"71mkW5DfBHfb29xB/jaoDF"},"stand_7_part1_wing_5014_stand_7_part1_0007":{"__uuid__":"d7nyntumdNELdlzu8Y+CwN"},"stand_7_part1_wing_5014_stand_7_part1_0008":{"__uuid__":"41H+vemPdCHqGvpCda1CYz"},"stand_7_part1_wing_5014_stand_7_part1_0009":{"__uuid__":"88d0nv5CZAWIJiQAYJvxtv"},"stand_7_part1_wing_5014_stand_7_part1_0010":{"__uuid__":"24JCWINT1PB4BndNoflMYx"},"stand_7_part1_wing_5014_stand_7_part1_0011":{"__uuid__":"97dJJa/MlJ7q0RBfVDf7vX"},"stand_7_part1_wing_5014_stand_7_part1_0012":{"__uuid__":"89UVIMumBLCZweiu4JpkLg"}}}]