[{"__type__":"cc.SpriteFrame","content":{"name":"run_3_sh_ride_shape_3005_sh_run_3_8","texture":"abdJ6CXtlNH4oTN5lnmfek","rect":[180,2,176,154],"offset":[32,-75],"originalSize":[470,470],"capInsets":[0,0,0,0]}},{"__type__":"cc.SpriteFrame","content":{"name":"run_3_sh_ride_shape_3005_sh_run_3_7","texture":"abdJ6CXtlNH4oTN5lnmfek","rect":[2,2,176,154],"offset":[32,-74],"originalSize":[470,470],"capInsets":[0,0,0,0]}},{"__type__":"cc.SpriteFrame","content":{"name":"run_3_sh_ride_shape_3005_sh_run_3_5","texture":"abdJ6CXtlNH4oTN5lnmfek","rect":[160,158,166,160],"offset":[26,-75],"originalSize":[470,470],"capInsets":[0,0,0,0]}},{"__type__":"cc.SpriteAtlas","_name":"run_3.plist","_spriteFrames":{"run_3_sh_ride_shape_3005_sh_run_3_1":{"__uuid__":"ff4vuGQGBDz4PEzdPm2oe7"},"run_3_sh_ride_shape_3005_sh_run_3_2":{"__uuid__":"8eld6z4ihCWY5gCdE690Fb"},"run_3_sh_ride_shape_3005_sh_run_3_3":{"__uuid__":"fe+Z3dngJCh7PqwZdWVljf"},"run_3_sh_ride_shape_3005_sh_run_3_4":{"__uuid__":"dc+olsxb9HkqRyxNqUCoRf"},"run_3_sh_ride_shape_3005_sh_run_3_5":{"__uuid__":"72Ypc2PoZNxbDtc7zPfl88"},"run_3_sh_ride_shape_3005_sh_run_3_6":{"__uuid__":"e7D7zb/wVIZqmCaF8D3m9s"},"run_3_sh_ride_shape_3005_sh_run_3_7":{"__uuid__":"6fIVulU/hH36PM31503oXx"},"run_3_sh_ride_shape_3005_sh_run_3_8":{"__uuid__":"3fsC3Oxe9DsZ2qJ5UbJ3mn"}}},{"__type__":"cc.SpriteFrame","content":{"name":"run_3_sh_ride_shape_3005_sh_run_3_2","texture":"abdJ6CXtlNH4oTN5lnmfek","rect":[328,158,166,158],"offset":[27,-77],"originalSize":[470,470],"capInsets":[0,0,0,0]}},{"__type__":"cc.SpriteFrame","content":{"name":"run_3_sh_ride_shape_3005_sh_run_3_4","texture":"abdJ6CXtlNH4oTN5lnmfek","rect":[160,320,162,160],"offset":[26,-76],"originalSize":[470,470],"capInsets":[0,0,0,0]}},{"__type__":"cc.SpriteFrame","content":{"name":"run_3_sh_ride_shape_3005_sh_run_3_6","texture":"abdJ6CXtlNH4oTN5lnmfek","rect":[2,332,170,156],"offset":[29,-74],"originalSize":[470,470],"rotated":1,"capInsets":[0,0,0,0]}},{"__type__":"cc.SpriteFrame","content":{"name":"run_3_sh_ride_shape_3005_sh_run_3_3","texture":"abdJ6CXtlNH4oTN5lnmfek","rect":[328,318,164,162],"offset":[26,-77],"originalSize":[470,470],"capInsets":[0,0,0,0]}},{"__type__":"cc.SpriteFrame","content":{"name":"run_3_sh_ride_shape_3005_sh_run_3_1","texture":"abdJ6CXtlNH4oTN5lnmfek","rect":[2,158,172,156],"offset":[29,-76],"originalSize":[470,470],"rotated":1,"capInsets":[0,0,0,0]}}]