[{"__type__":"cc.SpriteFrame","content":{"name":"stand_13_sh_ride_shape_2003_sh_stand_3_3","texture":"bdZvgpKwFPx5U7CznnLCxt","rect":[1,1,88,102],"offset":[-11,4],"originalSize":[500,500],"capInsets":[0,0,0,0]}},{"__type__":"cc.SpriteFrame","content":{"name":"stand_13_sh_ride_shape_2003_sh_stand_3_7","texture":"bdZvgpKwFPx5U7CznnLCxt","rect":[177,1,82,102],"offset":[-12,4],"originalSize":[500,500],"capInsets":[0,0,0,0]}},{"__type__":"cc.SpriteFrame","content":{"name":"stand_13_sh_ride_shape_2003_sh_stand_3_6","texture":"bdZvgpKwFPx5U7CznnLCxt","rect":[89,209,84,102],"offset":[-11,4],"originalSize":[500,500],"capInsets":[0,0,0,0]}},{"__type__":"cc.SpriteAtlas","_name":"stand_3.plist","_spriteFrames":{"stand_13_sh_ride_shape_2003_sh_stand_3_1":{"__uuid__":"d73Ba/XxNDMLzwsh+9ASky"},"stand_13_sh_ride_shape_2003_sh_stand_3_2":{"__uuid__":"99QWy9/9BB0bCnT688eiAY"},"stand_13_sh_ride_shape_2003_sh_stand_3_3":{"__uuid__":"1dIS3Etq1N7puoQiXRAClN"},"stand_13_sh_ride_shape_2003_sh_stand_3_4":{"__uuid__":"ffZJRLX/hNFrxqZe7a2K4B"},"stand_13_sh_ride_shape_2003_sh_stand_3_5":{"__uuid__":"7a42e2XX1CIZ5JttNpmZe6"},"stand_13_sh_ride_shape_2003_sh_stand_3_6":{"__uuid__":"54hQuHyxNK459vFF/duiEF"},"stand_13_sh_ride_shape_2003_sh_stand_3_7":{"__uuid__":"30T7QhHLJB/IQGS5uO9Frm"},"stand_13_sh_ride_shape_2003_sh_stand_3_8":{"__uuid__":"63CobpMZZAm4wL0wd4SSpG"}}},{"__type__":"cc.SpriteFrame","content":{"name":"stand_13_sh_ride_shape_2003_sh_stand_3_8","texture":"bdZvgpKwFPx5U7CznnLCxt","rect":[175,105,82,102],"offset":[-12,4],"originalSize":[500,500],"capInsets":[0,0,0,0]}},{"__type__":"cc.SpriteFrame","content":{"name":"stand_13_sh_ride_shape_2003_sh_stand_3_5","texture":"bdZvgpKwFPx5U7CznnLCxt","rect":[91,1,84,102],"offset":[-12,4],"originalSize":[500,500],"capInsets":[0,0,0,0]}},{"__type__":"cc.SpriteFrame","content":{"name":"stand_13_sh_ride_shape_2003_sh_stand_3_2","texture":"bdZvgpKwFPx5U7CznnLCxt","rect":[1,105,86,102],"offset":[-11,4],"originalSize":[500,500],"capInsets":[0,0,0,0]}},{"__type__":"cc.SpriteFrame","content":{"name":"stand_13_sh_ride_shape_2003_sh_stand_3_1","texture":"bdZvgpKwFPx5U7CznnLCxt","rect":[89,105,84,102],"offset":[-12,4],"originalSize":[500,500],"capInsets":[0,0,0,0]}},{"__type__":"cc.SpriteFrame","content":{"name":"stand_13_sh_ride_shape_2003_sh_stand_3_4","texture":"bdZvgpKwFPx5U7CznnLCxt","rect":[1,209,86,102],"offset":[-11,4],"originalSize":[500,500],"capInsets":[0,0,0,0]}}]