[{"__type__":"cc.SpriteFrame","content":{"name":"stand_1_rd2_ride_ride_9241_rd2_stand_1_7","texture":"a12ODVjRpKIZHK8AY9ra3O","rect":[1,269,484,242],"offset":[-27,89],"originalSize":[800,800],"capInsets":[0,0,0,0]}},{"__type__":"cc.SpriteFrame","content":{"name":"stand_1_rd2_ride_ride_9241_rd2_stand_1_2","texture":"a12ODVjRpKIZHK8AY9ra3O","rect":[445,1,482,254],"offset":[-44,98],"originalSize":[800,800],"capInsets":[0,0,0,0]}},{"__type__":"cc.SpriteAtlas","_name":"stand_1_b.plist","_spriteFrames":{"stand_1_rd2_ride_ride_9241_rd2_stand_1_1":{"__uuid__":"56ipdW1PFB8ojEDyQPZ9VQ"},"stand_1_rd2_ride_ride_9241_rd2_stand_1_2":{"__uuid__":"3abgL8JktMup+Lk9fqDUw8"},"stand_1_rd2_ride_ride_9241_rd2_stand_1_3":{"__uuid__":"feqSL+MvtIWp3+2pLQLunQ"},"stand_1_rd2_ride_ride_9241_rd2_stand_1_4":{"__uuid__":"93t1VUuv5JnIqiolpqlcRf"},"stand_1_rd2_ride_ride_9241_rd2_stand_1_5":{"__uuid__":"71euc0rGhOMZbLF+NJiqvm"},"stand_1_rd2_ride_ride_9241_rd2_stand_1_6":{"__uuid__":"c8Ck3yEsxIEZl8mlgnqzNM"},"stand_1_rd2_ride_ride_9241_rd2_stand_1_7":{"__uuid__":"0dJTe9nzJP0oZcjEM+f8/P"},"stand_1_rd2_ride_ride_9241_rd2_stand_1_8":{"__uuid__":"d8CUokzqFDQI6NmlgEzMqK"}}},{"__type__":"cc.SpriteFrame","content":{"name":"stand_1_rd2_ride_ride_9241_rd2_stand_1_1","texture":"a12ODVjRpKIZHK8AY9ra3O","rect":[487,257,474,252],"offset":[-41,96],"originalSize":[800,800],"capInsets":[0,0,0,0]}},{"__type__":"cc.SpriteFrame","content":{"name":"stand_1_rd2_ride_ride_9241_rd2_stand_1_5","texture":"a12ODVjRpKIZHK8AY9ra3O","rect":[481,757,454,242],"offset":[-32,95],"originalSize":[800,800],"capInsets":[0,0,0,0]}},{"__type__":"cc.SpriteFrame","content":{"name":"stand_1_rd2_ride_ride_9241_rd2_stand_1_4","texture":"a12ODVjRpKIZHK8AY9ra3O","rect":[1,1,442,266],"offset":[-32,106],"originalSize":[800,800],"capInsets":[0,0,0,0]}},{"__type__":"cc.SpriteFrame","content":{"name":"stand_1_rd2_ride_ride_9241_rd2_stand_1_6","texture":"a12ODVjRpKIZHK8AY9ra3O","rect":[1,757,478,232],"offset":[-24,88],"originalSize":[800,800],"capInsets":[0,0,0,0]}},{"__type__":"cc.SpriteFrame","content":{"name":"stand_1_rd2_ride_ride_9241_rd2_stand_1_8","texture":"a12ODVjRpKIZHK8AY9ra3O","rect":[487,511,480,244],"offset":[-35,94],"originalSize":[800,800],"capInsets":[0,0,0,0]}},{"__type__":"cc.SpriteFrame","content":{"name":"stand_1_rd2_ride_ride_9241_rd2_stand_1_3","texture":"a12ODVjRpKIZHK8AY9ra3O","rect":[1,513,454,242],"offset":[-21,93],"originalSize":[800,800],"capInsets":[0,0,0,0]}}]