[{"__type__":"cc.SpriteFrame","content":{"name":"run_3_rd1rd2_ride_ride_9231_rd1_run_3_7","texture":"66JpVdtjVPk7WfJcCRn99S","rect":[320,581,303,291],"offset":[38,-5],"originalSize":[413,413],"capInsets":[0,0,0,0]}},{"__type__":"cc.SpriteFrame","content":{"name":"run_3_rd1rd2_ride_ride_9231_rd1_run_3_5","texture":"66JpVdtjVPk7WfJcCRn99S","rect":[286,284,311,287],"offset":[40,-3],"originalSize":[413,413],"capInsets":[0,0,0,0]}},{"__type__":"cc.SpriteFrame","content":{"name":"run_3_rd1rd2_ride_ride_9231_rd1_run_3_1","texture":"66JpVdtjVPk7WfJcCRn99S","rect":[605,1,279,287],"offset":[31,-2],"originalSize":[413,413],"capInsets":[0,0,0,0]}},{"__type__":"cc.SpriteFrame","content":{"name":"run_3_rd1rd2_ride_ride_9231_rd1_run_3_4","texture":"66JpVdtjVPk7WfJcCRn99S","rect":[298,1,305,281],"offset":[38,-1],"originalSize":[413,413],"capInsets":[0,0,0,0]}},{"__type__":"cc.SpriteFrame","content":{"name":"run_3_rd1rd2_ride_ride_9231_rd1_run_3_8","texture":"66JpVdtjVPk7WfJcCRn99S","rect":[1,282,283,287],"offset":[29,-2],"originalSize":[413,413],"capInsets":[0,0,0,0]}},{"__type__":"cc.SpriteFrame","content":{"name":"run_3_rd1rd2_ride_ride_9231_rd1_run_3_6","texture":"66JpVdtjVPk7WfJcCRn99S","rect":[1,573,317,291],"offset":[44,-5],"originalSize":[413,413],"capInsets":[0,0,0,0]}},{"__type__":"cc.SpriteAtlas","_name":"run_3_f.plist","_spriteFrames":{"run_3_rd1rd2_ride_ride_9231_rd1_run_3_1":{"__uuid__":"7aVO4UYEVF0aI5INZjRepb"},"run_3_rd1rd2_ride_ride_9231_rd1_run_3_2":{"__uuid__":"fd8gFbWOVFPa1/zkxTc6Cg"},"run_3_rd1rd2_ride_ride_9231_rd1_run_3_3":{"__uuid__":"e9Ll/jhOFLT7XtHPV1GzJ9"},"run_3_rd1rd2_ride_ride_9231_rd1_run_3_4":{"__uuid__":"854+ZtIXZHv5/eW08NjXoT"},"run_3_rd1rd2_ride_ride_9231_rd1_run_3_5":{"__uuid__":"4174jppSpDrJpCbkmvSQdU"},"run_3_rd1rd2_ride_ride_9231_rd1_run_3_6":{"__uuid__":"acYx3skbtP8bbbch5/wCHF"},"run_3_rd1rd2_ride_ride_9231_rd1_run_3_7":{"__uuid__":"31Mztv5fhCUob8WzBOtoj0"},"run_3_rd1rd2_ride_ride_9231_rd1_run_3_8":{"__uuid__":"99pftnGY1BFIEck73NplDL"}}},{"__type__":"cc.SpriteFrame","content":{"name":"run_3_rd1rd2_ride_ride_9231_rd1_run_3_3","texture":"66JpVdtjVPk7WfJcCRn99S","rect":[1,1,295,279],"offset":[35,1],"originalSize":[413,413],"capInsets":[0,0,0,0]}},{"__type__":"cc.SpriteFrame","content":{"name":"run_3_rd1rd2_ride_ride_9231_rd1_run_3_2","texture":"66JpVdtjVPk7WfJcCRn99S","rect":[599,290,287,289],"offset":[32,-4],"originalSize":[413,413],"capInsets":[0,0,0,0]}}]