[{"__type__":"cc.SpriteFrame","content":{"name":"stand_1_rd1_ride_ride_9141_rd1_stand_1_1","texture":"50o2stwZJDkY/EKyEXU/8c","rect":[2,306,156,152],"offset":[26,9],"originalSize":[500,500],"rotated":1,"capInsets":[0,0,0,0]}},{"__type__":"cc.SpriteFrame","content":{"name":"stand_1_rd1_ride_ride_9141_rd1_stand_1_3","texture":"50o2stwZJDkY/EKyEXU/8c","rect":[314,306,156,152],"offset":[26,9],"originalSize":[500,500],"capInsets":[0,0,0,0]}},{"__type__":"cc.SpriteFrame","content":{"name":"stand_1_rd1_ride_ride_9141_rd1_stand_1_5","texture":"50o2stwZJDkY/EKyEXU/8c","rect":[324,2,158,150],"offset":[27,8],"originalSize":[500,500],"capInsets":[0,0,0,0]}},{"__type__":"cc.SpriteFrame","content":{"name":"stand_1_rd1_ride_ride_9141_rd1_stand_1_2","texture":"50o2stwZJDkY/EKyEXU/8c","rect":[156,156,156,152],"offset":[26,9],"originalSize":[500,500],"capInsets":[0,0,0,0]}},{"__type__":"cc.SpriteFrame","content":{"name":"stand_1_rd1_ride_ride_9141_rd1_stand_1_6","texture":"50o2stwZJDkY/EKyEXU/8c","rect":[2,2,160,152],"offset":[27,9],"originalSize":[500,500],"capInsets":[0,0,0,0]}},{"__type__":"cc.SpriteFrame","content":{"name":"stand_1_rd1_ride_ride_9141_rd1_stand_1_8","texture":"50o2stwZJDkY/EKyEXU/8c","rect":[164,2,158,152],"offset":[26,10],"originalSize":[500,500],"capInsets":[0,0,0,0]}},{"__type__":"cc.SpriteFrame","content":{"name":"stand_1_rd1_ride_ride_9141_rd1_stand_1_4","texture":"50o2stwZJDkY/EKyEXU/8c","rect":[156,310,156,150],"offset":[27,8],"originalSize":[500,500],"capInsets":[0,0,0,0]}},{"__type__":"cc.SpriteFrame","content":{"name":"stand_1_rd1_ride_ride_9141_rd1_stand_1_7","texture":"50o2stwZJDkY/EKyEXU/8c","rect":[324,154,158,150],"offset":[28,9],"originalSize":[500,500],"capInsets":[0,0,0,0]}},{"__type__":"cc.SpriteAtlas","_name":"stand_1_f.plist","_spriteFrames":{"stand_1_rd1_ride_ride_9141_rd1_stand_1_1":{"__uuid__":"04rlUm0KlBSKc3k9JIDl/V"},"stand_1_rd1_ride_ride_9141_rd1_stand_1_2":{"__uuid__":"2bfnYo1t1OwYZFZEgkHRkW"},"stand_1_rd1_ride_ride_9141_rd1_stand_1_3":{"__uuid__":"05YL+hFeVJDIHcGJc6tSi5"},"stand_1_rd1_ride_ride_9141_rd1_stand_1_4":{"__uuid__":"d5gTEoE5dKYLhnSzRYVVmw"},"stand_1_rd1_ride_ride_9141_rd1_stand_1_5":{"__uuid__":"22PHF9FtBPC4HywJvn0HLe"},"stand_1_rd1_ride_ride_9141_rd1_stand_1_6":{"__uuid__":"59lRbP0hRLeLz7d9mWIJ/S"},"stand_1_rd1_ride_ride_9141_rd1_stand_1_7":{"__uuid__":"dcEHmN8JpJbLS18IYOCqxt"},"stand_1_rd1_ride_ride_9141_rd1_stand_1_8":{"__uuid__":"89PujamYpEc4Ly40NG7xvk"}}}]