[{"__type__":"cc.SpriteFrame","content":{"name":"stand_3_rd1rd2rd3_ride_ride_9211_rd2_stand_3_1","texture":"c1ErixlrNPX7FaowACYxqy","rect":[1,1,306,220],"offset":[-6,8],"originalSize":[800,800],"capInsets":[0,0,0,0]}},{"__type__":"cc.SpriteFrame","content":{"name":"stand_3_rd1rd2rd3_ride_ride_9211_rd2_stand_3_7","texture":"c1ErixlrNPX7FaowACYxqy","rect":[309,1,318,214],"offset":[-2,8],"originalSize":[800,800],"capInsets":[0,0,0,0]}},{"__type__":"cc.SpriteFrame","content":{"name":"stand_3_rd1rd2rd3_ride_ride_9211_rd2_stand_3_4","texture":"c1ErixlrNPX7FaowACYxqy","rect":[303,651,290,208],"offset":[-11,10],"originalSize":[800,800],"capInsets":[0,0,0,0]}},{"__type__":"cc.SpriteFrame","content":{"name":"stand_3_rd1rd2rd3_ride_ride_9211_rd2_stand_3_3","texture":"c1ErixlrNPX7FaowACYxqy","rect":[1,653,286,208],"offset":[-14,11],"originalSize":[800,800],"capInsets":[0,0,0,0]}},{"__type__":"cc.SpriteFrame","content":{"name":"stand_3_rd1rd2rd3_ride_ride_9211_rd2_stand_3_2","texture":"c1ErixlrNPX7FaowACYxqy","rect":[327,217,294,218],"offset":[-11,8],"originalSize":[800,800],"capInsets":[0,0,0,0]}},{"__type__":"cc.SpriteFrame","content":{"name":"stand_3_rd1rd2rd3_ride_ride_9211_rd2_stand_3_8","texture":"c1ErixlrNPX7FaowACYxqy","rect":[1,223,324,216],"offset":[-3,10],"originalSize":[800,800],"capInsets":[0,0,0,0]}},{"__type__":"cc.SpriteFrame","content":{"name":"stand_3_rd1rd2rd3_ride_ride_9211_rd2_stand_3_5","texture":"c1ErixlrNPX7FaowACYxqy","rect":[1,441,300,210],"offset":[-5,8],"originalSize":[800,800],"capInsets":[0,0,0,0]}},{"__type__":"cc.SpriteFrame","content":{"name":"stand_3_rd1rd2rd3_ride_ride_9211_rd2_stand_3_6","texture":"c1ErixlrNPX7FaowACYxqy","rect":[327,437,310,212],"offset":[1,7],"originalSize":[800,800],"capInsets":[0,0,0,0]}},{"__type__":"cc.SpriteAtlas","_name":"stand_3_b.plist","_spriteFrames":{"stand_3_rd1rd2rd3_ride_ride_9211_rd2_stand_3_1":{"__uuid__":"09tjhCQy1JgZ7JJNGrPXvL"},"stand_3_rd1rd2rd3_ride_ride_9211_rd2_stand_3_2":{"__uuid__":"c3EsMWAglMdIjDqoGNtCpn"},"stand_3_rd1rd2rd3_ride_ride_9211_rd2_stand_3_3":{"__uuid__":"a6A6ZlM3JMZotReg8bk4A9"},"stand_3_rd1rd2rd3_ride_ride_9211_rd2_stand_3_4":{"__uuid__":"817My7n49B9rnjL2pohZdN"},"stand_3_rd1rd2rd3_ride_ride_9211_rd2_stand_3_5":{"__uuid__":"e93rHUI/ROXLQU4XyDIWqn"},"stand_3_rd1rd2rd3_ride_ride_9211_rd2_stand_3_6":{"__uuid__":"edSjS33ytK4pK5//LyYF5C"},"stand_3_rd1rd2rd3_ride_ride_9211_rd2_stand_3_7":{"__uuid__":"6bUN0SBEtKFbe7W/yinf3l"},"stand_3_rd1rd2rd3_ride_ride_9211_rd2_stand_3_8":{"__uuid__":"e2yGQQCalKe6+DIp0Otq6I"}}}]