[{"__type__":"cc.SpriteFrame","content":{"name":"stand_3_part1_wing_5014_stand_3_part1_0012","texture":"70/NrM7ylAbKoyIizjDC3f","rect":[102,84,68,98],"offset":[-15,34],"originalSize":[500,500],"rotated":1,"capInsets":[0,0,0,0]}},{"__type__":"cc.SpriteFrame","content":{"name":"stand_3_part1_wing_5014_stand_3_part1_0007","texture":"70/NrM7ylAbKoyIizjDC3f","rect":[98,238,66,94],"offset":[-14,31],"originalSize":[500,500],"rotated":1,"capInsets":[0,0,0,0]}},{"__type__":"cc.SpriteFrame","content":{"name":"stand_3_part1_wing_5014_stand_3_part1_0010","texture":"70/NrM7ylAbKoyIizjDC3f","rect":[192,330,60,88],"offset":[-11,29],"originalSize":[500,500],"capInsets":[0,0,0,0]}},{"__type__":"cc.SpriteAtlas","_name":"stand_3_part1.plist","_spriteFrames":{"stand_3_part1_wing_5014_stand_3_part1_0001":{"__uuid__":"90bhUR+yVIyJ9b7yn324aE"},"stand_3_part1_wing_5014_stand_3_part1_0002":{"__uuid__":"49b6qsfqlGyrYAsPeNIbbt"},"stand_3_part1_wing_5014_stand_3_part1_0003":{"__uuid__":"82VUgGWx9FY7NKuAm3IaCG"},"stand_3_part1_wing_5014_stand_3_part1_0004":{"__uuid__":"a4HiLW53ZN77DcyReT8MNF"},"stand_3_part1_wing_5014_stand_3_part1_0005":{"__uuid__":"dcmT7Bd7VOa4BNXIsaySIm"},"stand_3_part1_wing_5014_stand_3_part1_0006":{"__uuid__":"3cDdefj2NKLp2Y+O8+2RuI"},"stand_3_part1_wing_5014_stand_3_part1_0007":{"__uuid__":"10j5v7JYJESIEoIVZFtHUO"},"stand_3_part1_wing_5014_stand_3_part1_0008":{"__uuid__":"5cp4Pxby1I5LfmpD1cOUSv"},"stand_3_part1_wing_5014_stand_3_part1_0009":{"__uuid__":"8bjBVAgUJLUKlX9ygo6DVS"},"stand_3_part1_wing_5014_stand_3_part1_0010":{"__uuid__":"2f9QMOx7pCXayeC+TxYwEz"},"stand_3_part1_wing_5014_stand_3_part1_0011":{"__uuid__":"d1LPAUiuZMzJ8Cox6gN7yb"},"stand_3_part1_wing_5014_stand_3_part1_0012":{"__uuid__":"08b05B5rlJS5kcV8avhUOG"}}},{"__type__":"cc.SpriteFrame","content":{"name":"stand_3_part1_wing_5014_stand_3_part1_0006","texture":"70/NrM7ylAbKoyIizjDC3f","rect":[2,228,66,94],"offset":[-14,31],"originalSize":[500,500],"rotated":1,"capInsets":[0,0,0,0]}},{"__type__":"cc.SpriteFrame","content":{"name":"stand_3_part1_wing_5014_stand_3_part1_0002","texture":"70/NrM7ylAbKoyIizjDC3f","rect":[2,78,78,98],"offset":[-20,37],"originalSize":[500,500],"rotated":1,"capInsets":[0,0,0,0]}},{"__type__":"cc.SpriteFrame","content":{"name":"stand_3_part1_wing_5014_stand_3_part1_0008","texture":"70/NrM7ylAbKoyIizjDC3f","rect":[2,158,68,94],"offset":[-15,32],"originalSize":[500,500],"rotated":1,"capInsets":[0,0,0,0]}},{"__type__":"cc.SpriteFrame","content":{"name":"stand_3_part1_wing_5014_stand_3_part1_0003","texture":"70/NrM7ylAbKoyIizjDC3f","rect":[102,154,82,96],"offset":[-22,34],"originalSize":[500,500],"rotated":1,"capInsets":[0,0,0,0]}},{"__type__":"cc.SpriteFrame","content":{"name":"stand_3_part1_wing_5014_stand_3_part1_0009","texture":"70/NrM7ylAbKoyIizjDC3f","rect":[98,306,66,92],"offset":[-14,31],"originalSize":[500,500],"rotated":1,"capInsets":[0,0,0,0]}},{"__type__":"cc.SpriteFrame","content":{"name":"stand_3_part1_wing_5014_stand_3_part1_0001","texture":"70/NrM7ylAbKoyIizjDC3f","rect":[2,2,74,100],"offset":[-18,35],"originalSize":[500,500],"rotated":1,"capInsets":[0,0,0,0]}},{"__type__":"cc.SpriteFrame","content":{"name":"stand_3_part1_wing_5014_stand_3_part1_0004","texture":"70/NrM7ylAbKoyIizjDC3f","rect":[104,2,80,98],"offset":[-21,34],"originalSize":[500,500],"rotated":1,"capInsets":[0,0,0,0]}},{"__type__":"cc.SpriteFrame","content":{"name":"stand_3_part1_wing_5014_stand_3_part1_0011","texture":"70/NrM7ylAbKoyIizjDC3f","rect":[194,238,60,90],"offset":[-11,30],"originalSize":[500,500],"capInsets":[0,0,0,0]}},{"__type__":"cc.SpriteFrame","content":{"name":"stand_3_part1_wing_5014_stand_3_part1_0005","texture":"70/NrM7ylAbKoyIizjDC3f","rect":[2,296,64,94],"offset":[-13,32],"originalSize":[500,500],"rotated":1,"capInsets":[0,0,0,0]}}]