[{"__type__":"cc.SpriteFrame","content":{"name":"stand_3_rd1rd2_ride_ride_9231_rd2_stand_3_1","texture":"6aSRSe5d9NrZJRne4Tb5fA","rect":[1,210,267,211],"offset":[10,63],"originalSize":[415,415],"capInsets":[0,0,0,0]}},{"__type__":"cc.SpriteFrame","content":{"name":"stand_3_rd1rd2_ride_ride_9231_rd2_stand_3_3","texture":"6aSRSe5d9NrZJRne4Tb5fA","rect":[535,210,259,209],"offset":[4,62],"originalSize":[415,415],"capInsets":[0,0,0,0]}},{"__type__":"cc.SpriteFrame","content":{"name":"stand_3_rd1rd2_ride_ride_9231_rd2_stand_3_2","texture":"6aSRSe5d9NrZJRne4Tb5fA","rect":[1,423,267,211],"offset":[10,63],"originalSize":[415,415],"capInsets":[0,0,0,0]}},{"__type__":"cc.SpriteFrame","content":{"name":"stand_3_rd1rd2_ride_ride_9231_rd2_stand_3_6","texture":"6aSRSe5d9NrZJRne4Tb5fA","rect":[276,1,267,207],"offset":[10,61],"originalSize":[415,415],"capInsets":[0,0,0,0]}},{"__type__":"cc.SpriteFrame","content":{"name":"stand_3_rd1rd2_ride_ride_9231_rd2_stand_3_4","texture":"6aSRSe5d9NrZJRne4Tb5fA","rect":[270,423,263,209],"offset":[6,62],"originalSize":[415,415],"capInsets":[0,0,0,0]}},{"__type__":"cc.SpriteFrame","content":{"name":"stand_3_rd1rd2_ride_ride_9231_rd2_stand_3_5","texture":"6aSRSe5d9NrZJRne4Tb5fA","rect":[1,1,273,207],"offset":[9,61],"originalSize":[415,415],"capInsets":[0,0,0,0]}},{"__type__":"cc.SpriteFrame","content":{"name":"stand_3_rd1rd2_ride_ride_9231_rd2_stand_3_8","texture":"6aSRSe5d9NrZJRne4Tb5fA","rect":[270,210,263,211],"offset":[9,63],"originalSize":[415,415],"capInsets":[0,0,0,0]}},{"__type__":"cc.SpriteFrame","content":{"name":"stand_3_rd1rd2_ride_ride_9231_rd2_stand_3_7","texture":"6aSRSe5d9NrZJRne4Tb5fA","rect":[535,421,259,209],"offset":[6,62],"originalSize":[415,415],"capInsets":[0,0,0,0]}},{"__type__":"cc.SpriteAtlas","_name":"stand_3_b.plist","_spriteFrames":{"stand_3_rd1rd2_ride_ride_9231_rd2_stand_3_1":{"__uuid__":"1bLJ1mwcpLKaR/To8fu4Nr"},"stand_3_rd1rd2_ride_ride_9231_rd2_stand_3_2":{"__uuid__":"73/TTpFfRCfo+Yigk0pHD/"},"stand_3_rd1rd2_ride_ride_9231_rd2_stand_3_3":{"__uuid__":"24ItpjMIJEdrz97UguYWeq"},"stand_3_rd1rd2_ride_ride_9231_rd2_stand_3_4":{"__uuid__":"91IePmW3xP/5MEqwLaFnXq"},"stand_3_rd1rd2_ride_ride_9231_rd2_stand_3_5":{"__uuid__":"bfqF4sKCFNlZAFUpbNrJi7"},"stand_3_rd1rd2_ride_ride_9231_rd2_stand_3_6":{"__uuid__":"79OskUcj1B669X4RaGjSw4"},"stand_3_rd1rd2_ride_ride_9231_rd2_stand_3_7":{"__uuid__":"e85mwacYJCnaTXD4uIxNbi"},"stand_3_rd1rd2_ride_ride_9231_rd2_stand_3_8":{"__uuid__":"cbsPANRKxO1atLZlTA0r3k"}}}]