[{"__type__":"cc.SpriteFrame","content":{"name":"stand_13_sh_ride_shape_4038_sh_stand_3_0008","texture":"056R65njVJz7fx4EqD/7tN","rect":[1,131,98,126],"offset":[7,37],"originalSize":[470,470],"capInsets":[0,0,0,0]}},{"__type__":"cc.SpriteFrame","content":{"name":"stand_13_sh_ride_shape_4038_sh_stand_3_0005","texture":"056R65njVJz7fx4EqD/7tN","rect":[101,131,94,122],"offset":[6,37],"originalSize":[470,470],"capInsets":[0,0,0,0]}},{"__type__":"cc.SpriteFrame","content":{"name":"stand_13_sh_ride_shape_4038_sh_stand_3_0002","texture":"056R65njVJz7fx4EqD/7tN","rect":[101,1,94,128],"offset":[8,36],"originalSize":[470,470],"capInsets":[0,0,0,0]}},{"__type__":"cc.SpriteFrame","content":{"name":"stand_13_sh_ride_shape_4038_sh_stand_3_0006","texture":"056R65njVJz7fx4EqD/7tN","rect":[197,127,94,124],"offset":[7,37],"originalSize":[470,470],"capInsets":[0,0,0,0]}},{"__type__":"cc.SpriteFrame","content":{"name":"stand_13_sh_ride_shape_4038_sh_stand_3_0001","texture":"056R65njVJz7fx4EqD/7tN","rect":[1,1,98,128],"offset":[6,36],"originalSize":[470,470],"capInsets":[0,0,0,0]}},{"__type__":"cc.SpriteAtlas","_name":"stand_3.plist","_spriteFrames":{"stand_13_sh_ride_shape_4038_sh_stand_3_0001":{"__uuid__":"81G2ITSSFDLraGXQZI8MSz"},"stand_13_sh_ride_shape_4038_sh_stand_3_0002":{"__uuid__":"6cyvPqvcVF8aKP4Vu/fXiQ"},"stand_13_sh_ride_shape_4038_sh_stand_3_0003":{"__uuid__":"a6r+eC2xpHf4IfmCUySsaE"},"stand_13_sh_ride_shape_4038_sh_stand_3_0004":{"__uuid__":"eaJm7+tkVKfpyG2zJ2F86x"},"stand_13_sh_ride_shape_4038_sh_stand_3_0005":{"__uuid__":"447pK1nGJHhYtie/urJGzB"},"stand_13_sh_ride_shape_4038_sh_stand_3_0006":{"__uuid__":"74e5Vj5k5ERpc0OzA8yz2U"},"stand_13_sh_ride_shape_4038_sh_stand_3_0007":{"__uuid__":"cfmuzlpwFOzKBV3zoGsgrr"},"stand_13_sh_ride_shape_4038_sh_stand_3_0008":{"__uuid__":"21jrmL66tBkoOYmjPu6R0L"}}},{"__type__":"cc.SpriteFrame","content":{"name":"stand_13_sh_ride_shape_4038_sh_stand_3_0003","texture":"056R65njVJz7fx4EqD/7tN","rect":[197,253,92,124],"offset":[8,36],"originalSize":[470,470],"capInsets":[0,0,0,0]}},{"__type__":"cc.SpriteFrame","content":{"name":"stand_13_sh_ride_shape_4038_sh_stand_3_0007","texture":"056R65njVJz7fx4EqD/7tN","rect":[197,1,96,124],"offset":[7,37],"originalSize":[470,470],"capInsets":[0,0,0,0]}},{"__type__":"cc.SpriteFrame","content":{"name":"stand_13_sh_ride_shape_4038_sh_stand_3_0004","texture":"056R65njVJz7fx4EqD/7tN","rect":[101,255,92,122],"offset":[7,37],"originalSize":[470,470],"capInsets":[0,0,0,0]}}]