[{"__type__":"cc.SpriteFrame","content":{"name":"stand_1_part2_wing_5002_stand_1_part2_0012","texture":"54j/ubRRdEmLWi1dlfEs7R","rect":[140,98,46,64],"offset":[0,82],"originalSize":[500,500],"rotated":1,"capInsets":[0,0,0,0]}},{"__type__":"cc.SpriteFrame","content":{"name":"stand_1_part2_wing_5002_stand_1_part2_0001","texture":"54j/ubRRdEmLWi1dlfEs7R","rect":[44,152,46,68],"offset":[0,82],"originalSize":[500,500],"capInsets":[0,0,0,0]}},{"__type__":"cc.SpriteFrame","content":{"name":"stand_1_part2_wing_5002_stand_1_part2_0006","texture":"54j/ubRRdEmLWi1dlfEs7R","rect":[2,2,46,74],"offset":[1,86],"originalSize":[500,500],"capInsets":[0,0,0,0]}},{"__type__":"cc.SpriteFrame","content":{"name":"stand_1_part2_wing_5002_stand_1_part2_0002","texture":"54j/ubRRdEmLWi1dlfEs7R","rect":[86,74,46,68],"offset":[0,81],"originalSize":[500,500],"capInsets":[0,0,0,0]}},{"__type__":"cc.SpriteFrame","content":{"name":"stand_1_part2_wing_5002_stand_1_part2_0007","texture":"54j/ubRRdEmLWi1dlfEs7R","rect":[2,78,40,74],"offset":[1,86],"originalSize":[500,500],"capInsets":[0,0,0,0]}},{"__type__":"cc.SpriteFrame","content":{"name":"stand_1_part2_wing_5002_stand_1_part2_0011","texture":"54j/ubRRdEmLWi1dlfEs7R","rect":[92,144,46,66],"offset":[-1,83],"originalSize":[500,500],"capInsets":[0,0,0,0]}},{"__type__":"cc.SpriteFrame","content":{"name":"stand_1_part2_wing_5002_stand_1_part2_0004","texture":"54j/ubRRdEmLWi1dlfEs7R","rect":[146,50,46,66],"offset":[0,82],"originalSize":[500,500],"rotated":1,"capInsets":[0,0,0,0]}},{"__type__":"cc.SpriteFrame","content":{"name":"stand_1_part2_wing_5002_stand_1_part2_0009","texture":"54j/ubRRdEmLWi1dlfEs7R","rect":[44,78,40,72],"offset":[1,86],"originalSize":[500,500],"capInsets":[0,0,0,0]}},{"__type__":"cc.SpriteFrame","content":{"name":"stand_1_part2_wing_5002_stand_1_part2_0003","texture":"54j/ubRRdEmLWi1dlfEs7R","rect":[146,2,46,66],"offset":[0,81],"originalSize":[500,500],"rotated":1,"capInsets":[0,0,0,0]}},{"__type__":"cc.SpriteFrame","content":{"name":"stand_1_part2_wing_5002_stand_1_part2_0005","texture":"54j/ubRRdEmLWi1dlfEs7R","rect":[50,2,46,70],"offset":[1,85],"originalSize":[500,500],"capInsets":[0,0,0,0]}},{"__type__":"cc.SpriteFrame","content":{"name":"stand_1_part2_wing_5002_stand_1_part2_0008","texture":"54j/ubRRdEmLWi1dlfEs7R","rect":[2,154,40,74],"offset":[1,86],"originalSize":[500,500],"capInsets":[0,0,0,0]}},{"__type__":"cc.SpriteAtlas","_name":"stand_1_part2.plist","_spriteFrames":{"stand_1_part2_wing_5002_stand_1_part2_0001":{"__uuid__":"10ejmOch1FdLYD5UOL+7OG"},"stand_1_part2_wing_5002_stand_1_part2_0002":{"__uuid__":"39dVv8LCdPLa0oYRc53T7w"},"stand_1_part2_wing_5002_stand_1_part2_0003":{"__uuid__":"a7bdo16idGZpj5fy3Rbxuh"},"stand_1_part2_wing_5002_stand_1_part2_0004":{"__uuid__":"6fHrqtXlRBhIhaxuT0K/mM"},"stand_1_part2_wing_5002_stand_1_part2_0005":{"__uuid__":"a8kAd9KUlMIoYaM/SiH/ig"},"stand_1_part2_wing_5002_stand_1_part2_0006":{"__uuid__":"30xM3hJN9MSZx18IFP8jxP"},"stand_1_part2_wing_5002_stand_1_part2_0007":{"__uuid__":"4aQy+6Lk1LL7n1q3Palu9j"},"stand_1_part2_wing_5002_stand_1_part2_0008":{"__uuid__":"b3WXpg6ApHB7nQlOZSrL3L"},"stand_1_part2_wing_5002_stand_1_part2_0009":{"__uuid__":"76EJzDPNVLlonjj107/17a"},"stand_1_part2_wing_5002_stand_1_part2_0010":{"__uuid__":"dcWfMCdiNMTbJ5SR+et/Tp"},"stand_1_part2_wing_5002_stand_1_part2_0011":{"__uuid__":"66MFBBifNNo4mW+/EqWBqM"},"stand_1_part2_wing_5002_stand_1_part2_0012":{"__uuid__":"08/8GmXvlLv5qa1/N00TIr"}}},{"__type__":"cc.SpriteFrame","content":{"name":"stand_1_part2_wing_5002_stand_1_part2_0010","texture":"54j/ubRRdEmLWi1dlfEs7R","rect":[98,2,46,68],"offset":[-1,84],"originalSize":[500,500],"capInsets":[0,0,0,0]}}]