[{"__type__":"cc.SpriteFrame","content":{"name":"stand_3_part2_wing_5003_stand_3_part2_0008","texture":"b3ndcAEthLRpF6mWaPZZ1B","rect":[54,166,80,48],"offset":[54,46],"originalSize":[450,450],"rotated":1,"capInsets":[0,0,0,0]}},{"__type__":"cc.SpriteFrame","content":{"name":"stand_3_part2_wing_5003_stand_3_part2_0011","texture":"b3ndcAEthLRpF6mWaPZZ1B","rect":[2,166,84,50],"offset":[58,46],"originalSize":[450,450],"rotated":1,"capInsets":[0,0,0,0]}},{"__type__":"cc.SpriteAtlas","_name":"stand_3_part2.plist","_spriteFrames":{"stand_3_part2_wing_5003_stand_3_part2_0001":{"__uuid__":"cew4bV8JxEpokcQQ+TAvaP"},"stand_3_part2_wing_5003_stand_3_part2_0002":{"__uuid__":"b6zqkP0QBKqquMmxmkLMMR"},"stand_3_part2_wing_5003_stand_3_part2_0003":{"__uuid__":"cbqlTiSM5J973OujkDp5QN"},"stand_3_part2_wing_5003_stand_3_part2_0004":{"__uuid__":"beq3xZc7tKMqPcpgmLISoR"},"stand_3_part2_wing_5003_stand_3_part2_0005":{"__uuid__":"d1MIiYn8hH5aWK/d0lH3yO"},"stand_3_part2_wing_5003_stand_3_part2_0006":{"__uuid__":"9eeMii7hVGArimGnA8EFn1"},"stand_3_part2_wing_5003_stand_3_part2_0007":{"__uuid__":"9alG3W2qpMlKRJUiY9aPPU"},"stand_3_part2_wing_5003_stand_3_part2_0008":{"__uuid__":"3eke+31gtCGL184++RQMPj"},"stand_3_part2_wing_5003_stand_3_part2_0009":{"__uuid__":"e8SYsG1JRNsr3uo8Y9Oi3y"},"stand_3_part2_wing_5003_stand_3_part2_0010":{"__uuid__":"a8xT/EFb1EN64aBHsHnhtX"},"stand_3_part2_wing_5003_stand_3_part2_0011":{"__uuid__":"69awPuwrFBTa45qabt2WAU"},"stand_3_part2_wing_5003_stand_3_part2_0012":{"__uuid__":"eaJmTSOehKUY/Qlt/QqCqZ"}}},{"__type__":"cc.SpriteFrame","content":{"name":"stand_3_part2_wing_5003_stand_3_part2_0007","texture":"b3ndcAEthLRpF6mWaPZZ1B","rect":[2,60,80,50],"offset":[54,47],"originalSize":[450,450],"capInsets":[0,0,0,0]}},{"__type__":"cc.SpriteFrame","content":{"name":"stand_3_part2_wing_5003_stand_3_part2_0006","texture":"b3ndcAEthLRpF6mWaPZZ1B","rect":[84,112,78,50],"offset":[55,47],"originalSize":[450,450],"capInsets":[0,0,0,0]}},{"__type__":"cc.SpriteFrame","content":{"name":"stand_3_part2_wing_5003_stand_3_part2_0010","texture":"b3ndcAEthLRpF6mWaPZZ1B","rect":[104,164,80,48],"offset":[56,45],"originalSize":[450,450],"capInsets":[0,0,0,0]}},{"__type__":"cc.SpriteFrame","content":{"name":"stand_3_part2_wing_5003_stand_3_part2_0002","texture":"b3ndcAEthLRpF6mWaPZZ1B","rect":[194,2,80,56],"offset":[57,49],"originalSize":[450,450],"rotated":1,"capInsets":[0,0,0,0]}},{"__type__":"cc.SpriteFrame","content":{"name":"stand_3_part2_wing_5003_stand_3_part2_0004","texture":"b3ndcAEthLRpF6mWaPZZ1B","rect":[190,84,80,54],"offset":[56,49],"originalSize":[450,450],"rotated":1,"capInsets":[0,0,0,0]}},{"__type__":"cc.SpriteFrame","content":{"name":"stand_3_part2_wing_5003_stand_3_part2_0003","texture":"b3ndcAEthLRpF6mWaPZZ1B","rect":[2,2,98,56],"offset":[65,50],"originalSize":[450,450],"capInsets":[0,0,0,0]}},{"__type__":"cc.SpriteFrame","content":{"name":"stand_3_part2_wing_5003_stand_3_part2_0001","texture":"b3ndcAEthLRpF6mWaPZZ1B","rect":[102,2,90,54],"offset":[62,48],"originalSize":[450,450],"capInsets":[0,0,0,0]}},{"__type__":"cc.SpriteFrame","content":{"name":"stand_3_part2_wing_5003_stand_3_part2_0005","texture":"b3ndcAEthLRpF6mWaPZZ1B","rect":[2,112,80,52],"offset":[55,48],"originalSize":[450,450],"capInsets":[0,0,0,0]}},{"__type__":"cc.SpriteFrame","content":{"name":"stand_3_part2_wing_5003_stand_3_part2_0009","texture":"b3ndcAEthLRpF6mWaPZZ1B","rect":[186,166,78,48],"offset":[55,46],"originalSize":[450,450],"rotated":1,"capInsets":[0,0,0,0]}},{"__type__":"cc.SpriteFrame","content":{"name":"stand_3_part2_wing_5003_stand_3_part2_0012","texture":"b3ndcAEthLRpF6mWaPZZ1B","rect":[102,58,86,52],"offset":[60,47],"originalSize":[450,450],"capInsets":[0,0,0,0]}}]