[{"__type__":"cc.SpriteAtlas","_name":"stand_7_part1.plist","_spriteFrames":{"stand_7_part1_wing_5003_stand_7_part1_0001":{"__uuid__":"d1fndm5L1MVprfMUxcZZIb"},"stand_7_part1_wing_5003_stand_7_part1_0002":{"__uuid__":"6foliXiq5DqaN3YTDZ3h3o"},"stand_7_part1_wing_5003_stand_7_part1_0003":{"__uuid__":"e7iHdF+HVLjpFsPr6cPwUW"},"stand_7_part1_wing_5003_stand_7_part1_0004":{"__uuid__":"70Dv3/hItL6ZFTXpkfLOOL"},"stand_7_part1_wing_5003_stand_7_part1_0005":{"__uuid__":"583gB6UpJDWpexgScilbix"},"stand_7_part1_wing_5003_stand_7_part1_0006":{"__uuid__":"f36KZsOE9P0aBDr2LF+G5y"},"stand_7_part1_wing_5003_stand_7_part1_0007":{"__uuid__":"afCaHlLAhN8oEzI+QUSNAX"},"stand_7_part1_wing_5003_stand_7_part1_0008":{"__uuid__":"54gIOI2DBOPprWUokMrS8W"},"stand_7_part1_wing_5003_stand_7_part1_0009":{"__uuid__":"afQJob53ZKa5wPyixNC02K"},"stand_7_part1_wing_5003_stand_7_part1_0010":{"__uuid__":"ffJqq47m9EXprSJ8liFiRp"},"stand_7_part1_wing_5003_stand_7_part1_0011":{"__uuid__":"fbBX3THqNKmpV3S+Deg3Tw"},"stand_7_part1_wing_5003_stand_7_part1_0012":{"__uuid__":"99/pbPMVZCU6em42zxiJEI"}}},{"__type__":"cc.SpriteFrame","content":{"name":"stand_7_part1_wing_5003_stand_7_part1_0008","texture":"c75PCjPr1NVY+uzlqmjGNQ","rect":[2,108,91,45],"offset":[50,31],"originalSize":[475,475],"rotated":1,"capInsets":[0,0,0,0]}},{"__type__":"cc.SpriteFrame","content":{"name":"stand_7_part1_wing_5003_stand_7_part1_0005","texture":"c75PCjPr1NVY+uzlqmjGNQ","rect":[164,151,79,47],"offset":[42,32],"originalSize":[475,475],"capInsets":[0,0,0,0]}},{"__type__":"cc.SpriteFrame","content":{"name":"stand_7_part1_wing_5003_stand_7_part1_0002","texture":"c75PCjPr1NVY+uzlqmjGNQ","rect":[2,201,81,51],"offset":[41,31],"originalSize":[475,475],"capInsets":[0,0,0,0]}},{"__type__":"cc.SpriteFrame","content":{"name":"stand_7_part1_wing_5003_stand_7_part1_0004","texture":"c75PCjPr1NVY+uzlqmjGNQ","rect":[164,200,75,47],"offset":[40,32],"originalSize":[475,475],"capInsets":[0,0,0,0]}},{"__type__":"cc.SpriteFrame","content":{"name":"stand_7_part1_wing_5003_stand_7_part1_0012","texture":"c75PCjPr1NVY+uzlqmjGNQ","rect":[2,2,113,53],"offset":[59,30],"originalSize":[475,475],"capInsets":[0,0,0,0]}},{"__type__":"cc.SpriteFrame","content":{"name":"stand_7_part1_wing_5003_stand_7_part1_0007","texture":"c75PCjPr1NVY+uzlqmjGNQ","rect":[49,108,87,45],"offset":[47,31],"originalSize":[475,475],"rotated":1,"capInsets":[0,0,0,0]}},{"__type__":"cc.SpriteFrame","content":{"name":"stand_7_part1_wing_5003_stand_7_part1_0009","texture":"c75PCjPr1NVY+uzlqmjGNQ","rect":[2,57,95,49],"offset":[52,30],"originalSize":[475,475],"capInsets":[0,0,0,0]}},{"__type__":"cc.SpriteFrame","content":{"name":"stand_7_part1_wing_5003_stand_7_part1_0001","texture":"c75PCjPr1NVY+uzlqmjGNQ","rect":[85,197,77,51],"offset":[39,32],"originalSize":[475,475],"capInsets":[0,0,0,0]}},{"__type__":"cc.SpriteFrame","content":{"name":"stand_7_part1_wing_5003_stand_7_part1_0003","texture":"c75PCjPr1NVY+uzlqmjGNQ","rect":[96,108,85,49],"offset":[44,32],"originalSize":[475,475],"rotated":1,"capInsets":[0,0,0,0]}},{"__type__":"cc.SpriteFrame","content":{"name":"stand_7_part1_wing_5003_stand_7_part1_0006","texture":"c75PCjPr1NVY+uzlqmjGNQ","rect":[164,104,83,45],"offset":[44,31],"originalSize":[475,475],"capInsets":[0,0,0,0]}},{"__type__":"cc.SpriteFrame","content":{"name":"stand_7_part1_wing_5003_stand_7_part1_0011","texture":"c75PCjPr1NVY+uzlqmjGNQ","rect":[117,2,105,51],"offset":[57,30],"originalSize":[475,475],"capInsets":[0,0,0,0]}},{"__type__":"cc.SpriteFrame","content":{"name":"stand_7_part1_wing_5003_stand_7_part1_0010","texture":"c75PCjPr1NVY+uzlqmjGNQ","rect":[117,55,101,47],"offset":[54,30],"originalSize":[475,475],"capInsets":[0,0,0,0]}}]