[{"__type__":"cc.SpriteFrame","content":{"name":"stand_7_part1_wing_5001_stand_7_part1_0002","texture":"77wsdHBCZLKKHZMFj2Y8Xg","rect":[2,2,67,93],"offset":[30,25],"originalSize":[475,475],"capInsets":[0,0,0,0]}},{"__type__":"cc.SpriteFrame","content":{"name":"stand_7_part1_wing_5001_stand_7_part1_0004","texture":"77wsdHBCZLKKHZMFj2Y8Xg","rect":[81,166,63,63],"offset":[28,38],"originalSize":[475,475],"capInsets":[0,0,0,0]}},{"__type__":"cc.SpriteAtlas","_name":"stand_7_part1.plist","_spriteFrames":{"stand_7_part1_wing_5001_stand_7_part1_0001":{"__uuid__":"79nOMiZYtIg5IGVyBE1TTw"},"stand_7_part1_wing_5001_stand_7_part1_0002":{"__uuid__":"06oHUUKQpNk4yD2h9oDky6"},"stand_7_part1_wing_5001_stand_7_part1_0003":{"__uuid__":"f7ZDMjjf9LfqSKVroQQ76E"},"stand_7_part1_wing_5001_stand_7_part1_0004":{"__uuid__":"197iLLhrxNg4b9SvEaMPkt"},"stand_7_part1_wing_5001_stand_7_part1_0005":{"__uuid__":"68jOX+q01EqKPnv9VXw89+"},"stand_7_part1_wing_5001_stand_7_part1_0006":{"__uuid__":"aaT/clAAdLz4ArdhLeRLOJ"},"stand_7_part1_wing_5001_stand_7_part1_0007":{"__uuid__":"b3Mkz64uxOYbKhXbEyMBdq"},"stand_7_part1_wing_5001_stand_7_part1_0008":{"__uuid__":"d6c47iG7xA0LcKv6tUd+Sv"},"stand_7_part1_wing_5001_stand_7_part1_0009":{"__uuid__":"2dIJCgqEZBeorq1Qc/LST3"},"stand_7_part1_wing_5001_stand_7_part1_0010":{"__uuid__":"f3HBEXDrdMOK5LrRJWtx1T"},"stand_7_part1_wing_5001_stand_7_part1_0011":{"__uuid__":"acHzVXcblHOICSqpzfJMy0"},"stand_7_part1_wing_5001_stand_7_part1_0012":{"__uuid__":"88s9aDR5hK456A8d7e4Pv/"}}},{"__type__":"cc.SpriteFrame","content":{"name":"stand_7_part1_wing_5001_stand_7_part1_0009","texture":"77wsdHBCZLKKHZMFj2Y8Xg","rect":[197,128,55,65],"offset":[25,31],"originalSize":[475,475],"capInsets":[0,0,0,0]}},{"__type__":"cc.SpriteFrame","content":{"name":"stand_7_part1_wing_5001_stand_7_part1_0005","texture":"77wsdHBCZLKKHZMFj2Y8Xg","rect":[130,2,63,61],"offset":[29,36],"originalSize":[475,475],"rotated":1,"capInsets":[0,0,0,0]}},{"__type__":"cc.SpriteFrame","content":{"name":"stand_7_part1_wing_5001_stand_7_part1_0001","texture":"77wsdHBCZLKKHZMFj2Y8Xg","rect":[2,97,63,89],"offset":[29,26],"originalSize":[475,475],"capInsets":[0,0,0,0]}},{"__type__":"cc.SpriteFrame","content":{"name":"stand_7_part1_wing_5001_stand_7_part1_0012","texture":"77wsdHBCZLKKHZMFj2Y8Xg","rect":[2,188,63,77],"offset":[28,31],"originalSize":[475,475],"rotated":1,"capInsets":[0,0,0,0]}},{"__type__":"cc.SpriteFrame","content":{"name":"stand_7_part1_wing_5001_stand_7_part1_0006","texture":"77wsdHBCZLKKHZMFj2Y8Xg","rect":[193,2,61,59],"offset":[28,34],"originalSize":[475,475],"capInsets":[0,0,0,0]}},{"__type__":"cc.SpriteFrame","content":{"name":"stand_7_part1_wing_5001_stand_7_part1_0011","texture":"77wsdHBCZLKKHZMFj2Y8Xg","rect":[71,2,57,69],"offset":[27,30],"originalSize":[475,475],"capInsets":[0,0,0,0]}},{"__type__":"cc.SpriteFrame","content":{"name":"stand_7_part1_wing_5001_stand_7_part1_0007","texture":"77wsdHBCZLKKHZMFj2Y8Xg","rect":[136,67,59,61],"offset":[27,33],"originalSize":[475,475],"capInsets":[0,0,0,0]}},{"__type__":"cc.SpriteFrame","content":{"name":"stand_7_part1_wing_5001_stand_7_part1_0008","texture":"77wsdHBCZLKKHZMFj2Y8Xg","rect":[197,63,57,63],"offset":[26,32],"originalSize":[475,475],"capInsets":[0,0,0,0]}},{"__type__":"cc.SpriteFrame","content":{"name":"stand_7_part1_wing_5001_stand_7_part1_0010","texture":"77wsdHBCZLKKHZMFj2Y8Xg","rect":[146,195,53,67],"offset":[24,31],"originalSize":[475,475],"rotated":1,"capInsets":[0,0,0,0]}},{"__type__":"cc.SpriteFrame","content":{"name":"stand_7_part1_wing_5001_stand_7_part1_0003","texture":"77wsdHBCZLKKHZMFj2Y8Xg","rect":[67,97,67,67],"offset":[32,37],"originalSize":[475,475],"capInsets":[0,0,0,0]}}]