[{"__type__":"cc.SpriteFrame","content":{"name":"stand_5_part2_wing_5003_stand_5_part2_0003","texture":"1dnItgD5REzYuIhpG04Wr/","rect":[2,134,67,57],"offset":[36,67],"originalSize":[465,465],"capInsets":[0,0,0,0]}},{"__type__":"cc.SpriteFrame","content":{"name":"stand_5_part2_wing_5003_stand_5_part2_0001","texture":"1dnItgD5REzYuIhpG04Wr/","rect":[2,193,65,55],"offset":[34,68],"originalSize":[465,465],"capInsets":[0,0,0,0]}},{"__type__":"cc.SpriteFrame","content":{"name":"stand_5_part2_wing_5003_stand_5_part2_0010","texture":"1dnItgD5REzYuIhpG04Wr/","rect":[148,128,71,59],"offset":[38,71],"originalSize":[465,465],"capInsets":[0,0,0,0]}},{"__type__":"cc.SpriteFrame","content":{"name":"stand_5_part2_wing_5003_stand_5_part2_0002","texture":"1dnItgD5REzYuIhpG04Wr/","rect":[71,191,65,57],"offset":[35,68],"originalSize":[465,465],"capInsets":[0,0,0,0]}},{"__type__":"cc.SpriteFrame","content":{"name":"stand_5_part2_wing_5003_stand_5_part2_0004","texture":"1dnItgD5REzYuIhpG04Wr/","rect":[75,69,71,59],"offset":[37,67],"originalSize":[465,465],"capInsets":[0,0,0,0]}},{"__type__":"cc.SpriteAtlas","_name":"stand_5_part2.plist","_spriteFrames":{"stand_5_part2_wing_5003_stand_5_part2_0001":{"__uuid__":"182TbvJ/5Bfohs+WScHVTQ"},"stand_5_part2_wing_5003_stand_5_part2_0002":{"__uuid__":"2b2FwVTTlIBZP7IM3WSh1Q"},"stand_5_part2_wing_5003_stand_5_part2_0003":{"__uuid__":"1744oZF9JN2o9/07oa8yed"},"stand_5_part2_wing_5003_stand_5_part2_0004":{"__uuid__":"5cF3wX9tVHjLi9FtubQIE7"},"stand_5_part2_wing_5003_stand_5_part2_0005":{"__uuid__":"94WVuhmedOBarjDNhyM6D6"},"stand_5_part2_wing_5003_stand_5_part2_0006":{"__uuid__":"a7Gj6D5B1FR5LsDUYnpZz5"},"stand_5_part2_wing_5003_stand_5_part2_0007":{"__uuid__":"660BfyRldPG777nP4AV6Ft"},"stand_5_part2_wing_5003_stand_5_part2_0008":{"__uuid__":"8bVx0ASzVIP4skUiW/Azsu"},"stand_5_part2_wing_5003_stand_5_part2_0009":{"__uuid__":"cffba+wO1KkaYfOGapPmC2"},"stand_5_part2_wing_5003_stand_5_part2_0010":{"__uuid__":"195MCyI7hBwrdlXMYZUMYA"},"stand_5_part2_wing_5003_stand_5_part2_0011":{"__uuid__":"bcW3MDPnVHPYFtAcoEh+K7"},"stand_5_part2_wing_5003_stand_5_part2_0012":{"__uuid__":"87KCtDtA1MyKhd9CY8n3+u"}}},{"__type__":"cc.SpriteFrame","content":{"name":"stand_5_part2_wing_5003_stand_5_part2_0007","texture":"1dnItgD5REzYuIhpG04Wr/","rect":[75,2,71,65],"offset":[37,66],"originalSize":[465,465],"capInsets":[0,0,0,0]}},{"__type__":"cc.SpriteFrame","content":{"name":"stand_5_part2_wing_5003_stand_5_part2_0012","texture":"1dnItgD5REzYuIhpG04Wr/","rect":[148,189,71,57],"offset":[38,69],"originalSize":[465,465],"capInsets":[0,0,0,0]}},{"__type__":"cc.SpriteFrame","content":{"name":"stand_5_part2_wing_5003_stand_5_part2_0008","texture":"1dnItgD5REzYuIhpG04Wr/","rect":[2,2,71,69],"offset":[37,66],"originalSize":[465,465],"capInsets":[0,0,0,0]}},{"__type__":"cc.SpriteFrame","content":{"name":"stand_5_part2_wing_5003_stand_5_part2_0005","texture":"1dnItgD5REzYuIhpG04Wr/","rect":[2,73,71,59],"offset":[37,66],"originalSize":[465,465],"capInsets":[0,0,0,0]}},{"__type__":"cc.SpriteFrame","content":{"name":"stand_5_part2_wing_5003_stand_5_part2_0006","texture":"1dnItgD5REzYuIhpG04Wr/","rect":[148,2,71,61],"offset":[37,65],"originalSize":[465,465],"capInsets":[0,0,0,0]}},{"__type__":"cc.SpriteFrame","content":{"name":"stand_5_part2_wing_5003_stand_5_part2_0011","texture":"1dnItgD5REzYuIhpG04Wr/","rect":[75,130,71,59],"offset":[38,71],"originalSize":[465,465],"capInsets":[0,0,0,0]}},{"__type__":"cc.SpriteFrame","content":{"name":"stand_5_part2_wing_5003_stand_5_part2_0009","texture":"1dnItgD5REzYuIhpG04Wr/","rect":[148,65,69,61],"offset":[36,72],"originalSize":[465,465],"capInsets":[0,0,0,0]}}]