[{"__type__":"cc.SpriteFrame","content":{"name":"standrun_3_rd1rd2_ride_ride_9421_rd2_run_3_8","texture":"87dJMFXzBL96KJWv1bB31C","rect":[317,361,156,164],"offset":[-12,55],"originalSize":[460,460],"capInsets":[0,0,0,0]}},{"__type__":"cc.SpriteFrame","content":{"name":"standrun_3_rd1rd2_ride_ride_9421_rd2_run_3_5","texture":"87dJMFXzBL96KJWv1bB31C","rect":[157,361,158,164],"offset":[-12,48],"originalSize":[460,460],"capInsets":[0,0,0,0]}},{"__type__":"cc.SpriteFrame","content":{"name":"standrun_3_rd1rd2_ride_ride_9421_rd2_run_3_4","texture":"87dJMFXzBL96KJWv1bB31C","rect":[157,189,162,170],"offset":[-10,39],"originalSize":[460,460],"capInsets":[0,0,0,0]}},{"__type__":"cc.SpriteFrame","content":{"name":"standrun_3_rd1rd2_ride_ride_9421_rd2_run_3_6","texture":"87dJMFXzBL96KJWv1bB31C","rect":[331,1,154,180],"offset":[-15,46],"originalSize":[460,460],"capInsets":[0,0,0,0]}},{"__type__":"cc.SpriteAtlas","_name":"run_3_b.plist","_spriteFrames":{"standrun_3_rd1rd2_ride_ride_9421_rd2_run_3_1":{"__uuid__":"d5kLJPg31EEIsWFmsleyuA"},"standrun_3_rd1rd2_ride_ride_9421_rd2_run_3_2":{"__uuid__":"d6NiR1sBlCTqz3pmyFx8V4"},"standrun_3_rd1rd2_ride_ride_9421_rd2_run_3_3":{"__uuid__":"e0mV7YCOhN3p7fqSiRiBwm"},"standrun_3_rd1rd2_ride_ride_9421_rd2_run_3_4":{"__uuid__":"64F5SC2bFBMIVDQDScJoOG"},"standrun_3_rd1rd2_ride_ride_9421_rd2_run_3_5":{"__uuid__":"2anC8EjMBBVJ35lxNDy3Z3"},"standrun_3_rd1rd2_ride_ride_9421_rd2_run_3_6":{"__uuid__":"9cz/adU29PgpPVQ0F7HPhb"},"standrun_3_rd1rd2_ride_ride_9421_rd2_run_3_7":{"__uuid__":"af+Peev1NMi5vq0lbyk2RU"},"standrun_3_rd1rd2_ride_ride_9421_rd2_run_3_8":{"__uuid__":"09zU7RKuRKuZPLQeJ0A6x3"}}},{"__type__":"cc.SpriteFrame","content":{"name":"standrun_3_rd1rd2_ride_ride_9421_rd2_run_3_7","texture":"87dJMFXzBL96KJWv1bB31C","rect":[1,189,154,188],"offset":[-14,44],"originalSize":[460,460],"capInsets":[0,0,0,0]}},{"__type__":"cc.SpriteFrame","content":{"name":"standrun_3_rd1rd2_ride_ride_9421_rd2_run_3_1","texture":"87dJMFXzBL96KJWv1bB31C","rect":[321,185,158,168],"offset":[-11,49],"originalSize":[460,460],"capInsets":[0,0,0,0]}},{"__type__":"cc.SpriteFrame","content":{"name":"standrun_3_rd1rd2_ride_ride_9421_rd2_run_3_2","texture":"87dJMFXzBL96KJWv1bB31C","rect":[165,1,164,182],"offset":[-8,36],"originalSize":[460,460],"capInsets":[0,0,0,0]}},{"__type__":"cc.SpriteFrame","content":{"name":"standrun_3_rd1rd2_ride_ride_9421_rd2_run_3_3","texture":"87dJMFXzBL96KJWv1bB31C","rect":[1,1,162,186],"offset":[-9,30],"originalSize":[460,460],"capInsets":[0,0,0,0]}}]