[{"__type__":"cc.SpriteFrame","content":{"name":"run_1_rd1rd2_ride_ride_9441_rd1_run_1_3","texture":"98vB2q/n1Ono/gO5GuDN7v","rect":[451,539,220,158],"offset":[-14,-6],"originalSize":[616,616],"capInsets":[0,0,0,0]}},{"__type__":"cc.SpriteFrame","content":{"name":"run_1_rd1rd2_ride_ride_9441_rd1_run_1_4","texture":"98vB2q/n1Ono/gO5GuDN7v","rect":[451,383,246,154],"offset":[-26,1],"originalSize":[616,616],"capInsets":[0,0,0,0]}},{"__type__":"cc.SpriteFrame","content":{"name":"run_1_rd1rd2_ride_ride_9441_rd1_run_1_2","texture":"98vB2q/n1Ono/gO5GuDN7v","rect":[243,385,206,178],"offset":[-13,-12],"originalSize":[616,616],"capInsets":[0,0,0,0]}},{"__type__":"cc.SpriteFrame","content":{"name":"run_1_rd1rd2_ride_ride_9441_rd1_run_1_8","texture":"98vB2q/n1Ono/gO5GuDN7v","rect":[1,1,262,198],"offset":[-7,-32],"originalSize":[616,616],"capInsets":[0,0,0,0]}},{"__type__":"cc.SpriteFrame","content":{"name":"run_1_rd1rd2_ride_ride_9441_rd1_run_1_5","texture":"98vB2q/n1Ono/gO5GuDN7v","rect":[265,1,254,166],"offset":[-31,-5],"originalSize":[616,616],"capInsets":[0,0,0,0]}},{"__type__":"cc.SpriteAtlas","_name":"run_1_f.plist","_spriteFrames":{"run_1_rd1rd2_ride_ride_9441_rd1_run_1_1":{"__uuid__":"a2Qfbjm6lEyJeznGpnKYCB"},"run_1_rd1rd2_ride_ride_9441_rd1_run_1_2":{"__uuid__":"3bzhmnhYJLCIIzRV1khPEx"},"run_1_rd1rd2_ride_ride_9441_rd1_run_1_3":{"__uuid__":"05ngIG2eJCo6FybH+S/hep"},"run_1_rd1rd2_ride_ride_9441_rd1_run_1_4":{"__uuid__":"12r7M8rVNLAqwG1VUQx0OU"},"run_1_rd1rd2_ride_ride_9441_rd1_run_1_5":{"__uuid__":"73oFILhzhM5atp4mIMPnCg"},"run_1_rd1rd2_ride_ride_9441_rd1_run_1_6":{"__uuid__":"cdeJQVEM5BLZorLnT+6MoI"},"run_1_rd1rd2_ride_ride_9441_rd1_run_1_7":{"__uuid__":"9dmRqHiRhNWqqUovXS3+hg"},"run_1_rd1rd2_ride_ride_9441_rd1_run_1_8":{"__uuid__":"70r4yeKERPF6th4308REaY"}}},{"__type__":"cc.SpriteFrame","content":{"name":"run_1_rd1rd2_ride_ride_9441_rd1_run_1_7","texture":"98vB2q/n1Ono/gO5GuDN7v","rect":[265,169,246,212],"offset":[-23,-15],"originalSize":[616,616],"capInsets":[0,0,0,0]}},{"__type__":"cc.SpriteFrame","content":{"name":"run_1_rd1rd2_ride_ride_9441_rd1_run_1_1","texture":"98vB2q/n1Ono/gO5GuDN7v","rect":[1,385,240,198],"offset":[-11,-14],"originalSize":[616,616],"capInsets":[0,0,0,0]}},{"__type__":"cc.SpriteFrame","content":{"name":"run_1_rd1rd2_ride_ride_9441_rd1_run_1_6","texture":"98vB2q/n1Ono/gO5GuDN7v","rect":[1,201,246,182],"offset":[-29,-15],"originalSize":[616,616],"capInsets":[0,0,0,0]}}]