[{"__type__":"cc.SpriteFrame","content":{"name":"stand_3_part1_wing_5013_stand_3_part1_0004","texture":"deb+wFhh9Ga6GcV72UWHVF","rect":[74,2,66,82],"offset":[-10,34],"originalSize":[500,500],"capInsets":[0,0,0,0]}},{"__type__":"cc.SpriteFrame","content":{"name":"stand_3_part1_wing_5013_stand_3_part1_0009","texture":"deb+wFhh9Ga6GcV72UWHVF","rect":[198,82,50,74],"offset":[-1,33],"originalSize":[500,500],"capInsets":[0,0,0,0]}},{"__type__":"cc.SpriteFrame","content":{"name":"stand_3_part1_wing_5013_stand_3_part1_0001","texture":"deb+wFhh9Ga6GcV72UWHVF","rect":[2,178,72,78],"offset":[-15,36],"originalSize":[500,500],"rotated":1,"capInsets":[0,0,0,0]}},{"__type__":"cc.SpriteFrame","content":{"name":"stand_3_part1_wing_5013_stand_3_part1_0006","texture":"deb+wFhh9Ga6GcV72UWHVF","rect":[144,82,52,76],"offset":[2,33],"originalSize":[500,500],"capInsets":[0,0,0,0]}},{"__type__":"cc.SpriteFrame","content":{"name":"stand_3_part1_wing_5013_stand_3_part1_0010","texture":"deb+wFhh9Ga6GcV72UWHVF","rect":[140,166,54,80],"offset":[-7,32],"originalSize":[500,500],"capInsets":[0,0,0,0]}},{"__type__":"cc.SpriteFrame","content":{"name":"stand_3_part1_wing_5013_stand_3_part1_0011","texture":"deb+wFhh9Ga6GcV72UWHVF","rect":[142,2,62,78],"offset":[-12,32],"originalSize":[500,500],"capInsets":[0,0,0,0]}},{"__type__":"cc.SpriteFrame","content":{"name":"stand_3_part1_wing_5013_stand_3_part1_0003","texture":"deb+wFhh9Ga6GcV72UWHVF","rect":[2,2,70,88],"offset":[-12,37],"originalSize":[500,500],"capInsets":[0,0,0,0]}},{"__type__":"cc.SpriteFrame","content":{"name":"stand_3_part1_wing_5013_stand_3_part1_0012","texture":"deb+wFhh9Ga6GcV72UWHVF","rect":[74,86,68,78],"offset":[-15,34],"originalSize":[500,500],"capInsets":[0,0,0,0]}},{"__type__":"cc.SpriteFrame","content":{"name":"stand_3_part1_wing_5013_stand_3_part1_0005","texture":"deb+wFhh9Ga6GcV72UWHVF","rect":[82,166,56,80],"offset":[-4,33],"originalSize":[500,500],"capInsets":[0,0,0,0]}},{"__type__":"cc.SpriteAtlas","_name":"stand_3_part1.plist","_spriteFrames":{"stand_3_part1_wing_5013_stand_3_part1_0001":{"__uuid__":"2b3/VUOcZNJJG5xXsLINsn"},"stand_3_part1_wing_5013_stand_3_part1_0002":{"__uuid__":"b6xecQOIFIVreyOXf2Tb8Z"},"stand_3_part1_wing_5013_stand_3_part1_0003":{"__uuid__":"559mUR1GpMz6kr8mpy9ky8"},"stand_3_part1_wing_5013_stand_3_part1_0004":{"__uuid__":"19nHG8t6pIBYLDK6iCxXzk"},"stand_3_part1_wing_5013_stand_3_part1_0005":{"__uuid__":"82q8Ba/chLzrT4i7QUxLqd"},"stand_3_part1_wing_5013_stand_3_part1_0006":{"__uuid__":"2dq07Lp9NGYKRCoKaxBnCa"},"stand_3_part1_wing_5013_stand_3_part1_0007":{"__uuid__":"fckmxxTqJKG6t1fo3Cs4jK"},"stand_3_part1_wing_5013_stand_3_part1_0008":{"__uuid__":"ecYOKysMFBDYiyQlQD71TK"},"stand_3_part1_wing_5013_stand_3_part1_0009":{"__uuid__":"1eKktrOrxEbZBdWXJPjRj2"},"stand_3_part1_wing_5013_stand_3_part1_0010":{"__uuid__":"45y86lpNNPDqvW91FqkPP/"},"stand_3_part1_wing_5013_stand_3_part1_0011":{"__uuid__":"4a92PnmfdOWLbsuvmfVJhl"},"stand_3_part1_wing_5013_stand_3_part1_0012":{"__uuid__":"68eXrEZe9BbbFtCZdetYRg"}}},{"__type__":"cc.SpriteFrame","content":{"name":"stand_3_part1_wing_5013_stand_3_part1_0002","texture":"deb+wFhh9Ga6GcV72UWHVF","rect":[2,92,70,84],"offset":[-14,38],"originalSize":[500,500],"capInsets":[0,0,0,0]}},{"__type__":"cc.SpriteFrame","content":{"name":"stand_3_part1_wing_5013_stand_3_part1_0008","texture":"deb+wFhh9Ga6GcV72UWHVF","rect":[196,160,52,76],"offset":[4,33],"originalSize":[500,500],"capInsets":[0,0,0,0]}},{"__type__":"cc.SpriteFrame","content":{"name":"stand_3_part1_wing_5013_stand_3_part1_0007","texture":"deb+wFhh9Ga6GcV72UWHVF","rect":[206,2,44,70],"offset":[4,31],"originalSize":[500,500],"capInsets":[0,0,0,0]}}]