[{"__type__":"cc.SpriteFrame","content":{"name":"stand_13_part_wing_5004_stand_1_part1_0007","texture":"da3gfKr1hHC6vCBi386MIw","rect":[438,2,62,72],"offset":[-59,59],"originalSize":[500,500],"rotated":1,"capInsets":[0,0,0,0]}},{"__type__":"cc.SpriteFrame","content":{"name":"stand_13_part_wing_5004_stand_3_part2_0002","texture":"da3gfKr1hHC6vCBi386MIw","rect":[206,2,76,80],"offset":[57,65],"originalSize":[500,500],"capInsets":[0,0,0,0]}},{"__type__":"cc.SpriteFrame","content":{"name":"stand_13_part_wing_5004_stand_3_part2_0009","texture":"da3gfKr1hHC6vCBi386MIw","rect":[358,2,76,78],"offset":[56,63],"originalSize":[500,500],"rotated":1,"capInsets":[0,0,0,0]}},{"__type__":"cc.SpriteFrame","content":{"name":"stand_13_part_wing_5004_stand_1_part1_0009","texture":"da3gfKr1hHC6vCBi386MIw","rect":[212,172,62,66],"offset":[-60,59],"originalSize":[500,500],"rotated":1,"capInsets":[0,0,0,0]}},{"__type__":"cc.SpriteFrame","content":{"name":"stand_13_part_wing_5004_stand_1_part2_0012","texture":"da3gfKr1hHC6vCBi386MIw","rect":[110,188,50,84],"offset":[2,91],"originalSize":[500,500],"capInsets":[0,0,0,0]}},{"__type__":"cc.SpriteFrame","content":{"name":"stand_13_part_wing_5004_stand_1_part1_0001","texture":"da3gfKr1hHC6vCBi386MIw","rect":[212,236,62,50],"offset":[-60,56],"originalSize":[500,500],"capInsets":[0,0,0,0]}},{"__type__":"cc.SpriteFrame","content":{"name":"stand_13_part_wing_5004_stand_3_part2_0012","texture":"da3gfKr1hHC6vCBi386MIw","rect":[280,84,74,78],"offset":[56,64],"originalSize":[500,500],"capInsets":[0,0,0,0]}},{"__type__":"cc.SpriteFrame","content":{"name":"stand_13_part_wing_5004_stand_3_part2_0003","texture":"da3gfKr1hHC6vCBi386MIw","rect":[130,274,82,80],"offset":[59,64],"originalSize":[500,500],"rotated":1,"capInsets":[0,0,0,0]}},{"__type__":"cc.SpriteFrame","content":{"name":"stand_13_part_wing_5004_stand_1_part1_0004","texture":"da3gfKr1hHC6vCBi386MIw","rect":[216,440,70,60],"offset":[-64,57],"originalSize":[500,500],"rotated":1,"capInsets":[0,0,0,0]}},{"__type__":"cc.SpriteFrame","content":{"name":"stand_13_part_wing_5004_stand_3_part1_0004","texture":"da3gfKr1hHC6vCBi386MIw","rect":[358,328,52,52],"offset":[-12,32],"originalSize":[500,500],"capInsets":[0,0,0,0]}},{"__type__":"cc.SpriteFrame","content":{"name":"stand_13_part_wing_5004_stand_3_part1_0008","texture":"da3gfKr1hHC6vCBi386MIw","rect":[388,382,48,50],"offset":[-12,31],"originalSize":[500,500],"capInsets":[0,0,0,0]}},{"__type__":"cc.SpriteFrame","content":{"name":"stand_13_part_wing_5004_stand_1_part1_0003","texture":"da3gfKr1hHC6vCBi386MIw","rect":[358,222,68,54],"offset":[-62,56],"originalSize":[500,500],"capInsets":[0,0,0,0]}},{"__type__":"cc.SpriteFrame","content":{"name":"stand_13_part_wing_5004_stand_3_part2_0007","texture":"da3gfKr1hHC6vCBi386MIw","rect":[210,358,68,80],"offset":[53,64],"originalSize":[500,500],"capInsets":[0,0,0,0]}},{"__type__":"cc.SpriteFrame","content":{"name":"stand_13_part_wing_5004_stand_1_part2_0009","texture":"da3gfKr1hHC6vCBi386MIw","rect":[86,292,42,86],"offset":[-2,91],"originalSize":[500,500],"capInsets":[0,0,0,0]}},{"__type__":"cc.SpriteFrame","content":{"name":"stand_13_part_wing_5004_stand_3_part1_0005","texture":"da3gfKr1hHC6vCBi386MIw","rect":[418,308,54,54],"offset":[-14,33],"originalSize":[500,500],"capInsets":[0,0,0,0]}},{"__type__":"cc.SpriteFrame","content":{"name":"stand_13_part_wing_5004_stand_3_part2_0010","texture":"da3gfKr1hHC6vCBi386MIw","rect":[358,80,74,78],"offset":[55,64],"originalSize":[500,500],"rotated":1,"capInsets":[0,0,0,0]}},{"__type__":"cc.SpriteFrame","content":{"name":"stand_13_part_wing_5004_stand_1_part2_0011","texture":"da3gfKr1hHC6vCBi386MIw","rect":[162,176,48,82],"offset":[2,90],"originalSize":[500,500],"capInsets":[0,0,0,0]}},{"__type__":"cc.SpriteFrame","content":{"name":"stand_13_part_wing_5004_stand_3_part2_0001","texture":"da3gfKr1hHC6vCBi386MIw","rect":[284,2,72,78],"offset":[55,64],"originalSize":[500,500],"capInsets":[0,0,0,0]}},{"__type__":"cc.SpriteAtlas","_name":"stand_13_part.plist","_spriteFrames":{"stand_13_part_wing_5004_stand_1_part1_0001":{"__uuid__":"2cFSkLA25FJKa9yF7LftI6"},"stand_13_part_wing_5004_stand_1_part1_0002":{"__uuid__":"aenqOzRLNBv6aCPdvw60nv"},"stand_13_part_wing_5004_stand_1_part1_0003":{"__uuid__":"40vluavzVO/a/uIChcMOqd"},"stand_13_part_wing_5004_stand_1_part1_0004":{"__uuid__":"38YLaCuNZD65biB1NmXlGc"},"stand_13_part_wing_5004_stand_1_part1_0005":{"__uuid__":"78xAY7oqlBP43vH8wwYzce"},"stand_13_part_wing_5004_stand_1_part1_0006":{"__uuid__":"640B2G/xhHWrlQpR4POzXv"},"stand_13_part_wing_5004_stand_1_part1_0007":{"__uuid__":"085kdQ4ZBL0qWX/bhwFYGm"},"stand_13_part_wing_5004_stand_1_part1_0008":{"__uuid__":"9eD6opdqBLHZrcoOZi9nOn"},"stand_13_part_wing_5004_stand_1_part1_0009":{"__uuid__":"177Ln/k9ZGDJkEVrr4RaQk"},"stand_13_part_wing_5004_stand_1_part1_0010":{"__uuid__":"d0qwCzxgdMt4qlah/9yZOG"},"stand_13_part_wing_5004_stand_1_part1_0011":{"__uuid__":"7908TXUWVNyJjNp0QtEMlb"},"stand_13_part_wing_5004_stand_1_part1_0012":{"__uuid__":"b99L3IivlEpbz9Pjfo7RU3"},"stand_13_part_wing_5004_stand_1_part2_0001":{"__uuid__":"6aGagdBvNHwIP6qWTEIGcK"},"stand_13_part_wing_5004_stand_1_part2_0002":{"__uuid__":"810C5n/wpCC7jeW1N+U423"},"stand_13_part_wing_5004_stand_1_part2_0003":{"__uuid__":"db6FsNWWdOUZjuQk0zLkuO"},"stand_13_part_wing_5004_stand_1_part2_0004":{"__uuid__":"b2YDq4TF9G/Zneb9Tswh8+"},"stand_13_part_wing_5004_stand_1_part2_0005":{"__uuid__":"9dq7f8ioZGT6YC6wWS574x"},"stand_13_part_wing_5004_stand_1_part2_0006":{"__uuid__":"aeiLlIo+FHNpGaNDUbmQnq"},"stand_13_part_wing_5004_stand_1_part2_0007":{"__uuid__":"fatvLrZKNC04V3eAbTQZa8"},"stand_13_part_wing_5004_stand_1_part2_0008":{"__uuid__":"61pMVVastHBbwm9B38u2s+"},"stand_13_part_wing_5004_stand_1_part2_0009":{"__uuid__":"47x0VTMG1PHaECKkpFJSCo"},"stand_13_part_wing_5004_stand_1_part2_0010":{"__uuid__":"eflYic2XVN1IefoSj/80NB"},"stand_13_part_wing_5004_stand_1_part2_0011":{"__uuid__":"54SpiFZqhJX79Ewm76UZLm"},"stand_13_part_wing_5004_stand_1_part2_0012":{"__uuid__":"19VBWS1d1HZrWkHm/uCRmx"},"stand_13_part_wing_5004_stand_3_part1_0001":{"__uuid__":"85l2W/b2hGy5/+KLusZdzT"},"stand_13_part_wing_5004_stand_3_part1_0002":{"__uuid__":"c8RxVNYZlJmbPPpgDaf+Ua"},"stand_13_part_wing_5004_stand_3_part1_0003":{"__uuid__":"caZEWPTVlNros/Z1tln+J+"},"stand_13_part_wing_5004_stand_3_part1_0004":{"__uuid__":"3akd9DlfhG95Mj91oo3h3Q"},"stand_13_part_wing_5004_stand_3_part1_0005":{"__uuid__":"49aNyFYYFJjYOjtFE87BFl"},"stand_13_part_wing_5004_stand_3_part1_0006":{"__uuid__":"ecq5iVID9ACoOxIN7BlyA+"},"stand_13_part_wing_5004_stand_3_part1_0007":{"__uuid__":"bef2zZ1JNCy7Fw3rPAXFnV"},"stand_13_part_wing_5004_stand_3_part1_0008":{"__uuid__":"3cW3oAF9tCvbyaiJvghB3j"},"stand_13_part_wing_5004_stand_3_part1_0009":{"__uuid__":"adCQsoUYJL85XcFeQZIdKM"},"stand_13_part_wing_5004_stand_3_part1_0010":{"__uuid__":"f9ZyplewpFsp76+VadxMPS"},"stand_13_part_wing_5004_stand_3_part1_0011":{"__uuid__":"ecSwdKWX1LpqqsHeQovPo8"},"stand_13_part_wing_5004_stand_3_part1_0012":{"__uuid__":"b9m7l/oyVB4KpQrQQXw2i1"},"stand_13_part_wing_5004_stand_3_part2_0001":{"__uuid__":"5bkcC6BbhF2482Qdywkoqm"},"stand_13_part_wing_5004_stand_3_part2_0002":{"__uuid__":"13EPSA2RtNS6lUyD3yd2jA"},"stand_13_part_wing_5004_stand_3_part2_0003":{"__uuid__":"32skoQ6sFNHrEHfCaepxqi"},"stand_13_part_wing_5004_stand_3_part2_0004":{"__uuid__":"f2B60RU51BOItHyy0ZGPoP"},"stand_13_part_wing_5004_stand_3_part2_0005":{"__uuid__":"a8sXP0o09MNY9CkIMhu4k4"},"stand_13_part_wing_5004_stand_3_part2_0006":{"__uuid__":"fbFAI+LyJOo63DZseFRW0y"},"stand_13_part_wing_5004_stand_3_part2_0007":{"__uuid__":"47ARWtD5hFI7ObIBFvm/LW"},"stand_13_part_wing_5004_stand_3_part2_0008":{"__uuid__":"adQLFqce1EY6/pv33BTP+b"},"stand_13_part_wing_5004_stand_3_part2_0009":{"__uuid__":"133IUVSYlHFLral0+Fox3f"},"stand_13_part_wing_5004_stand_3_part2_0010":{"__uuid__":"52mo+tBc9EqoO1gzmhx+mB"},"stand_13_part_wing_5004_stand_3_part2_0011":{"__uuid__":"8bNd+4J/1BEYg8h1cp9pRl"},"stand_13_part_wing_5004_stand_3_part2_0012":{"__uuid__":"2fcP3W5uNFcaqlgGrNAdv1"}}},{"__type__":"cc.SpriteFrame","content":{"name":"stand_13_part_wing_5004_stand_1_part2_0008","texture":"da3gfKr1hHC6vCBi386MIw","rect":[96,380,38,84],"offset":[-3,90],"originalSize":[500,500],"capInsets":[0,0,0,0]}},{"__type__":"cc.SpriteFrame","content":{"name":"stand_13_part_wing_5004_stand_1_part1_0006","texture":"da3gfKr1hHC6vCBi386MIw","rect":[278,440,78,68],"offset":[-68,60],"originalSize":[500,500],"capInsets":[0,0,0,0]}},{"__type__":"cc.SpriteFrame","content":{"name":"stand_13_part_wing_5004_stand_1_part2_0001","texture":"da3gfKr1hHC6vCBi386MIw","rect":[2,390,46,86],"offset":[1,92],"originalSize":[500,500],"capInsets":[0,0,0,0]}},{"__type__":"cc.SpriteFrame","content":{"name":"stand_13_part_wing_5004_stand_1_part1_0005","texture":"da3gfKr1hHC6vCBi386MIw","rect":[358,156,74,64],"offset":[-66,59],"originalSize":[500,500],"capInsets":[0,0,0,0]}},{"__type__":"cc.SpriteFrame","content":{"name":"stand_13_part_wing_5004_stand_1_part1_0011","texture":"da3gfKr1hHC6vCBi386MIw","rect":[438,66,66,68],"offset":[-62,57],"originalSize":[500,500],"rotated":1,"capInsets":[0,0,0,0]}},{"__type__":"cc.SpriteFrame","content":{"name":"stand_13_part_wing_5004_stand_1_part2_0002","texture":"da3gfKr1hHC6vCBi386MIw","rect":[84,98,48,88],"offset":[1,93],"originalSize":[500,500],"capInsets":[0,0,0,0]}},{"__type__":"cc.SpriteFrame","content":{"name":"stand_13_part_wing_5004_stand_3_part1_0001","texture":"da3gfKr1hHC6vCBi386MIw","rect":[358,278,58,48],"offset":[-16,32],"originalSize":[500,500],"capInsets":[0,0,0,0]}},{"__type__":"cc.SpriteFrame","content":{"name":"stand_13_part_wing_5004_stand_3_part2_0011","texture":"da3gfKr1hHC6vCBi386MIw","rect":[176,90,78,80],"offset":[57,65],"originalSize":[500,500],"capInsets":[0,0,0,0]}},{"__type__":"cc.SpriteFrame","content":{"name":"stand_13_part_wing_5004_stand_1_part2_0005","texture":"da3gfKr1hHC6vCBi386MIw","rect":[62,2,58,94],"offset":[7,96],"originalSize":[500,500],"capInsets":[0,0,0,0]}},{"__type__":"cc.SpriteFrame","content":{"name":"stand_13_part_wing_5004_stand_1_part1_0008","texture":"da3gfKr1hHC6vCBi386MIw","rect":[280,164,62,74],"offset":[-59,58],"originalSize":[500,500],"rotated":1,"capInsets":[0,0,0,0]}},{"__type__":"cc.SpriteFrame","content":{"name":"stand_13_part_wing_5004_stand_3_part2_0005","texture":"da3gfKr1hHC6vCBi386MIw","rect":[2,296,92,82],"offset":[64,65],"originalSize":[500,500],"rotated":1,"capInsets":[0,0,0,0]}},{"__type__":"cc.SpriteFrame","content":{"name":"stand_13_part_wing_5004_stand_3_part1_0009","texture":"da3gfKr1hHC6vCBi386MIw","rect":[334,382,52,52],"offset":[-14,32],"originalSize":[500,500],"capInsets":[0,0,0,0]}},{"__type__":"cc.SpriteFrame","content":{"name":"stand_13_part_wing_5004_stand_3_part2_0008","texture":"da3gfKr1hHC6vCBi386MIw","rect":[136,358,72,80],"offset":[54,64],"originalSize":[500,500],"capInsets":[0,0,0,0]}},{"__type__":"cc.SpriteFrame","content":{"name":"stand_13_part_wing_5004_stand_1_part2_0006","texture":"da3gfKr1hHC6vCBi386MIw","rect":[2,2,58,98],"offset":[7,97],"originalSize":[500,500],"capInsets":[0,0,0,0]}},{"__type__":"cc.SpriteFrame","content":{"name":"stand_13_part_wing_5004_stand_1_part1_0002","texture":"da3gfKr1hHC6vCBi386MIw","rect":[434,200,68,54],"offset":[-62,58],"originalSize":[500,500],"capInsets":[0,0,0,0]}},{"__type__":"cc.SpriteFrame","content":{"name":"stand_13_part_wing_5004_stand_1_part2_0004","texture":"da3gfKr1hHC6vCBi386MIw","rect":[2,200,54,94],"offset":[5,95],"originalSize":[500,500],"capInsets":[0,0,0,0]}},{"__type__":"cc.SpriteFrame","content":{"name":"stand_13_part_wing_5004_stand_3_part1_0012","texture":"da3gfKr1hHC6vCBi386MIw","rect":[280,228,64,50],"offset":[-20,31],"originalSize":[500,500],"capInsets":[0,0,0,0]}},{"__type__":"cc.SpriteFrame","content":{"name":"stand_13_part_wing_5004_stand_1_part1_0012","texture":"da3gfKr1hHC6vCBi386MIw","rect":[148,440,66,70],"offset":[-62,56],"originalSize":[500,500],"capInsets":[0,0,0,0]}},{"__type__":"cc.SpriteFrame","content":{"name":"stand_13_part_wing_5004_stand_3_part1_0007","texture":"da3gfKr1hHC6vCBi386MIw","rect":[96,466,44,50],"offset":[-10,31],"originalSize":[500,500],"rotated":1,"capInsets":[0,0,0,0]}},{"__type__":"cc.SpriteFrame","content":{"name":"stand_13_part_wing_5004_stand_3_part1_0002","texture":"da3gfKr1hHC6vCBi386MIw","rect":[212,288,62,50],"offset":[-18,31],"originalSize":[500,500],"rotated":1,"capInsets":[0,0,0,0]}},{"__type__":"cc.SpriteFrame","content":{"name":"stand_13_part_wing_5004_stand_3_part1_0003","texture":"da3gfKr1hHC6vCBi386MIw","rect":[358,436,50,52],"offset":[-11,32],"originalSize":[500,500],"capInsets":[0,0,0,0]}},{"__type__":"cc.SpriteFrame","content":{"name":"stand_13_part_wing_5004_stand_1_part1_0010","texture":"da3gfKr1hHC6vCBi386MIw","rect":[438,134,64,68],"offset":[-61,58],"originalSize":[500,500],"rotated":1,"capInsets":[0,0,0,0]}},{"__type__":"cc.SpriteFrame","content":{"name":"stand_13_part_wing_5004_stand_1_part2_0003","texture":"da3gfKr1hHC6vCBi386MIw","rect":[58,200,50,90],"offset":[3,95],"originalSize":[500,500],"capInsets":[0,0,0,0]}},{"__type__":"cc.SpriteFrame","content":{"name":"stand_13_part_wing_5004_stand_3_part1_0011","texture":"da3gfKr1hHC6vCBi386MIw","rect":[264,288,60,48],"offset":[-18,31],"originalSize":[500,500],"rotated":1,"capInsets":[0,0,0,0]}},{"__type__":"cc.SpriteFrame","content":{"name":"stand_13_part_wing_5004_stand_3_part1_0006","texture":"da3gfKr1hHC6vCBi386MIw","rect":[428,256,58,50],"offset":[-16,31],"originalSize":[500,500],"capInsets":[0,0,0,0]}},{"__type__":"cc.SpriteFrame","content":{"name":"stand_13_part_wing_5004_stand_1_part2_0010","texture":"da3gfKr1hHC6vCBi386MIw","rect":[50,390,44,86],"offset":[0,91],"originalSize":[500,500],"capInsets":[0,0,0,0]}},{"__type__":"cc.SpriteFrame","content":{"name":"stand_13_part_wing_5004_stand_3_part2_0004","texture":"da3gfKr1hHC6vCBi386MIw","rect":[122,2,86,82],"offset":[62,65],"originalSize":[500,500],"rotated":1,"capInsets":[0,0,0,0]}},{"__type__":"cc.SpriteFrame","content":{"name":"stand_13_part_wing_5004_stand_3_part1_0010","texture":"da3gfKr1hHC6vCBi386MIw","rect":[280,350,56,52],"offset":[-15,32],"originalSize":[500,500],"rotated":1,"capInsets":[0,0,0,0]}},{"__type__":"cc.SpriteFrame","content":{"name":"stand_13_part_wing_5004_stand_1_part2_0007","texture":"da3gfKr1hHC6vCBi386MIw","rect":[134,90,40,84],"offset":[-3,90],"originalSize":[500,500],"capInsets":[0,0,0,0]}},{"__type__":"cc.SpriteFrame","content":{"name":"stand_13_part_wing_5004_stand_3_part2_0006","texture":"da3gfKr1hHC6vCBi386MIw","rect":[2,102,96,80],"offset":[66,64],"originalSize":[500,500],"rotated":1,"capInsets":[0,0,0,0]}}]