[{"__type__":"cc.SpriteAtlas","_name":"run_1_b.plist","_spriteFrames":{"run_1_rd1rd2_run_3_rd1rd2_ride_ride_9331_rd2_run_1_1":{"__uuid__":"a5lCe7+zZBo5x1XPgNDL/A"},"run_1_rd1rd2_run_3_rd1rd2_ride_ride_9331_rd2_run_1_2":{"__uuid__":"d0foSxIy1NgLx49pEhgxzs"},"run_1_rd1rd2_run_3_rd1rd2_ride_ride_9331_rd2_run_1_3":{"__uuid__":"f7SasWWWBFHqxQlDmlVvBK"},"run_1_rd1rd2_run_3_rd1rd2_ride_ride_9331_rd2_run_1_4":{"__uuid__":"f39YVUlMxGUY1jfa3J4pzq"},"run_1_rd1rd2_run_3_rd1rd2_ride_ride_9331_rd2_run_1_5":{"__uuid__":"8ex4bZ95BMbqfl+VnKmv6b"},"run_1_rd1rd2_run_3_rd1rd2_ride_ride_9331_rd2_run_1_6":{"__uuid__":"dbOLGrrR9Nyasjf/j9bQi1"},"run_1_rd1rd2_run_3_rd1rd2_ride_ride_9331_rd2_run_1_7":{"__uuid__":"e7/3zKTDhDtKqE80AbR60v"},"run_1_rd1rd2_run_3_rd1rd2_ride_ride_9331_rd2_run_1_8":{"__uuid__":"24xni0ybhN06EPWc7QlRZH"}}},{"__type__":"cc.SpriteFrame","content":{"name":"run_1_rd1rd2_run_3_rd1rd2_ride_ride_9331_rd2_run_1_8","texture":"f72uzYVBFFTIHTqLtiVMEV","rect":[191,211,188,146],"offset":[-94,13],"originalSize":[736,736],"capInsets":[0,0,0,0]}},{"__type__":"cc.SpriteFrame","content":{"name":"run_1_rd1rd2_run_3_rd1rd2_ride_ride_9331_rd2_run_1_5","texture":"f72uzYVBFFTIHTqLtiVMEV","rect":[233,1,194,208],"offset":[-74,34],"originalSize":[736,736],"capInsets":[0,0,0,0]}},{"__type__":"cc.SpriteFrame","content":{"name":"run_1_rd1rd2_run_3_rd1rd2_ride_ride_9331_rd2_run_1_1","texture":"f72uzYVBFFTIHTqLtiVMEV","rect":[399,341,176,114],"offset":[-85,23],"originalSize":[736,736],"capInsets":[0,0,0,0]}},{"__type__":"cc.SpriteFrame","content":{"name":"run_1_rd1rd2_run_3_rd1rd2_ride_ride_9331_rd2_run_1_2","texture":"f72uzYVBFFTIHTqLtiVMEV","rect":[381,211,190,128],"offset":[-94,29],"originalSize":[736,736],"capInsets":[0,0,0,0]}},{"__type__":"cc.SpriteFrame","content":{"name":"run_1_rd1rd2_run_3_rd1rd2_ride_ride_9331_rd2_run_1_6","texture":"f72uzYVBFFTIHTqLtiVMEV","rect":[1,189,188,178],"offset":[-77,19],"originalSize":[736,736],"capInsets":[0,0,0,0]}},{"__type__":"cc.SpriteFrame","content":{"name":"run_1_rd1rd2_run_3_rd1rd2_ride_ride_9331_rd2_run_1_7","texture":"f72uzYVBFFTIHTqLtiVMEV","rect":[1,369,186,162],"offset":[-96,10],"originalSize":[736,736],"capInsets":[0,0,0,0]}},{"__type__":"cc.SpriteFrame","content":{"name":"run_1_rd1rd2_run_3_rd1rd2_ride_ride_9331_rd2_run_1_4","texture":"f72uzYVBFFTIHTqLtiVMEV","rect":[1,1,230,186],"offset":[-100,46],"originalSize":[736,736],"capInsets":[0,0,0,0]}},{"__type__":"cc.SpriteFrame","content":{"name":"run_1_rd1rd2_run_3_rd1rd2_ride_ride_9331_rd2_run_1_3","texture":"f72uzYVBFFTIHTqLtiVMEV","rect":[189,369,208,138],"offset":[-95,41],"originalSize":[736,736],"capInsets":[0,0,0,0]}}]