[{"__type__":"cc.SpriteFrame","content":{"name":"ride_ride_9131_rd1_stand_1_1","texture":"a15lDbEOhCJ5slKmN5aO+E","rect":[157,141,146,140],"offset":[10,-2],"originalSize":[500,500],"capInsets":[0,0,0,0]}},{"__type__":"cc.SpriteAtlas","_name":"stand_1_f.plist","_spriteFrames":{"ride_ride_9131_rd1_stand_1_1":{"__uuid__":"14uME0DVRJdY0+p/bInFg2"},"ride_ride_9131_rd1_stand_1_2":{"__uuid__":"99U+q/XgRCXZb8cxRDAVaT"},"ride_ride_9131_rd1_stand_1_3":{"__uuid__":"a19sbiKjVHn5RdGn41MLkR"},"ride_ride_9131_rd1_stand_1_4":{"__uuid__":"38ZaPxITNKF4dWYvOdl81C"},"ride_ride_9131_rd1_stand_1_5":{"__uuid__":"69IlBNE+dFeJ2DLBRBdxlx"},"ride_ride_9131_rd1_stand_1_6":{"__uuid__":"8e9t3SVRlCv7hNvPg8hEju"},"ride_ride_9131_rd1_stand_1_7":{"__uuid__":"6cu/GgR0RCBKmHOE9KrNfm"},"ride_ride_9131_rd1_stand_1_8":{"__uuid__":"3e/Bo3yTBNNZBuGqIkFstA"}}},{"__type__":"cc.SpriteFrame","content":{"name":"ride_ride_9131_rd1_stand_1_4","texture":"a15lDbEOhCJ5slKmN5aO+E","rect":[305,141,148,138],"offset":[10,-3],"originalSize":[500,500],"capInsets":[0,0,0,0]}},{"__type__":"cc.SpriteFrame","content":{"name":"ride_ride_9131_rd1_stand_1_8","texture":"a15lDbEOhCJ5slKmN5aO+E","rect":[1,1,152,140],"offset":[10,-2],"originalSize":[500,500],"capInsets":[0,0,0,0]}},{"__type__":"cc.SpriteFrame","content":{"name":"ride_ride_9131_rd1_stand_1_5","texture":"a15lDbEOhCJ5slKmN5aO+E","rect":[1,143,154,136],"offset":[13,-4],"originalSize":[500,500],"capInsets":[0,0,0,0]}},{"__type__":"cc.SpriteFrame","content":{"name":"ride_ride_9131_rd1_stand_1_7","texture":"a15lDbEOhCJ5slKmN5aO+E","rect":[155,1,152,138],"offset":[11,-3],"originalSize":[500,500],"capInsets":[0,0,0,0]}},{"__type__":"cc.SpriteFrame","content":{"name":"ride_ride_9131_rd1_stand_1_6","texture":"a15lDbEOhCJ5slKmN5aO+E","rect":[1,281,150,138],"offset":[9,-3],"originalSize":[500,500],"capInsets":[0,0,0,0]}},{"__type__":"cc.SpriteFrame","content":{"name":"ride_ride_9131_rd1_stand_1_2","texture":"a15lDbEOhCJ5slKmN5aO+E","rect":[153,283,148,138],"offset":[10,-3],"originalSize":[500,500],"capInsets":[0,0,0,0]}},{"__type__":"cc.SpriteFrame","content":{"name":"ride_ride_9131_rd1_stand_1_3","texture":"a15lDbEOhCJ5slKmN5aO+E","rect":[303,283,148,138],"offset":[11,-3],"originalSize":[500,500],"capInsets":[0,0,0,0]}}]