[{"__type__":"cc.SpriteFrame","content":{"name":"run_13_sh_ride_shape_4008_sh_run_1_8","texture":"85aoqQBcRGw4cYgj8zj5N1","rect":[113,125,108,120],"offset":[-15,-28],"originalSize":[500,500],"capInsets":[0,0,0,0]}},{"__type__":"cc.SpriteFrame","content":{"name":"run_13_sh_ride_shape_4008_sh_run_1_2","texture":"85aoqQBcRGw4cYgj8zj5N1","rect":[115,1,104,122],"offset":[-17,-27],"originalSize":[500,500],"capInsets":[0,0,0,0]}},{"__type__":"cc.SpriteFrame","content":{"name":"run_13_sh_ride_shape_4008_sh_run_1_5","texture":"85aoqQBcRGw4cYgj8zj5N1","rect":[113,247,106,118],"offset":[-15,-28],"originalSize":[500,500],"capInsets":[0,0,0,0]}},{"__type__":"cc.SpriteFrame","content":{"name":"run_13_sh_ride_shape_4008_sh_run_1_1","texture":"85aoqQBcRGw4cYgj8zj5N1","rect":[221,1,104,120],"offset":[-15,-28],"originalSize":[500,500],"capInsets":[0,0,0,0]}},{"__type__":"cc.SpriteFrame","content":{"name":"run_13_sh_ride_shape_4008_sh_run_1_4","texture":"85aoqQBcRGw4cYgj8zj5N1","rect":[221,247,104,118],"offset":[-16,-28],"originalSize":[500,500],"capInsets":[0,0,0,0]}},{"__type__":"cc.SpriteFrame","content":{"name":"run_13_sh_ride_shape_4008_sh_run_1_6","texture":"85aoqQBcRGw4cYgj8zj5N1","rect":[1,125,110,122],"offset":[-14,-27],"originalSize":[500,500],"capInsets":[0,0,0,0]}},{"__type__":"cc.SpriteAtlas","_name":"run_1.plist","_spriteFrames":{"run_13_sh_ride_shape_4008_sh_run_1_1":{"__uuid__":"5fOPryCZhID6O1+W629jXf"},"run_13_sh_ride_shape_4008_sh_run_1_2":{"__uuid__":"23vOkqxvlI/qDtbE91e2Iq"},"run_13_sh_ride_shape_4008_sh_run_1_3":{"__uuid__":"f1XAr72n5CLKJ5YFLXI76z"},"run_13_sh_ride_shape_4008_sh_run_1_4":{"__uuid__":"65LESZ8bNOE4wvUVFP8kZd"},"run_13_sh_ride_shape_4008_sh_run_1_5":{"__uuid__":"4c2GdMfPVJf4n4S6KHRzGj"},"run_13_sh_ride_shape_4008_sh_run_1_6":{"__uuid__":"6fUb69P5pP0pMSnchC0oI3"},"run_13_sh_ride_shape_4008_sh_run_1_7":{"__uuid__":"99iQfNpRxNNIdnLK0eJ+6t"},"run_13_sh_ride_shape_4008_sh_run_1_8":{"__uuid__":"1eVYNUlqhJxoo9u73yUQ9B"}}},{"__type__":"cc.SpriteFrame","content":{"name":"run_13_sh_ride_shape_4008_sh_run_1_7","texture":"85aoqQBcRGw4cYgj8zj5N1","rect":[1,1,112,122],"offset":[-14,-27],"originalSize":[500,500],"capInsets":[0,0,0,0]}},{"__type__":"cc.SpriteFrame","content":{"name":"run_13_sh_ride_shape_4008_sh_run_1_3","texture":"85aoqQBcRGw4cYgj8zj5N1","rect":[223,123,102,120],"offset":[-17,-27],"originalSize":[500,500],"capInsets":[0,0,0,0]}}]