[{"__type__":"cc.SpriteFrame","content":{"name":"stand_1_rd2_ride_ride_9111_rd2_stand_1_8","texture":"a9cdY4aVtKDYs9E7N+zm41","rect":[259,1,124,160],"offset":[-46,43],"originalSize":[500,500],"capInsets":[0,0,0,0]}},{"__type__":"cc.SpriteFrame","content":{"name":"stand_1_rd2_ride_ride_9111_rd2_stand_1_3","texture":"a9cdY4aVtKDYs9E7N+zm41","rect":[249,165,116,160],"offset":[-45,43],"originalSize":[500,500],"capInsets":[0,0,0,0]}},{"__type__":"cc.SpriteFrame","content":{"name":"stand_1_rd2_ride_ride_9111_rd2_stand_1_1","texture":"a9cdY4aVtKDYs9E7N+zm41","rect":[367,163,116,158],"offset":[-42,42],"originalSize":[500,500],"capInsets":[0,0,0,0]}},{"__type__":"cc.SpriteFrame","content":{"name":"stand_1_rd2_ride_ride_9111_rd2_stand_1_7","texture":"a9cdY4aVtKDYs9E7N+zm41","rect":[129,1,128,162],"offset":[-48,44],"originalSize":[500,500],"capInsets":[0,0,0,0]}},{"__type__":"cc.SpriteFrame","content":{"name":"stand_1_rd2_ride_ride_9111_rd2_stand_1_4","texture":"a9cdY4aVtKDYs9E7N+zm41","rect":[127,167,120,162],"offset":[-47,44],"originalSize":[500,500],"capInsets":[0,0,0,0]}},{"__type__":"cc.SpriteFrame","content":{"name":"stand_1_rd2_ride_ride_9111_rd2_stand_1_2","texture":"a9cdY4aVtKDYs9E7N+zm41","rect":[249,327,118,158],"offset":[-43,42],"originalSize":[500,500],"capInsets":[0,0,0,0]}},{"__type__":"cc.SpriteFrame","content":{"name":"stand_1_rd2_ride_ride_9111_rd2_stand_1_6","texture":"a9cdY4aVtKDYs9E7N+zm41","rect":[1,1,126,164],"offset":[-47,45],"originalSize":[500,500],"capInsets":[0,0,0,0]}},{"__type__":"cc.SpriteAtlas","_name":"stand_1_b.plist","_spriteFrames":{"stand_1_rd2_ride_ride_9111_rd2_stand_1_1":{"__uuid__":"a07qTa9p9KmagVr5wOEXmq"},"stand_1_rd2_ride_ride_9111_rd2_stand_1_2":{"__uuid__":"das5DoLjVIloaqJCRxV9M9"},"stand_1_rd2_ride_ride_9111_rd2_stand_1_3":{"__uuid__":"29EIoAqWREz6aBORVUOp3V"},"stand_1_rd2_ride_ride_9111_rd2_stand_1_4":{"__uuid__":"d4JyhKvFRDaJZmYUSxAClZ"},"stand_1_rd2_ride_ride_9111_rd2_stand_1_5":{"__uuid__":"f5YC73nMVMWqbtSoY4DhOG"},"stand_1_rd2_ride_ride_9111_rd2_stand_1_6":{"__uuid__":"e0fePzTLNHcaip18xsnaHu"},"stand_1_rd2_ride_ride_9111_rd2_stand_1_7":{"__uuid__":"a29Y9ax5dEhJeW9DUMMfuT"},"stand_1_rd2_ride_ride_9111_rd2_stand_1_8":{"__uuid__":"0f8MPWlZxEbbA8VarPRYGh"}}},{"__type__":"cc.SpriteFrame","content":{"name":"stand_1_rd2_ride_ride_9111_rd2_stand_1_5","texture":"a9cdY4aVtKDYs9E7N+zm41","rect":[1,167,124,164],"offset":[-47,45],"originalSize":[500,500],"capInsets":[0,0,0,0]}}]