[{"__type__":"cc.SpriteFrame","content":{"name":"stand_1_part2_wing_5017_stand_1_part2_0006","texture":"c1Tf72lmNFYa2eGolijT9I","rect":[102,328,78,96],"offset":[12,84],"originalSize":[500,500],"rotated":1,"capInsets":[0,0,0,0]}},{"__type__":"cc.SpriteFrame","content":{"name":"stand_1_part2_wing_5017_stand_1_part2_0008","texture":"c1Tf72lmNFYa2eGolijT9I","rect":[102,240,86,98],"offset":[13,85],"originalSize":[500,500],"rotated":1,"capInsets":[0,0,0,0]}},{"__type__":"cc.SpriteAtlas","_name":"stand_1_part2.plist","_spriteFrames":{"stand_1_part2_wing_5017_stand_1_part2_0000":{"__uuid__":"6bSWseykRI6JV9fXWEIc+D"},"stand_1_part2_wing_5017_stand_1_part2_0001":{"__uuid__":"7ffHb7aFdLd4QAP01OfMBi"},"stand_1_part2_wing_5017_stand_1_part2_0002":{"__uuid__":"fbMMj+ZUlCCob0wsCOiSfZ"},"stand_1_part2_wing_5017_stand_1_part2_0003":{"__uuid__":"81AGOzjZZHlq8WzKEBcIgZ"},"stand_1_part2_wing_5017_stand_1_part2_0004":{"__uuid__":"c2dEk1Ns5PqJCaRxX+lkT/"},"stand_1_part2_wing_5017_stand_1_part2_0005":{"__uuid__":"93hkwwWIFLsJYgwvGk+exR"},"stand_1_part2_wing_5017_stand_1_part2_0006":{"__uuid__":"00Fnm4w7tMurhCiymntS97"},"stand_1_part2_wing_5017_stand_1_part2_0007":{"__uuid__":"a0oghJB3JBzbwed0dxD08N"},"stand_1_part2_wing_5017_stand_1_part2_0008":{"__uuid__":"1dVsIK0VhFgbFEQzSvNbVv"},"stand_1_part2_wing_5017_stand_1_part2_0009":{"__uuid__":"d1FQriClBEEJm+GCndlEAo"},"stand_1_part2_wing_5017_stand_1_part2_0010":{"__uuid__":"f1UBtujIRGXI1TzUXRdczq"},"stand_1_part2_wing_5017_stand_1_part2_0011":{"__uuid__":"b8JGriOw9O1a3URqymQRQz"}}},{"__type__":"cc.SpriteFrame","content":{"name":"stand_1_part2_wing_5017_stand_1_part2_0000","texture":"c1Tf72lmNFYa2eGolijT9I","rect":[2,2,86,110],"offset":[16,86],"originalSize":[500,500],"rotated":1,"capInsets":[0,0,0,0]}},{"__type__":"cc.SpriteFrame","content":{"name":"stand_1_part2_wing_5017_stand_1_part2_0001","texture":"c1Tf72lmNFYa2eGolijT9I","rect":[2,90,86,108],"offset":[17,88],"originalSize":[500,500],"rotated":1,"capInsets":[0,0,0,0]}},{"__type__":"cc.SpriteFrame","content":{"name":"stand_1_part2_wing_5017_stand_1_part2_0003","texture":"c1Tf72lmNFYa2eGolijT9I","rect":[2,428,70,94],"offset":[9,84],"originalSize":[500,500],"rotated":1,"capInsets":[0,0,0,0]}},{"__type__":"cc.SpriteFrame","content":{"name":"stand_1_part2_wing_5017_stand_1_part2_0005","texture":"c1Tf72lmNFYa2eGolijT9I","rect":[98,408,74,94],"offset":[11,84],"originalSize":[500,500],"capInsets":[0,0,0,0]}},{"__type__":"cc.SpriteFrame","content":{"name":"stand_1_part2_wing_5017_stand_1_part2_0007","texture":"c1Tf72lmNFYa2eGolijT9I","rect":[2,268,82,98],"offset":[12,85],"originalSize":[500,500],"rotated":1,"capInsets":[0,0,0,0]}},{"__type__":"cc.SpriteFrame","content":{"name":"stand_1_part2_wing_5017_stand_1_part2_0011","texture":"c1Tf72lmNFYa2eGolijT9I","rect":[112,170,68,100],"offset":[8,87],"originalSize":[500,500],"rotated":1,"capInsets":[0,0,0,0]}},{"__type__":"cc.SpriteFrame","content":{"name":"stand_1_part2_wing_5017_stand_1_part2_0004","texture":"c1Tf72lmNFYa2eGolijT9I","rect":[2,352,74,94],"offset":[11,84],"originalSize":[500,500],"rotated":1,"capInsets":[0,0,0,0]}},{"__type__":"cc.SpriteFrame","content":{"name":"stand_1_part2_wing_5017_stand_1_part2_0009","texture":"c1Tf72lmNFYa2eGolijT9I","rect":[2,178,88,98],"offset":[16,85],"originalSize":[500,500],"rotated":1,"capInsets":[0,0,0,0]}},{"__type__":"cc.SpriteFrame","content":{"name":"stand_1_part2_wing_5017_stand_1_part2_0010","texture":"c1Tf72lmNFYa2eGolijT9I","rect":[112,92,76,100],"offset":[11,87],"originalSize":[500,500],"rotated":1,"capInsets":[0,0,0,0]}},{"__type__":"cc.SpriteFrame","content":{"name":"stand_1_part2_wing_5017_stand_1_part2_0002","texture":"c1Tf72lmNFYa2eGolijT9I","rect":[114,2,88,108],"offset":[17,90],"originalSize":[500,500],"rotated":1,"capInsets":[0,0,0,0]}}]