[{"__type__":"cc.SpriteFrame","content":{"name":"stand_7_part2_wing_5014_stand_7_part2_0010","texture":"73BykKIvBHa65I86S3OYeF","rect":[196,228,92,100],"offset":[-48,42],"originalSize":[500,500],"capInsets":[0,0,0,0]}},{"__type__":"cc.SpriteFrame","content":{"name":"stand_7_part2_wing_5014_stand_7_part2_0009","texture":"73BykKIvBHa65I86S3OYeF","rect":[200,2,92,106],"offset":[-48,43],"originalSize":[500,500],"capInsets":[0,0,0,0]}},{"__type__":"cc.SpriteFrame","content":{"name":"stand_7_part2_wing_5014_stand_7_part2_0005","texture":"73BykKIvBHa65I86S3OYeF","rect":[2,128,90,114],"offset":[-48,43],"originalSize":[500,500],"capInsets":[0,0,0,0]}},{"__type__":"cc.SpriteFrame","content":{"name":"stand_7_part2_wing_5014_stand_7_part2_0002","texture":"73BykKIvBHa65I86S3OYeF","rect":[2,358,104,110],"offset":[-54,47],"originalSize":[500,500],"capInsets":[0,0,0,0]}},{"__type__":"cc.SpriteFrame","content":{"name":"stand_7_part2_wing_5014_stand_7_part2_0003","texture":"73BykKIvBHa65I86S3OYeF","rect":[100,242,94,110],"offset":[-50,45],"originalSize":[500,500],"capInsets":[0,0,0,0]}},{"__type__":"cc.SpriteFrame","content":{"name":"stand_7_part2_wing_5014_stand_7_part2_0012","texture":"73BykKIvBHa65I86S3OYeF","rect":[108,354,102,102],"offset":[-53,44],"originalSize":[500,500],"capInsets":[0,0,0,0]}},{"__type__":"cc.SpriteFrame","content":{"name":"stand_7_part2_wing_5014_stand_7_part2_0008","texture":"73BykKIvBHa65I86S3OYeF","rect":[188,116,92,110],"offset":[-49,44],"originalSize":[500,500],"capInsets":[0,0,0,0]}},{"__type__":"cc.SpriteFrame","content":{"name":"stand_7_part2_wing_5014_stand_7_part2_0004","texture":"73BykKIvBHa65I86S3OYeF","rect":[2,244,96,112],"offset":[-51,44],"originalSize":[500,500],"capInsets":[0,0,0,0]}},{"__type__":"cc.SpriteFrame","content":{"name":"stand_7_part2_wing_5014_stand_7_part2_0006","texture":"73BykKIvBHa65I86S3OYeF","rect":[94,128,92,112],"offset":[-49,42],"originalSize":[500,500],"capInsets":[0,0,0,0]}},{"__type__":"cc.SpriteAtlas","_name":"stand_7_part2.plist","_spriteFrames":{"stand_7_part2_wing_5014_stand_7_part2_0001":{"__uuid__":"fdVYAWUnxFhLaUnDOUb7+R"},"stand_7_part2_wing_5014_stand_7_part2_0002":{"__uuid__":"39LJ4HmhFDYJc4GrmWx/Pu"},"stand_7_part2_wing_5014_stand_7_part2_0003":{"__uuid__":"40Y1cKLTdHr6cWZKhq0mQY"},"stand_7_part2_wing_5014_stand_7_part2_0004":{"__uuid__":"b8+TEL9IRHGYXHyZKuraqW"},"stand_7_part2_wing_5014_stand_7_part2_0005":{"__uuid__":"1bNonkGgRD4rFvxGbBWW6h"},"stand_7_part2_wing_5014_stand_7_part2_0006":{"__uuid__":"d4C0fTvmdCXrXJswpKqPi7"},"stand_7_part2_wing_5014_stand_7_part2_0007":{"__uuid__":"de08ryTyRA4JNkLuJ3Bm0/"},"stand_7_part2_wing_5014_stand_7_part2_0008":{"__uuid__":"aejFsymdZCa5J8X2/ODwaC"},"stand_7_part2_wing_5014_stand_7_part2_0009":{"__uuid__":"15gsvBfrJPrrH0xSVh/sty"},"stand_7_part2_wing_5014_stand_7_part2_0010":{"__uuid__":"01Fw458j9A1pdeA4lYBiaf"},"stand_7_part2_wing_5014_stand_7_part2_0011":{"__uuid__":"f1tTCKU3JNw6lLycWaI1ie"},"stand_7_part2_wing_5014_stand_7_part2_0012":{"__uuid__":"4d3X8LNydBPIYzAX2br0r4"}}},{"__type__":"cc.SpriteFrame","content":{"name":"stand_7_part2_wing_5014_stand_7_part2_0007","texture":"73BykKIvBHa65I86S3OYeF","rect":[106,2,92,112],"offset":[-49,43],"originalSize":[500,500],"capInsets":[0,0,0,0]}},{"__type__":"cc.SpriteFrame","content":{"name":"stand_7_part2_wing_5014_stand_7_part2_0011","texture":"73BykKIvBHa65I86S3OYeF","rect":[282,110,94,98],"offset":[-49,42],"originalSize":[500,500],"capInsets":[0,0,0,0]}},{"__type__":"cc.SpriteFrame","content":{"name":"stand_7_part2_wing_5014_stand_7_part2_0001","texture":"73BykKIvBHa65I86S3OYeF","rect":[2,2,102,124],"offset":[-53,38],"originalSize":[500,500],"capInsets":[0,0,0,0]}}]