[{"__type__":"cc.SpriteFrame","content":{"name":"stand_8_part2_wing_5014_stand_8_part2_0004","texture":"1cpcTteK1IAbEmbOhs6sn3","rect":[72,270,82,128],"offset":[-36,90],"originalSize":[500,500],"capInsets":[0,0,0,0]}},{"__type__":"cc.SpriteFrame","content":{"name":"stand_8_part2_wing_5014_stand_8_part2_0007","texture":"1cpcTteK1IAbEmbOhs6sn3","rect":[136,2,106,120],"offset":[-36,86],"originalSize":[500,500],"capInsets":[0,0,0,0]}},{"__type__":"cc.SpriteFrame","content":{"name":"stand_8_part2_wing_5014_stand_8_part2_0006","texture":"1cpcTteK1IAbEmbOhs6sn3","rect":[2,406,98,124],"offset":[-35,88],"originalSize":[500,500],"rotated":1,"capInsets":[0,0,0,0]}},{"__type__":"cc.SpriteFrame","content":{"name":"stand_8_part2_wing_5014_stand_8_part2_0001","texture":"1cpcTteK1IAbEmbOhs6sn3","rect":[2,2,132,134],"offset":[-85,92],"originalSize":[500,500],"capInsets":[0,0,0,0]}},{"__type__":"cc.SpriteFrame","content":{"name":"stand_8_part2_wing_5014_stand_8_part2_0008","texture":"1cpcTteK1IAbEmbOhs6sn3","rect":[128,400,110,120],"offset":[-34,86],"originalSize":[500,500],"rotated":1,"capInsets":[0,0,0,0]}},{"__type__":"cc.SpriteAtlas","_name":"stand_8_part2.plist","_spriteFrames":{"stand_8_part2_wing_5014_stand_8_part2_0001":{"__uuid__":"42oYud2LxNp7MK5WKan/er"},"stand_8_part2_wing_5014_stand_8_part2_0002":{"__uuid__":"acAFLIGUxDP6SAShl/s0ER"},"stand_8_part2_wing_5014_stand_8_part2_0003":{"__uuid__":"6esYuv2f9PsKq0VEwmld3R"},"stand_8_part2_wing_5014_stand_8_part2_0004":{"__uuid__":"2bdxjqA3JNQrWxt2mhTxJ8"},"stand_8_part2_wing_5014_stand_8_part2_0005":{"__uuid__":"918S/zuSdIVKo1cbnGoRG9"},"stand_8_part2_wing_5014_stand_8_part2_0006":{"__uuid__":"320EnbbwpNTKXSxKbqzfuT"},"stand_8_part2_wing_5014_stand_8_part2_0007":{"__uuid__":"2d7x9qYPlBJqkLY5ma1uy0"},"stand_8_part2_wing_5014_stand_8_part2_0008":{"__uuid__":"44aCelbVFBtYvqItOWd2kJ"},"stand_8_part2_wing_5014_stand_8_part2_0009":{"__uuid__":"c23dsL65dCdpf0YmWtBGGt"},"stand_8_part2_wing_5014_stand_8_part2_0010":{"__uuid__":"f238EKKBlDZ4zAVivysBgY"},"stand_8_part2_wing_5014_stand_8_part2_0011":{"__uuid__":"87cMoATIRNCKgDj1Z3Y2B2"},"stand_8_part2_wing_5014_stand_8_part2_0012":{"__uuid__":"b3m5ylMx1P6a6KDSVjTjEH"}}},{"__type__":"cc.SpriteFrame","content":{"name":"stand_8_part2_wing_5014_stand_8_part2_0003","texture":"1cpcTteK1IAbEmbOhs6sn3","rect":[250,2,70,128],"offset":[-37,90],"originalSize":[500,500],"rotated":1,"capInsets":[0,0,0,0]}},{"__type__":"cc.SpriteFrame","content":{"name":"stand_8_part2_wing_5014_stand_8_part2_0011","texture":"1cpcTteK1IAbEmbOhs6sn3","rect":[68,138,66,130],"offset":[-51,90],"originalSize":[500,500],"capInsets":[0,0,0,0]}},{"__type__":"cc.SpriteFrame","content":{"name":"stand_8_part2_wing_5014_stand_8_part2_0005","texture":"1cpcTteK1IAbEmbOhs6sn3","rect":[380,2,94,124],"offset":[-36,89],"originalSize":[500,500],"rotated":1,"capInsets":[0,0,0,0]}},{"__type__":"cc.SpriteFrame","content":{"name":"stand_8_part2_wing_5014_stand_8_part2_0002","texture":"1cpcTteK1IAbEmbOhs6sn3","rect":[2,274,68,130],"offset":[-46,91],"originalSize":[500,500],"capInsets":[0,0,0,0]}},{"__type__":"cc.SpriteFrame","content":{"name":"stand_8_part2_wing_5014_stand_8_part2_0012","texture":"1cpcTteK1IAbEmbOhs6sn3","rect":[2,138,64,134],"offset":[-51,93],"originalSize":[500,500],"capInsets":[0,0,0,0]}},{"__type__":"cc.SpriteFrame","content":{"name":"stand_8_part2_wing_5014_stand_8_part2_0009","texture":"1cpcTteK1IAbEmbOhs6sn3","rect":[156,124,76,120],"offset":[-54,85],"originalSize":[500,500],"capInsets":[0,0,0,0]}},{"__type__":"cc.SpriteFrame","content":{"name":"stand_8_part2_wing_5014_stand_8_part2_0010","texture":"1cpcTteK1IAbEmbOhs6sn3","rect":[250,74,80,122],"offset":[-57,86],"originalSize":[500,500],"rotated":1,"capInsets":[0,0,0,0]}}]