[{"__type__":"cc.SpriteFrame","content":{"name":"stand_8_part1_wing_5003_stand_8_part1_0004","texture":"88yWBEzhNEc6ev/xms4gzv","rect":[162,94,54,74],"offset":[-52,25],"originalSize":[500,500],"capInsets":[0,0,0,0]}},{"__type__":"cc.SpriteFrame","content":{"name":"stand_8_part1_wing_5003_stand_8_part1_0007","texture":"88yWBEzhNEc6ev/xms4gzv","rect":[150,2,46,90],"offset":[-46,20],"originalSize":[500,500],"capInsets":[0,0,0,0]}},{"__type__":"cc.SpriteFrame","content":{"name":"stand_8_part1_wing_5003_stand_8_part1_0005","texture":"88yWBEzhNEc6ev/xms4gzv","rect":[52,108,52,80],"offset":[-50,24],"originalSize":[500,500],"capInsets":[0,0,0,0]}},{"__type__":"cc.SpriteFrame","content":{"name":"stand_8_part1_wing_5003_stand_8_part1_0009","texture":"88yWBEzhNEc6ev/xms4gzv","rect":[54,2,46,98],"offset":[-46,15],"originalSize":[500,500],"capInsets":[0,0,0,0]}},{"__type__":"cc.SpriteFrame","content":{"name":"stand_8_part1_wing_5003_stand_8_part1_0001","texture":"88yWBEzhNEc6ev/xms4gzv","rect":[180,170,52,68],"offset":[-51,26],"originalSize":[500,500],"capInsets":[0,0,0,0]}},{"__type__":"cc.SpriteFrame","content":{"name":"stand_8_part1_wing_5003_stand_8_part1_0012","texture":"88yWBEzhNEc6ev/xms4gzv","rect":[126,174,52,72],"offset":[-49,23],"originalSize":[500,500],"capInsets":[0,0,0,0]}},{"__type__":"cc.SpriteFrame","content":{"name":"stand_8_part1_wing_5003_stand_8_part1_0003","texture":"88yWBEzhNEc6ev/xms4gzv","rect":[106,96,54,76],"offset":[-53,22],"originalSize":[500,500],"capInsets":[0,0,0,0]}},{"__type__":"cc.SpriteFrame","content":{"name":"stand_8_part1_wing_5003_stand_8_part1_0011","texture":"88yWBEzhNEc6ev/xms4gzv","rect":[2,2,50,104],"offset":[-48,10],"originalSize":[500,500],"capInsets":[0,0,0,0]}},{"__type__":"cc.SpriteFrame","content":{"name":"stand_8_part1_wing_5003_stand_8_part1_0006","texture":"88yWBEzhNEc6ev/xms4gzv","rect":[198,2,48,86],"offset":[-48,22],"originalSize":[500,500],"capInsets":[0,0,0,0]}},{"__type__":"cc.SpriteFrame","content":{"name":"stand_8_part1_wing_5003_stand_8_part1_0008","texture":"88yWBEzhNEc6ev/xms4gzv","rect":[102,2,46,92],"offset":[-46,18],"originalSize":[500,500],"capInsets":[0,0,0,0]}},{"__type__":"cc.SpriteFrame","content":{"name":"stand_8_part1_wing_5003_stand_8_part1_0002","texture":"88yWBEzhNEc6ev/xms4gzv","rect":[52,190,54,72],"offset":[-53,24],"originalSize":[500,500],"rotated":1,"capInsets":[0,0,0,0]}},{"__type__":"cc.SpriteFrame","content":{"name":"stand_8_part1_wing_5003_stand_8_part1_0010","texture":"88yWBEzhNEc6ev/xms4gzv","rect":[2,108,48,100],"offset":[-47,13],"originalSize":[500,500],"capInsets":[0,0,0,0]}},{"__type__":"cc.SpriteAtlas","_name":"stand_8_part1.plist","_spriteFrames":{"stand_8_part1_wing_5003_stand_8_part1_0001":{"__uuid__":"34E7GA9cZIq6xJo1f5yv0T"},"stand_8_part1_wing_5003_stand_8_part1_0002":{"__uuid__":"e4rNjOB+FNQKVCsltZn7Hz"},"stand_8_part1_wing_5003_stand_8_part1_0003":{"__uuid__":"4asJ95Ul9OcL8iLOaWLbx3"},"stand_8_part1_wing_5003_stand_8_part1_0004":{"__uuid__":"08vrGWJw9ETLoPTQoWln6U"},"stand_8_part1_wing_5003_stand_8_part1_0005":{"__uuid__":"32ybtniU5Kc7THP/aou49R"},"stand_8_part1_wing_5003_stand_8_part1_0006":{"__uuid__":"aeyzMob2lF/YkSqNSbNuau"},"stand_8_part1_wing_5003_stand_8_part1_0007":{"__uuid__":"16quoiPuBC7pgLhUjTrPcv"},"stand_8_part1_wing_5003_stand_8_part1_0008":{"__uuid__":"deqBTIYHdCrKSSVUE8YqTp"},"stand_8_part1_wing_5003_stand_8_part1_0009":{"__uuid__":"33dcfQ6eVDn52Rby4YeThI"},"stand_8_part1_wing_5003_stand_8_part1_0010":{"__uuid__":"f0OGVzuERAALEDB+9eMOZz"},"stand_8_part1_wing_5003_stand_8_part1_0011":{"__uuid__":"56/xnE9WBM5LlC2olSVCyB"},"stand_8_part1_wing_5003_stand_8_part1_0012":{"__uuid__":"37n9SYZYJLwZFIObUoAkPJ"}}}]