[{"__type__":"cc.SpriteFrame","content":{"name":"standrun_3_rd1rd2_ride_ride_9421_rd1_stand_3_5","texture":"87HcdbP9hA545yReJpsFxg","rect":[1,299,180,142],"offset":[59,-24],"originalSize":[460,460],"capInsets":[0,0,0,0]}},{"__type__":"cc.SpriteFrame","content":{"name":"standrun_3_rd1rd2_ride_ride_9421_rd1_stand_3_4","texture":"87HcdbP9hA545yReJpsFxg","rect":[1,1,206,146],"offset":[37,-26],"originalSize":[460,460],"capInsets":[0,0,0,0]}},{"__type__":"cc.SpriteFrame","content":{"name":"standrun_3_rd1rd2_ride_ride_9421_rd1_stand_3_8","texture":"87HcdbP9hA545yReJpsFxg","rect":[209,135,196,126],"offset":[67,-16],"originalSize":[460,460],"capInsets":[0,0,0,0]}},{"__type__":"cc.SpriteFrame","content":{"name":"standrun_3_rd1rd2_ride_ride_9421_rd1_stand_3_7","texture":"87HcdbP9hA545yReJpsFxg","rect":[209,1,202,132],"offset":[71,-21],"originalSize":[460,460],"capInsets":[0,0,0,0]}},{"__type__":"cc.SpriteFrame","content":{"name":"standrun_3_rd1rd2_ride_ride_9421_rd1_stand_3_3","texture":"87HcdbP9hA545yReJpsFxg","rect":[371,391,176,140],"offset":[57,-23],"originalSize":[460,460],"capInsets":[0,0,0,0]}},{"__type__":"cc.SpriteAtlas","_name":"stand_3_f.plist","_spriteFrames":{"standrun_3_rd1rd2_ride_ride_9421_rd1_stand_3_1":{"__uuid__":"be1w39FLFHh701NMddflsC"},"standrun_3_rd1rd2_ride_ride_9421_rd1_stand_3_2":{"__uuid__":"aeh82hQLdBx6dRk0TPxKmJ"},"standrun_3_rd1rd2_ride_ride_9421_rd1_stand_3_3":{"__uuid__":"77xNS5mrtH6K3uYEJ0i43e"},"standrun_3_rd1rd2_ride_ride_9421_rd1_stand_3_4":{"__uuid__":"58sUzotJNItL+pFCZiSgEZ"},"standrun_3_rd1rd2_ride_ride_9421_rd1_stand_3_5":{"__uuid__":"0c3F/hOq5GzIGlKDReLYRY"},"standrun_3_rd1rd2_ride_ride_9421_rd1_stand_3_6":{"__uuid__":"fbIW9F+klP24ngv45ykatD"},"standrun_3_rd1rd2_ride_ride_9421_rd1_stand_3_7":{"__uuid__":"6dB/6gwgZEhZrfY7TBwdAf"},"standrun_3_rd1rd2_ride_ride_9421_rd1_stand_3_8":{"__uuid__":"5bWmNKcfhK9pnv1yfd2Vdp"}}},{"__type__":"cc.SpriteFrame","content":{"name":"standrun_3_rd1rd2_ride_ride_9421_rd1_stand_3_2","texture":"87HcdbP9hA545yReJpsFxg","rect":[183,391,186,134],"offset":[63,-21],"originalSize":[460,460],"capInsets":[0,0,0,0]}},{"__type__":"cc.SpriteFrame","content":{"name":"standrun_3_rd1rd2_ride_ride_9421_rd1_stand_3_1","texture":"87HcdbP9hA545yReJpsFxg","rect":[195,263,192,126],"offset":[66,-16],"originalSize":[460,460],"capInsets":[0,0,0,0]}},{"__type__":"cc.SpriteFrame","content":{"name":"standrun_3_rd1rd2_ride_ride_9421_rd1_stand_3_6","texture":"87HcdbP9hA545yReJpsFxg","rect":[1,149,192,148],"offset":[65,-27],"originalSize":[460,460],"capInsets":[0,0,0,0]}}]