[{"__type__":"cc.SpriteFrame","content":{"name":"run_1_rd2_ride_ride_9111_rd2_run_1_6","texture":"53ctPssqpEdoriW3IBtXTo","rect":[2,162,126,198],"offset":[-54,40],"originalSize":[500,500],"rotated":1,"capInsets":[0,0,0,0]}},{"__type__":"cc.SpriteFrame","content":{"name":"run_1_rd2_ride_ride_9111_rd2_run_1_8","texture":"53ctPssqpEdoriW3IBtXTo","rect":[2,2,150,158],"offset":[-61,75],"originalSize":[500,500],"capInsets":[0,0,0,0]}},{"__type__":"cc.SpriteFrame","content":{"name":"run_1_rd2_ride_ride_9111_rd2_run_1_1","texture":"53ctPssqpEdoriW3IBtXTo","rect":[138,304,152,136],"offset":[-59,65],"originalSize":[500,500],"capInsets":[0,0,0,0]}},{"__type__":"cc.SpriteFrame","content":{"name":"run_1_rd2_ride_ride_9111_rd2_run_1_4","texture":"53ctPssqpEdoriW3IBtXTo","rect":[2,290,134,168],"offset":[-35,49],"originalSize":[500,500],"capInsets":[0,0,0,0]}},{"__type__":"cc.SpriteFrame","content":{"name":"run_1_rd2_ride_ride_9111_rd2_run_1_2","texture":"53ctPssqpEdoriW3IBtXTo","rect":[292,304,152,132],"offset":[-51,61],"originalSize":[500,500],"capInsets":[0,0,0,0]}},{"__type__":"cc.SpriteFrame","content":{"name":"run_1_rd2_ride_ride_9111_rd2_run_1_7","texture":"53ctPssqpEdoriW3IBtXTo","rect":[202,122,140,180],"offset":[-60,60],"originalSize":[500,500],"capInsets":[0,0,0,0]}},{"__type__":"cc.SpriteAtlas","_name":"run_1_b.plist","_spriteFrames":{"run_1_rd2_ride_ride_9111_rd2_run_1_1":{"__uuid__":"37oheAshpFCaptKO3wSwg/"},"run_1_rd2_ride_ride_9111_rd2_run_1_2":{"__uuid__":"a6TRXseo1AzLvZ0KeSdcGk"},"run_1_rd2_ride_ride_9111_rd2_run_1_3":{"__uuid__":"ebyHVVU0dE6L8xqJKhNSRp"},"run_1_rd2_ride_ride_9111_rd2_run_1_4":{"__uuid__":"79q6U04CVCK7GkCZKYsn1a"},"run_1_rd2_ride_ride_9111_rd2_run_1_5":{"__uuid__":"faAsT0Lx5Mn6GiBLgOIDfU"},"run_1_rd2_ride_ride_9111_rd2_run_1_6":{"__uuid__":"03mtQvqq5JMpRZkJ44vBQW"},"run_1_rd2_ride_ride_9111_rd2_run_1_7":{"__uuid__":"bbDWf/GtNNXZEGZgZqheEf"},"run_1_rd2_ride_ride_9111_rd2_run_1_8":{"__uuid__":"0fZAziye9OSJ+MNTToMhwo"}}},{"__type__":"cc.SpriteFrame","content":{"name":"run_1_rd2_ride_ride_9111_rd2_run_1_3","texture":"53ctPssqpEdoriW3IBtXTo","rect":[344,2,140,136],"offset":[-46,64],"originalSize":[500,500],"rotated":1,"capInsets":[0,0,0,0]}},{"__type__":"cc.SpriteFrame","content":{"name":"run_1_rd2_ride_ride_9111_rd2_run_1_5","texture":"53ctPssqpEdoriW3IBtXTo","rect":[154,2,118,186],"offset":[-42,41],"originalSize":[500,500],"rotated":1,"capInsets":[0,0,0,0]}}]