[{"__type__":"cc.SpriteFrame","content":{"name":"run_1_rd1_ride_ride_9111_rd1_run_1_2","texture":"a0qYS909VAOJ3e3u+BbK8x","rect":[160,2,128,194],"offset":[48,14],"originalSize":[500,500],"rotated":1,"capInsets":[0,0,0,0]}},{"__type__":"cc.SpriteFrame","content":{"name":"run_1_rd1_ride_ride_9111_rd1_run_1_4","texture":"a0qYS909VAOJ3e3u+BbK8x","rect":[2,2,156,162],"offset":[43,13],"originalSize":[500,500],"capInsets":[0,0,0,0]}},{"__type__":"cc.SpriteFrame","content":{"name":"run_1_rd1_ride_ride_9111_rd1_run_1_8","texture":"a0qYS909VAOJ3e3u+BbK8x","rect":[334,132,124,172],"offset":[45,27],"originalSize":[500,500],"capInsets":[0,0,0,0]}},{"__type__":"cc.SpriteAtlas","_name":"run_1_f.plist","_spriteFrames":{"run_1_rd1_ride_ride_9111_rd1_run_1_1":{"__uuid__":"67ayCZ00ZGTr4KU2/znkdu"},"run_1_rd1_ride_ride_9111_rd1_run_1_2":{"__uuid__":"04GUOrnJdCW5vi5uWc0OtG"},"run_1_rd1_ride_ride_9111_rd1_run_1_3":{"__uuid__":"9041ofgCJINJS4QIKE1izZ"},"run_1_rd1_ride_ride_9111_rd1_run_1_4":{"__uuid__":"05eZt+u4BOspRLJ4ejg0nv"},"run_1_rd1_ride_ride_9111_rd1_run_1_5":{"__uuid__":"f4opBhXvNKPq6+m1EbUtgO"},"run_1_rd1_ride_ride_9111_rd1_run_1_6":{"__uuid__":"39MGiX6nlJl72khb7SzSt8"},"run_1_rd1_ride_ride_9111_rd1_run_1_7":{"__uuid__":"43qMSl42hFvL7bXVGRPC7n"},"run_1_rd1_ride_ride_9111_rd1_run_1_8":{"__uuid__":"09B9R5fJpPkoOtTdtYru0W"}}},{"__type__":"cc.SpriteFrame","content":{"name":"run_1_rd1_ride_ride_9111_rd1_run_1_6","texture":"a0qYS909VAOJ3e3u+BbK8x","rect":[334,306,138,138],"offset":[44,35],"originalSize":[500,500],"capInsets":[0,0,0,0]}},{"__type__":"cc.SpriteFrame","content":{"name":"run_1_rd1_ride_ride_9111_rd1_run_1_7","texture":"a0qYS909VAOJ3e3u+BbK8x","rect":[356,2,126,154],"offset":[44,33],"originalSize":[500,500],"rotated":1,"capInsets":[0,0,0,0]}},{"__type__":"cc.SpriteFrame","content":{"name":"run_1_rd1_ride_ride_9111_rd1_run_1_1","texture":"a0qYS909VAOJ3e3u+BbK8x","rect":[202,132,130,186],"offset":[49,21],"originalSize":[500,500],"capInsets":[0,0,0,0]}},{"__type__":"cc.SpriteFrame","content":{"name":"run_1_rd1_ride_ride_9111_rd1_run_1_3","texture":"a0qYS909VAOJ3e3u+BbK8x","rect":[2,166,134,198],"offset":[52,5],"originalSize":[500,500],"rotated":1,"capInsets":[0,0,0,0]}},{"__type__":"cc.SpriteFrame","content":{"name":"run_1_rd1_ride_ride_9111_rd1_run_1_5","texture":"a0qYS909VAOJ3e3u+BbK8x","rect":[2,302,150,128],"offset":[44,30],"originalSize":[500,500],"rotated":1,"capInsets":[0,0,0,0]}}]