[{"__type__":"cc.SpriteFrame","content":{"name":"stand_13_rd1rd2_ride_ride_9121_rd1_stand_1_2","texture":"e6l4/qQC1J3IXfVbsmAPYT","rect":[49,57,44,44],"offset":[-6,143],"originalSize":[500,500],"capInsets":[0,0,0,0]}},{"__type__":"cc.SpriteFrame","content":{"name":"stand_13_rd1rd2_ride_ride_9121_rd1_stand_1_8","texture":"e6l4/qQC1J3IXfVbsmAPYT","rect":[1,1,108,54],"offset":[-39,147],"originalSize":[500,500],"capInsets":[0,0,0,0]}},{"__type__":"cc.SpriteFrame","content":{"name":"stand_13_rd1rd2_ride_ride_9121_rd1_stand_1_7","texture":"e6l4/qQC1J3IXfVbsmAPYT","rect":[95,103,44,44],"offset":[-7,143],"originalSize":[500,500],"capInsets":[0,0,0,0]}},{"__type__":"cc.SpriteFrame","content":{"name":"stand_13_rd1rd2_ride_ride_9121_rd1_stand_1_4","texture":"e6l4/qQC1J3IXfVbsmAPYT","rect":[49,103,44,44],"offset":[-7,144],"originalSize":[500,500],"capInsets":[0,0,0,0]}},{"__type__":"cc.SpriteFrame","content":{"name":"stand_13_rd1rd2_ride_ride_9121_rd1_stand_1_1","texture":"e6l4/qQC1J3IXfVbsmAPYT","rect":[1,57,46,44],"offset":[-7,143],"originalSize":[500,500],"capInsets":[0,0,0,0]}},{"__type__":"cc.SpriteFrame","content":{"name":"stand_13_rd1rd2_ride_ride_9121_rd1_stand_1_6","texture":"e6l4/qQC1J3IXfVbsmAPYT","rect":[95,57,44,44],"offset":[-7,143],"originalSize":[500,500],"capInsets":[0,0,0,0]}},{"__type__":"cc.SpriteFrame","content":{"name":"stand_13_rd1rd2_ride_ride_9121_rd1_stand_1_5","texture":"e6l4/qQC1J3IXfVbsmAPYT","rect":[111,1,42,44],"offset":[-6,144],"originalSize":[500,500],"capInsets":[0,0,0,0]}},{"__type__":"cc.SpriteAtlas","_name":"stand_1_f.plist","_spriteFrames":{"stand_13_rd1rd2_ride_ride_9121_rd1_stand_1_1":{"__uuid__":"75l3Ph6M9F34JWV63tYcml"},"stand_13_rd1rd2_ride_ride_9121_rd1_stand_1_2":{"__uuid__":"06L5ov+J1IZqFyjWhqiTI7"},"stand_13_rd1rd2_ride_ride_9121_rd1_stand_1_3":{"__uuid__":"f3PKiEQLlH+7pbkpKgtYAA"},"stand_13_rd1rd2_ride_ride_9121_rd1_stand_1_4":{"__uuid__":"4aPkezZLpBpqmefvBPYRhZ"},"stand_13_rd1rd2_ride_ride_9121_rd1_stand_1_5":{"__uuid__":"8b0fKs+F5Mlo+B6jMwGYYv"},"stand_13_rd1rd2_ride_ride_9121_rd1_stand_1_6":{"__uuid__":"7fCqzHZL5HDpWIXkqN/aWA"},"stand_13_rd1rd2_ride_ride_9121_rd1_stand_1_7":{"__uuid__":"424XqzRQ5Ds6fTm9c5hl3y"},"stand_13_rd1rd2_ride_ride_9121_rd1_stand_1_8":{"__uuid__":"22TYgpWzxIxauCINbXU06O"}}},{"__type__":"cc.SpriteFrame","content":{"name":"stand_13_rd1rd2_ride_ride_9121_rd1_stand_1_3","texture":"e6l4/qQC1J3IXfVbsmAPYT","rect":[1,103,46,44],"offset":[-7,144],"originalSize":[500,500],"capInsets":[0,0,0,0]}}]