[{"__type__":"cc.SpriteFrame","content":{"name":"stand_1_sh_ride_shape_3015_sh_stand_1_7","texture":"97gOnQlCxJw5HERuAZk+bR","rect":[289,1,144,176],"offset":[-31,-31],"originalSize":[500,500],"capInsets":[0,0,0,0]}},{"__type__":"cc.SpriteFrame","content":{"name":"stand_1_sh_ride_shape_3015_sh_stand_1_8","texture":"97gOnQlCxJw5HERuAZk+bR","rect":[1,183,144,178],"offset":[-31,-31],"originalSize":[500,500],"capInsets":[0,0,0,0]}},{"__type__":"cc.SpriteFrame","content":{"name":"stand_1_sh_ride_shape_3015_sh_stand_1_1","texture":"97gOnQlCxJw5HERuAZk+bR","rect":[1,1,142,180],"offset":[-31,-31],"originalSize":[500,500],"capInsets":[0,0,0,0]}},{"__type__":"cc.SpriteFrame","content":{"name":"stand_1_sh_ride_shape_3015_sh_stand_1_3","texture":"97gOnQlCxJw5HERuAZk+bR","rect":[289,179,142,178],"offset":[-31,-30],"originalSize":[500,500],"capInsets":[0,0,0,0]}},{"__type__":"cc.SpriteFrame","content":{"name":"stand_1_sh_ride_shape_3015_sh_stand_1_6","texture":"97gOnQlCxJw5HERuAZk+bR","rect":[147,359,142,176],"offset":[-30,-30],"originalSize":[500,500],"capInsets":[0,0,0,0]}},{"__type__":"cc.SpriteFrame","content":{"name":"stand_1_sh_ride_shape_3015_sh_stand_1_2","texture":"97gOnQlCxJw5HERuAZk+bR","rect":[145,1,142,178],"offset":[-31,-31],"originalSize":[500,500],"capInsets":[0,0,0,0]}},{"__type__":"cc.SpriteFrame","content":{"name":"stand_1_sh_ride_shape_3015_sh_stand_1_4","texture":"97gOnQlCxJw5HERuAZk+bR","rect":[147,181,140,176],"offset":[-30,-30],"originalSize":[500,500],"capInsets":[0,0,0,0]}},{"__type__":"cc.SpriteFrame","content":{"name":"stand_1_sh_ride_shape_3015_sh_stand_1_5","texture":"97gOnQlCxJw5HERuAZk+bR","rect":[291,359,140,176],"offset":[-29,-30],"originalSize":[500,500],"capInsets":[0,0,0,0]}},{"__type__":"cc.SpriteAtlas","_name":"stand_1.plist","_spriteFrames":{"stand_1_sh_ride_shape_3015_sh_stand_1_1":{"__uuid__":"4a50xj3nNKSKus97+deX1E"},"stand_1_sh_ride_shape_3015_sh_stand_1_2":{"__uuid__":"988Uj0wkBIFr28Dq+7U+B1"},"stand_1_sh_ride_shape_3015_sh_stand_1_3":{"__uuid__":"7dL+ZCxvxKqJV+C7EAqdfn"},"stand_1_sh_ride_shape_3015_sh_stand_1_4":{"__uuid__":"99WalapINJn64GD8FrVxMI"},"stand_1_sh_ride_shape_3015_sh_stand_1_5":{"__uuid__":"d7cnf+9dJOG5ZuuhwL+eSn"},"stand_1_sh_ride_shape_3015_sh_stand_1_6":{"__uuid__":"86dWsZEtlNabxjCDctu/Rq"},"stand_1_sh_ride_shape_3015_sh_stand_1_7":{"__uuid__":"30ehO5mxlA7pHvg/alGu75"},"stand_1_sh_ride_shape_3015_sh_stand_1_8":{"__uuid__":"41sO8Xz7JMaJWNBejfRboL"}}}]