[{"__type__":"cc.SpriteFrame","content":{"name":"standrun_1_rd1rd2_ride_ride_9421_rd2_run_1_4","texture":"b0UZ7bHERIN53h7fdofMtO","rect":[179,1,160,216],"offset":[-68,57],"originalSize":[460,460],"capInsets":[0,0,0,0]}},{"__type__":"cc.SpriteFrame","content":{"name":"standrun_1_rd1rd2_ride_ride_9421_rd2_run_1_8","texture":"b0UZ7bHERIN53h7fdofMtO","rect":[349,375,194,136],"offset":[-78,64],"originalSize":[460,460],"capInsets":[0,0,0,0]}},{"__type__":"cc.SpriteFrame","content":{"name":"standrun_1_rd1rd2_ride_ride_9421_rd2_run_1_2","texture":"b0UZ7bHERIN53h7fdofMtO","rect":[159,369,188,162],"offset":[-77,55],"originalSize":[460,460],"capInsets":[0,0,0,0]}},{"__type__":"cc.SpriteFrame","content":{"name":"standrun_1_rd1rd2_ride_ride_9421_rd2_run_1_3","texture":"b0UZ7bHERIN53h7fdofMtO","rect":[1,1,176,186],"offset":[-77,61],"originalSize":[460,460],"capInsets":[0,0,0,0]}},{"__type__":"cc.SpriteFrame","content":{"name":"standrun_1_rd1rd2_ride_ride_9421_rd2_run_1_5","texture":"b0UZ7bHERIN53h7fdofMtO","rect":[1,189,156,214],"offset":[-67,64],"originalSize":[460,460],"capInsets":[0,0,0,0]}},{"__type__":"cc.SpriteAtlas","_name":"run_1_b.plist","_spriteFrames":{"standrun_1_rd1rd2_ride_ride_9421_rd2_run_1_1":{"__uuid__":"99p/ew/NVMxa81uqdYjFy8"},"standrun_1_rd1rd2_ride_ride_9421_rd2_run_1_2":{"__uuid__":"31II+jl8dNnaTyGgjP1/SC"},"standrun_1_rd1rd2_ride_ride_9421_rd2_run_1_3":{"__uuid__":"39We2Ynf5Ne7QEn/q7npu/"},"standrun_1_rd1rd2_ride_ride_9421_rd2_run_1_4":{"__uuid__":"02cYffvcBKXYLBTh6Z4IG/"},"standrun_1_rd1rd2_ride_ride_9421_rd2_run_1_5":{"__uuid__":"48tb7pGVZHx5wTxe/NqPRe"},"standrun_1_rd1rd2_ride_ride_9421_rd2_run_1_6":{"__uuid__":"ff+s4jjEJKtJzVUs/r9EWV"},"standrun_1_rd1rd2_ride_ride_9421_rd2_run_1_7":{"__uuid__":"66L6y8CUVFmIViom6rL9Jh"},"standrun_1_rd1rd2_ride_ride_9421_rd2_run_1_8":{"__uuid__":"2bkbDBnd5Cw7jPA6vNrFvz"}}},{"__type__":"cc.SpriteFrame","content":{"name":"standrun_1_rd1rd2_ride_ride_9421_rd2_run_1_7","texture":"b0UZ7bHERIN53h7fdofMtO","rect":[363,203,186,170],"offset":[-77,72],"originalSize":[460,460],"capInsets":[0,0,0,0]}},{"__type__":"cc.SpriteFrame","content":{"name":"standrun_1_rd1rd2_ride_ride_9421_rd2_run_1_1","texture":"b0UZ7bHERIN53h7fdofMtO","rect":[159,219,202,148],"offset":[-83,54],"originalSize":[460,460],"capInsets":[0,0,0,0]}},{"__type__":"cc.SpriteFrame","content":{"name":"standrun_1_rd1rd2_ride_ride_9421_rd2_run_1_6","texture":"b0UZ7bHERIN53h7fdofMtO","rect":[341,1,174,200],"offset":[-75,68],"originalSize":[460,460],"capInsets":[0,0,0,0]}}]