[{"__type__":"cc.SpriteFrame","content":{"name":"stand_1_rd1rd2_stand_3_rd1rd2_ride_ride_9321_rd2_stand_3_1","texture":"36EeYV1KZO5JRpcA/hWjMR","rect":[325,1,156,204],"offset":[-42,63],"originalSize":[480,480],"capInsets":[0,0,0,0]}},{"__type__":"cc.SpriteFrame","content":{"name":"stand_1_rd1rd2_stand_3_rd1rd2_ride_ride_9321_rd2_stand_3_6","texture":"36EeYV1KZO5JRpcA/hWjMR","rect":[153,211,156,206],"offset":[-43,62],"originalSize":[480,480],"capInsets":[0,0,0,0]}},{"__type__":"cc.SpriteAtlas","_name":"stand_3_b.plist","_spriteFrames":{"stand_1_rd1rd2_stand_3_rd1rd2_ride_ride_9321_rd2_stand_3_1":{"__uuid__":"0bjFrlpJxJrKDBMXr3/Zkd"},"stand_1_rd1rd2_stand_3_rd1rd2_ride_ride_9321_rd2_stand_3_2":{"__uuid__":"84ku6Hnq5DYZHa5lKhab1E"},"stand_1_rd1rd2_stand_3_rd1rd2_ride_ride_9321_rd2_stand_3_3":{"__uuid__":"84KNQJyPBAOqSLLoua/RYs"},"stand_1_rd1rd2_stand_3_rd1rd2_ride_ride_9321_rd2_stand_3_4":{"__uuid__":"ddsazvaF1PdZh2HlCyBm75"},"stand_1_rd1rd2_stand_3_rd1rd2_ride_ride_9321_rd2_stand_3_5":{"__uuid__":"ca8nVLMUdIqqm60sKXkJjF"},"stand_1_rd1rd2_stand_3_rd1rd2_ride_ride_9321_rd2_stand_3_6":{"__uuid__":"0dbBN+mP5CuKzlyzliwdee"},"stand_1_rd1rd2_stand_3_rd1rd2_ride_ride_9321_rd2_stand_3_7":{"__uuid__":"b1AGkubH5Djp0f2Kh4M0kS"},"stand_1_rd1rd2_stand_3_rd1rd2_ride_ride_9321_rd2_stand_3_8":{"__uuid__":"eb9HCBOfxMKLRaabeFfsa+"}}},{"__type__":"cc.SpriteFrame","content":{"name":"stand_1_rd1rd2_stand_3_rd1rd2_ride_ride_9321_rd2_stand_3_3","texture":"36EeYV1KZO5JRpcA/hWjMR","rect":[465,415,148,206],"offset":[-45,63],"originalSize":[480,480],"capInsets":[0,0,0,0]}},{"__type__":"cc.SpriteFrame","content":{"name":"stand_1_rd1rd2_stand_3_rd1rd2_ride_ride_9321_rd2_stand_3_2","texture":"36EeYV1KZO5JRpcA/hWjMR","rect":[1,1,166,208],"offset":[-38,63],"originalSize":[480,480],"capInsets":[0,0,0,0]}},{"__type__":"cc.SpriteFrame","content":{"name":"stand_1_rd1rd2_stand_3_rd1rd2_ride_ride_9321_rd2_stand_3_7","texture":"36EeYV1KZO5JRpcA/hWjMR","rect":[325,207,154,206],"offset":[-44,62],"originalSize":[480,480],"capInsets":[0,0,0,0]}},{"__type__":"cc.SpriteFrame","content":{"name":"stand_1_rd1rd2_stand_3_rd1rd2_ride_ride_9321_rd2_stand_3_5","texture":"36EeYV1KZO5JRpcA/hWjMR","rect":[169,1,154,206],"offset":[-42,62],"originalSize":[480,480],"capInsets":[0,0,0,0]}},{"__type__":"cc.SpriteFrame","content":{"name":"stand_1_rd1rd2_stand_3_rd1rd2_ride_ride_9321_rd2_stand_3_4","texture":"36EeYV1KZO5JRpcA/hWjMR","rect":[1,211,150,208],"offset":[-44,63],"originalSize":[480,480],"capInsets":[0,0,0,0]}},{"__type__":"cc.SpriteFrame","content":{"name":"stand_1_rd1rd2_stand_3_rd1rd2_ride_ride_9321_rd2_stand_3_8","texture":"36EeYV1KZO5JRpcA/hWjMR","rect":[311,415,152,206],"offset":[-45,63],"originalSize":[480,480],"capInsets":[0,0,0,0]}}]