[{"__type__":"cc.SpriteFrame","content":{"name":"stand_1_part1_wing_5003_stand_1_part1_0003","texture":"21tVBh1hVBpZWANXGNpAsG","rect":[2,152,77,55],"offset":[-67,42],"originalSize":[455,455],"capInsets":[0,0,0,0]}},{"__type__":"cc.SpriteFrame","content":{"name":"stand_1_part1_wing_5003_stand_1_part1_0012","texture":"21tVBh1hVBpZWANXGNpAsG","rect":[85,2,81,41],"offset":[-64,47],"originalSize":[455,455],"capInsets":[0,0,0,0]}},{"__type__":"cc.SpriteFrame","content":{"name":"stand_1_part1_wing_5003_stand_1_part1_0004","texture":"21tVBh1hVBpZWANXGNpAsG","rect":[81,120,77,59],"offset":[-67,41],"originalSize":[455,455],"capInsets":[0,0,0,0]}},{"__type__":"cc.SpriteFrame","content":{"name":"stand_1_part1_wing_5003_stand_1_part1_0009","texture":"21tVBh1hVBpZWANXGNpAsG","rect":[160,187,75,47],"offset":[-63,51],"originalSize":[455,455],"capInsets":[0,0,0,0]}},{"__type__":"cc.SpriteAtlas","_name":"stand_1_part1.plist","_spriteFrames":{"stand_1_part1_wing_5003_stand_1_part1_0001":{"__uuid__":"c0f7Yp/5tKGIFoBWtF6eCY"},"stand_1_part1_wing_5003_stand_1_part1_0002":{"__uuid__":"2cAovSiedLi7wf8vQeigK1"},"stand_1_part1_wing_5003_stand_1_part1_0003":{"__uuid__":"04Fag5pqtKOLirkLJ7IJ4s"},"stand_1_part1_wing_5003_stand_1_part1_0004":{"__uuid__":"1evB+mNEpDdqGMWNbkO2xI"},"stand_1_part1_wing_5003_stand_1_part1_0005":{"__uuid__":"a19Jxyck5DiL/gs4h9R489"},"stand_1_part1_wing_5003_stand_1_part1_0006":{"__uuid__":"fdP3lKHp1LHKhDMQgskIs+"},"stand_1_part1_wing_5003_stand_1_part1_0007":{"__uuid__":"b1Ss+yHXhGMLKF2JFWtEaa"},"stand_1_part1_wing_5003_stand_1_part1_0008":{"__uuid__":"61AvEPPOVKlLBPqqJ59kuw"},"stand_1_part1_wing_5003_stand_1_part1_0009":{"__uuid__":"205MgcMQBL65BavaTpMpdd"},"stand_1_part1_wing_5003_stand_1_part1_0010":{"__uuid__":"46oCDpxGlH6ac2lAWIFTzQ"},"stand_1_part1_wing_5003_stand_1_part1_0011":{"__uuid__":"3aGiESELhKZ7rMVYpTHq2q"},"stand_1_part1_wing_5003_stand_1_part1_0012":{"__uuid__":"0fweUeDZBIsrPEQaBgiFi4"}}},{"__type__":"cc.SpriteFrame","content":{"name":"stand_1_part1_wing_5003_stand_1_part1_0002","texture":"21tVBh1hVBpZWANXGNpAsG","rect":[160,144,77,41],"offset":[-67,47],"originalSize":[455,455],"capInsets":[0,0,0,0]}},{"__type__":"cc.SpriteFrame","content":{"name":"stand_1_part1_wing_5003_stand_1_part1_0011","texture":"21tVBh1hVBpZWANXGNpAsG","rect":[81,181,77,41],"offset":[-63,49],"originalSize":[455,455],"capInsets":[0,0,0,0]}},{"__type__":"cc.SpriteFrame","content":{"name":"stand_1_part1_wing_5003_stand_1_part1_0010","texture":"21tVBh1hVBpZWANXGNpAsG","rect":[2,2,81,79],"offset":[-66,32],"originalSize":[455,455],"capInsets":[0,0,0,0]}},{"__type__":"cc.SpriteFrame","content":{"name":"stand_1_part1_wing_5003_stand_1_part1_0008","texture":"21tVBh1hVBpZWANXGNpAsG","rect":[168,2,77,75],"offset":[-64,37],"originalSize":[455,455],"capInsets":[0,0,0,0]}},{"__type__":"cc.SpriteFrame","content":{"name":"stand_1_part1_wing_5003_stand_1_part1_0005","texture":"21tVBh1hVBpZWANXGNpAsG","rect":[164,79,77,63],"offset":[-66,40],"originalSize":[455,455],"capInsets":[0,0,0,0]}},{"__type__":"cc.SpriteFrame","content":{"name":"stand_1_part1_wing_5003_stand_1_part1_0007","texture":"21tVBh1hVBpZWANXGNpAsG","rect":[85,45,77,73],"offset":[-65,39],"originalSize":[455,455],"capInsets":[0,0,0,0]}},{"__type__":"cc.SpriteFrame","content":{"name":"stand_1_part1_wing_5003_stand_1_part1_0001","texture":"21tVBh1hVBpZWANXGNpAsG","rect":[2,209,77,41],"offset":[-67,47],"originalSize":[455,455],"capInsets":[0,0,0,0]}},{"__type__":"cc.SpriteFrame","content":{"name":"stand_1_part1_wing_5003_stand_1_part1_0006","texture":"21tVBh1hVBpZWANXGNpAsG","rect":[2,83,77,67],"offset":[-65,39],"originalSize":[455,455],"capInsets":[0,0,0,0]}}]