[{"__type__":"cc.SpriteFrame","content":{"name":"stand_7_part1_wing_5015_stand_png_part1_7_0000","texture":"00s6b2j7FE7a+0t7FYWnGU","rect":[2,336,118,80],"offset":[55,36],"originalSize":[500,500],"capInsets":[0,0,0,0]}},{"__type__":"cc.SpriteFrame","content":{"name":"stand_7_part1_wing_5015_stand_png_part1_7_0008","texture":"00s6b2j7FE7a+0t7FYWnGU","rect":[122,418,118,76],"offset":[56,34],"originalSize":[500,500],"capInsets":[0,0,0,0]}},{"__type__":"cc.SpriteAtlas","_name":"stand_7_part1.plist","_spriteFrames":{"stand_7_part1_wing_5015_stand_png_part1_7_0000":{"__uuid__":"00wahPN1JEPrE98l5uhfl0"},"stand_7_part1_wing_5015_stand_png_part1_7_0001":{"__uuid__":"a98Ir9SitDyooIn4zdnK65"},"stand_7_part1_wing_5015_stand_png_part1_7_0002":{"__uuid__":"ffiu/yDOhB67iz5bC5rzdT"},"stand_7_part1_wing_5015_stand_png_part1_7_0003":{"__uuid__":"f5ShCCYHhN0JORtvM/YSeC"},"stand_7_part1_wing_5015_stand_png_part1_7_0004":{"__uuid__":"6e8PsZCtZIhpGNtPM6ed3o"},"stand_7_part1_wing_5015_stand_png_part1_7_0005":{"__uuid__":"f1kxnp3aFA84cqVnqsWs9B"},"stand_7_part1_wing_5015_stand_png_part1_7_0006":{"__uuid__":"92iGzfHW5NzYswSYSD6sXp"},"stand_7_part1_wing_5015_stand_png_part1_7_0007":{"__uuid__":"advswGfZhKh6JlRCs8Nqcz"},"stand_7_part1_wing_5015_stand_png_part1_7_0008":{"__uuid__":"05HI9aMnZARpG+DWLRx9F3"},"stand_7_part1_wing_5015_stand_png_part1_7_0009":{"__uuid__":"80SPXwEihDdpmX4SIBIh3W"},"stand_7_part1_wing_5015_stand_png_part1_7_0010":{"__uuid__":"c6rsua8JhBqKK4P0/hoqzE"},"stand_7_part1_wing_5015_stand_png_part1_7_0011":{"__uuid__":"beilBqsIxLobnWLgre37Ib"}}},{"__type__":"cc.SpriteFrame","content":{"name":"stand_7_part1_wing_5015_stand_png_part1_7_0004","texture":"00s6b2j7FE7a+0t7FYWnGU","rect":[2,2,124,82],"offset":[59,35],"originalSize":[500,500],"capInsets":[0,0,0,0]}},{"__type__":"cc.SpriteFrame","content":{"name":"stand_7_part1_wing_5015_stand_png_part1_7_0009","texture":"00s6b2j7FE7a+0t7FYWnGU","rect":[2,86,124,78],"offset":[58,34],"originalSize":[500,500],"capInsets":[0,0,0,0]}},{"__type__":"cc.SpriteFrame","content":{"name":"stand_7_part1_wing_5015_stand_png_part1_7_0006","texture":"00s6b2j7FE7a+0t7FYWnGU","rect":[2,252,120,82],"offset":[57,36],"originalSize":[500,500],"capInsets":[0,0,0,0]}},{"__type__":"cc.SpriteFrame","content":{"name":"stand_7_part1_wing_5015_stand_png_part1_7_0001","texture":"00s6b2j7FE7a+0t7FYWnGU","rect":[126,166,122,82],"offset":[56,36],"originalSize":[500,500],"capInsets":[0,0,0,0]}},{"__type__":"cc.SpriteFrame","content":{"name":"stand_7_part1_wing_5015_stand_png_part1_7_0007","texture":"00s6b2j7FE7a+0t7FYWnGU","rect":[2,418,118,78],"offset":[56,34],"originalSize":[500,500],"capInsets":[0,0,0,0]}},{"__type__":"cc.SpriteFrame","content":{"name":"stand_7_part1_wing_5015_stand_png_part1_7_0011","texture":"00s6b2j7FE7a+0t7FYWnGU","rect":[128,84,124,80],"offset":[58,34],"originalSize":[500,500],"capInsets":[0,0,0,0]}},{"__type__":"cc.SpriteFrame","content":{"name":"stand_7_part1_wing_5015_stand_png_part1_7_0010","texture":"00s6b2j7FE7a+0t7FYWnGU","rect":[128,2,124,80],"offset":[58,35],"originalSize":[500,500],"capInsets":[0,0,0,0]}},{"__type__":"cc.SpriteFrame","content":{"name":"stand_7_part1_wing_5015_stand_png_part1_7_0005","texture":"00s6b2j7FE7a+0t7FYWnGU","rect":[124,334,118,82],"offset":[56,36],"originalSize":[500,500],"capInsets":[0,0,0,0]}},{"__type__":"cc.SpriteFrame","content":{"name":"stand_7_part1_wing_5015_stand_png_part1_7_0003","texture":"00s6b2j7FE7a+0t7FYWnGU","rect":[2,166,122,84],"offset":[58,36],"originalSize":[500,500],"capInsets":[0,0,0,0]}},{"__type__":"cc.SpriteFrame","content":{"name":"stand_7_part1_wing_5015_stand_png_part1_7_0002","texture":"00s6b2j7FE7a+0t7FYWnGU","rect":[126,250,122,82],"offset":[58,36],"originalSize":[500,500],"capInsets":[0,0,0,0]}}]