[{"__type__":"cc.SpriteFrame","content":{"name":"stand_5_part2_wing_5011_stand_5_part2_0009","texture":"5fFa7h6GtEF4zPGr+EGFy4","rect":[112,314,78,108],"offset":[31,67],"originalSize":[500,500],"rotated":1,"capInsets":[0,0,0,0]}},{"__type__":"cc.SpriteFrame","content":{"name":"stand_5_part2_wing_5011_stand_5_part2_0005","texture":"5fFa7h6GtEF4zPGr+EGFy4","rect":[2,316,76,108],"offset":[30,71],"originalSize":[500,500],"rotated":1,"capInsets":[0,0,0,0]}},{"__type__":"cc.SpriteFrame","content":{"name":"stand_5_part2_wing_5011_stand_5_part2_0004","texture":"5fFa7h6GtEF4zPGr+EGFy4","rect":[116,2,76,112],"offset":[30,71],"originalSize":[500,500],"rotated":1,"capInsets":[0,0,0,0]}},{"__type__":"cc.SpriteFrame","content":{"name":"stand_5_part2_wing_5011_stand_5_part2_0007","texture":"5fFa7h6GtEF4zPGr+EGFy4","rect":[80,394,76,106],"offset":[29,70],"originalSize":[500,500],"capInsets":[0,0,0,0]}},{"__type__":"cc.SpriteFrame","content":{"name":"stand_5_part2_wing_5011_stand_5_part2_0001","texture":"5fFa7h6GtEF4zPGr+EGFy4","rect":[2,2,76,112],"offset":[30,66],"originalSize":[500,500],"rotated":1,"capInsets":[0,0,0,0]}},{"__type__":"cc.SpriteFrame","content":{"name":"stand_5_part2_wing_5011_stand_5_part2_0008","texture":"5fFa7h6GtEF4zPGr+EGFy4","rect":[2,236,78,108],"offset":[30,69],"originalSize":[500,500],"rotated":1,"capInsets":[0,0,0,0]}},{"__type__":"cc.SpriteFrame","content":{"name":"stand_5_part2_wing_5011_stand_5_part2_0012","texture":"5fFa7h6GtEF4zPGr+EGFy4","rect":[2,80,76,112],"offset":[29,65],"originalSize":[500,500],"rotated":1,"capInsets":[0,0,0,0]}},{"__type__":"cc.SpriteFrame","content":{"name":"stand_5_part2_wing_5011_stand_5_part2_0003","texture":"5fFa7h6GtEF4zPGr+EGFy4","rect":[114,234,78,108],"offset":[30,67],"originalSize":[500,500],"rotated":1,"capInsets":[0,0,0,0]}},{"__type__":"cc.SpriteFrame","content":{"name":"stand_5_part2_wing_5011_stand_5_part2_0002","texture":"5fFa7h6GtEF4zPGr+EGFy4","rect":[116,156,76,110],"offset":[30,66],"originalSize":[500,500],"rotated":1,"capInsets":[0,0,0,0]}},{"__type__":"cc.SpriteFrame","content":{"name":"stand_5_part2_wing_5011_stand_5_part2_0010","texture":"5fFa7h6GtEF4zPGr+EGFy4","rect":[2,158,76,110],"offset":[30,66],"originalSize":[500,500],"rotated":1,"capInsets":[0,0,0,0]}},{"__type__":"cc.SpriteFrame","content":{"name":"stand_5_part2_wing_5011_stand_5_part2_0011","texture":"5fFa7h6GtEF4zPGr+EGFy4","rect":[116,80,74,112],"offset":[29,66],"originalSize":[500,500],"rotated":1,"capInsets":[0,0,0,0]}},{"__type__":"cc.SpriteFrame","content":{"name":"stand_5_part2_wing_5011_stand_5_part2_0006","texture":"5fFa7h6GtEF4zPGr+EGFy4","rect":[2,394,76,106],"offset":[30,70],"originalSize":[500,500],"capInsets":[0,0,0,0]}},{"__type__":"cc.SpriteAtlas","_name":"stand_5_part2.plist","_spriteFrames":{"stand_5_part2_wing_5011_stand_5_part2_0001":{"__uuid__":"37Yx60RaNIKpRsfoYN96x6"},"stand_5_part2_wing_5011_stand_5_part2_0002":{"__uuid__":"63qA95g49KEZsjEOC1E2oQ"},"stand_5_part2_wing_5011_stand_5_part2_0003":{"__uuid__":"5cxT//ADROTaaoQ3ORpnZc"},"stand_5_part2_wing_5011_stand_5_part2_0004":{"__uuid__":"29kqXz6AZO268PUKCAGVO/"},"stand_5_part2_wing_5011_stand_5_part2_0005":{"__uuid__":"198BcChvlIJa4lAJZ9BZrl"},"stand_5_part2_wing_5011_stand_5_part2_0006":{"__uuid__":"d1xfWAd/JJ7rjAxolmlNMK"},"stand_5_part2_wing_5011_stand_5_part2_0007":{"__uuid__":"2eLrfqhCZABr7LCBHv7LfA"},"stand_5_part2_wing_5011_stand_5_part2_0008":{"__uuid__":"3dU4V8GypD47ibmWViQmX7"},"stand_5_part2_wing_5011_stand_5_part2_0009":{"__uuid__":"16p3BwZBhNeaOkFhv8MkmJ"},"stand_5_part2_wing_5011_stand_5_part2_0010":{"__uuid__":"99UkhHGnhET6bHrK1wBNUR"},"stand_5_part2_wing_5011_stand_5_part2_0011":{"__uuid__":"cdSakLLPhLcIDSRRU0PyQf"},"stand_5_part2_wing_5011_stand_5_part2_0012":{"__uuid__":"5b38vS+FRBNLdwGoLPIpDn"}}}]