[{"__type__":"cc.SpriteFrame","content":{"name":"stand_1_rd1_ride_ride_9311_rd1_stand_1_2","texture":"9cfYHg7XJIUrPl2SCrg4TS","rect":[2,154,142,150],"offset":[29,-3],"originalSize":[500,500],"capInsets":[0,0,0,0]}},{"__type__":"cc.SpriteFrame","content":{"name":"stand_1_rd1_ride_ride_9311_rd1_stand_1_8","texture":"9cfYHg7XJIUrPl2SCrg4TS","rect":[146,154,140,150],"offset":[29,-3],"originalSize":[500,500],"capInsets":[0,0,0,0]}},{"__type__":"cc.SpriteAtlas","_name":"stand_1_f.plist","_spriteFrames":{"stand_1_rd1_ride_ride_9311_rd1_stand_1_1":{"__uuid__":"d1xIBkA6xEsrHzMgMLpx/E"},"stand_1_rd1_ride_ride_9311_rd1_stand_1_2":{"__uuid__":"08D+HInLlH6JX5WGhFqCbI"},"stand_1_rd1_ride_ride_9311_rd1_stand_1_3":{"__uuid__":"e58yRa3CtAE4wIXAwRUZ9Q"},"stand_1_rd1_ride_ride_9311_rd1_stand_1_4":{"__uuid__":"d6sOMCtc1MGoWP+2bGC+aZ"},"stand_1_rd1_ride_ride_9311_rd1_stand_1_5":{"__uuid__":"e9JSFiP0BIebPTtTDGpSdO"},"stand_1_rd1_ride_ride_9311_rd1_stand_1_6":{"__uuid__":"98WNNXFRFHypC+Sj1PKLLF"},"stand_1_rd1_ride_ride_9311_rd1_stand_1_7":{"__uuid__":"feTo7mqvZLVobHIwAExQa/"},"stand_1_rd1_ride_ride_9311_rd1_stand_1_8":{"__uuid__":"660odhK/ZJbId8fsSfJJRy"}}},{"__type__":"cc.SpriteFrame","content":{"name":"stand_1_rd1_ride_ride_9311_rd1_stand_1_6","texture":"9cfYHg7XJIUrPl2SCrg4TS","rect":[146,2,138,150],"offset":[29,-3],"originalSize":[500,500],"capInsets":[0,0,0,0]}},{"__type__":"cc.SpriteFrame","content":{"name":"stand_1_rd1_ride_ride_9311_rd1_stand_1_1","texture":"9cfYHg7XJIUrPl2SCrg4TS","rect":[2,2,142,150],"offset":[28,-3],"originalSize":[500,500],"capInsets":[0,0,0,0]}},{"__type__":"cc.SpriteFrame","content":{"name":"stand_1_rd1_ride_ride_9311_rd1_stand_1_4","texture":"9cfYHg7XJIUrPl2SCrg4TS","rect":[144,306,140,150],"offset":[29,-3],"originalSize":[500,500],"capInsets":[0,0,0,0]}},{"__type__":"cc.SpriteFrame","content":{"name":"stand_1_rd1_ride_ride_9311_rd1_stand_1_3","texture":"9cfYHg7XJIUrPl2SCrg4TS","rect":[2,306,140,150],"offset":[30,-3],"originalSize":[500,500],"capInsets":[0,0,0,0]}},{"__type__":"cc.SpriteFrame","content":{"name":"stand_1_rd1_ride_ride_9311_rd1_stand_1_5","texture":"9cfYHg7XJIUrPl2SCrg4TS","rect":[286,2,140,150],"offset":[29,-3],"originalSize":[500,500],"rotated":1,"capInsets":[0,0,0,0]}},{"__type__":"cc.SpriteFrame","content":{"name":"stand_1_rd1_ride_ride_9311_rd1_stand_1_7","texture":"9cfYHg7XJIUrPl2SCrg4TS","rect":[286,306,138,150],"offset":[29,-3],"originalSize":[500,500],"capInsets":[0,0,0,0]}}]