[{"__type__":"cc.SpriteFrame","content":{"name":"stand_5_part1_wing_5012_stand_5_part1_0007","texture":"4b5680/TZALrjTJy1IqzIo","rect":[74,398,68,100],"offset":[-40,78],"originalSize":[500,500],"capInsets":[0,0,0,0]}},{"__type__":"cc.SpriteFrame","content":{"name":"stand_5_part1_wing_5012_stand_5_part1_0009","texture":"4b5680/TZALrjTJy1IqzIo","rect":[144,334,66,100],"offset":[-40,80],"originalSize":[500,500],"rotated":1,"capInsets":[0,0,0,0]}},{"__type__":"cc.SpriteFrame","content":{"name":"stand_5_part1_wing_5012_stand_5_part1_0003","texture":"4b5680/TZALrjTJy1IqzIo","rect":[2,2,88,116],"offset":[-51,70],"originalSize":[500,500],"rotated":1,"capInsets":[0,0,0,0]}},{"__type__":"cc.SpriteFrame","content":{"name":"stand_5_part1_wing_5012_stand_5_part1_0008","texture":"4b5680/TZALrjTJy1IqzIo","rect":[2,398,70,100],"offset":[-41,80],"originalSize":[500,500],"capInsets":[0,0,0,0]}},{"__type__":"cc.SpriteFrame","content":{"name":"stand_5_part1_wing_5012_stand_5_part1_0001","texture":"4b5680/TZALrjTJy1IqzIo","rect":[2,92,82,110],"offset":[-48,74],"originalSize":[500,500],"rotated":1,"capInsets":[0,0,0,0]}},{"__type__":"cc.SpriteFrame","content":{"name":"stand_5_part1_wing_5012_stand_5_part1_0005","texture":"4b5680/TZALrjTJy1IqzIo","rect":[114,252,80,104],"offset":[-47,75],"originalSize":[500,500],"rotated":1,"capInsets":[0,0,0,0]}},{"__type__":"cc.SpriteFrame","content":{"name":"stand_5_part1_wing_5012_stand_5_part1_0002","texture":"4b5680/TZALrjTJy1IqzIo","rect":[120,2,84,116],"offset":[-49,70],"originalSize":[500,500],"rotated":1,"capInsets":[0,0,0,0]}},{"__type__":"cc.SpriteFrame","content":{"name":"stand_5_part1_wing_5012_stand_5_part1_0006","texture":"4b5680/TZALrjTJy1IqzIo","rect":[2,322,74,102],"offset":[-43,76],"originalSize":[500,500],"rotated":1,"capInsets":[0,0,0,0]}},{"__type__":"cc.SpriteFrame","content":{"name":"stand_5_part1_wing_5012_stand_5_part1_0012","texture":"4b5680/TZALrjTJy1IqzIo","rect":[2,176,76,110],"offset":[-45,76],"originalSize":[500,500],"rotated":1,"capInsets":[0,0,0,0]}},{"__type__":"cc.SpriteAtlas","_name":"stand_5_part1.plist","_spriteFrames":{"stand_5_part1_wing_5012_stand_5_part1_0001":{"__uuid__":"87MBpkIpZOmrf7dVF/hru2"},"stand_5_part1_wing_5012_stand_5_part1_0002":{"__uuid__":"8f0IbjMD5Pqb1l70Ux29Dp"},"stand_5_part1_wing_5012_stand_5_part1_0003":{"__uuid__":"38SihGMsFJ5qteWj6WYS8c"},"stand_5_part1_wing_5012_stand_5_part1_0004":{"__uuid__":"ceEphjirBEN7CpTAbH55KS"},"stand_5_part1_wing_5012_stand_5_part1_0005":{"__uuid__":"8eQH8mT01BhbzcqW13iBTk"},"stand_5_part1_wing_5012_stand_5_part1_0006":{"__uuid__":"a11MAomaxIJ746ftwKW493"},"stand_5_part1_wing_5012_stand_5_part1_0007":{"__uuid__":"15wslaKqlBXK873Gr5jgnm"},"stand_5_part1_wing_5012_stand_5_part1_0008":{"__uuid__":"4fjQE77CVIpZwVVEmJsPZ1"},"stand_5_part1_wing_5012_stand_5_part1_0009":{"__uuid__":"16R0Cve09JHothMbr4PdBp"},"stand_5_part1_wing_5012_stand_5_part1_0010":{"__uuid__":"e5UrQNA35AFYXsVAPmHRlR"},"stand_5_part1_wing_5012_stand_5_part1_0011":{"__uuid__":"f3bsNxCCxE3ZzxL2f9QfVr"},"stand_5_part1_wing_5012_stand_5_part1_0012":{"__uuid__":"a4XZG6jOBGOa+vVwz6tDgl"}}},{"__type__":"cc.SpriteFrame","content":{"name":"stand_5_part1_wing_5012_stand_5_part1_0004","texture":"4b5680/TZALrjTJy1IqzIo","rect":[120,88,88,114],"offset":[-51,69],"originalSize":[500,500],"rotated":1,"capInsets":[0,0,0,0]}},{"__type__":"cc.SpriteFrame","content":{"name":"stand_5_part1_wing_5012_stand_5_part1_0010","texture":"4b5680/TZALrjTJy1IqzIo","rect":[2,254,66,104],"offset":[-40,79],"originalSize":[500,500],"rotated":1,"capInsets":[0,0,0,0]}},{"__type__":"cc.SpriteFrame","content":{"name":"stand_5_part1_wing_5012_stand_5_part1_0011","texture":"4b5680/TZALrjTJy1IqzIo","rect":[114,178,72,108],"offset":[-43,78],"originalSize":[500,500],"rotated":1,"capInsets":[0,0,0,0]}}]