[{"__type__":"cc.SpriteFrame","content":{"name":"stand_8_part1_wing_5016_stand_8_part1_0006","texture":"30J2wIWGRPDrQ+cLqF8tDN","rect":[100,2,64,88],"offset":[-47,23],"originalSize":[500,500],"rotated":1,"capInsets":[0,0,0,0]}},{"__type__":"cc.SpriteAtlas","_name":"stand_8_part1.plist","_spriteFrames":{"stand_8_part1_wing_5016_stand_8_part1_0000":{"__uuid__":"a0GBalFxJIqaClNsb25/cK"},"stand_8_part1_wing_5016_stand_8_part1_0001":{"__uuid__":"66bS8VGrlL25E6sVLogSnD"},"stand_8_part1_wing_5016_stand_8_part1_0002":{"__uuid__":"ee1EsP/Y9LX73xM/wo9zjC"},"stand_8_part1_wing_5016_stand_8_part1_0003":{"__uuid__":"27jUH82klFBobuO3sVkckY"},"stand_8_part1_wing_5016_stand_8_part1_0004":{"__uuid__":"55AJuF/W1FAbGd0cSxYGvi"},"stand_8_part1_wing_5016_stand_8_part1_0005":{"__uuid__":"8fXcyQxkdIlqZqKL9QY5fC"},"stand_8_part1_wing_5016_stand_8_part1_0006":{"__uuid__":"137QCsWxFDD5M85ONRSZjx"},"stand_8_part1_wing_5016_stand_8_part1_0007":{"__uuid__":"dcaWSJ7QRD/IjMBv/+d+AQ"},"stand_8_part1_wing_5016_stand_8_part1_0008":{"__uuid__":"f9klUsS/RHdr9GARXQ6G55"},"stand_8_part1_wing_5016_stand_8_part1_0009":{"__uuid__":"7fP21r0T5PpJebI+N/U47E"},"stand_8_part1_wing_5016_stand_8_part1_0010":{"__uuid__":"2faJSOl79HI7VRM1Cua3Vt"},"stand_8_part1_wing_5016_stand_8_part1_0011":{"__uuid__":"7f4Hua+5lKBLV8cLGPfyGl"}}},{"__type__":"cc.SpriteFrame","content":{"name":"stand_8_part1_wing_5016_stand_8_part1_0003","texture":"30J2wIWGRPDrQ+cLqF8tDN","rect":[190,2,64,82],"offset":[-48,26],"originalSize":[500,500],"capInsets":[0,0,0,0]}},{"__type__":"cc.SpriteFrame","content":{"name":"stand_8_part1_wing_5016_stand_8_part1_0010","texture":"30J2wIWGRPDrQ+cLqF8tDN","rect":[2,206,68,70],"offset":[-50,26],"originalSize":[500,500],"rotated":1,"capInsets":[0,0,0,0]}},{"__type__":"cc.SpriteFrame","content":{"name":"stand_8_part1_wing_5016_stand_8_part1_0004","texture":"30J2wIWGRPDrQ+cLqF8tDN","rect":[90,130,66,84],"offset":[-48,25],"originalSize":[500,500],"rotated":1,"capInsets":[0,0,0,0]}},{"__type__":"cc.SpriteFrame","content":{"name":"stand_8_part1_wing_5016_stand_8_part1_0001","texture":"30J2wIWGRPDrQ+cLqF8tDN","rect":[2,2,62,96],"offset":[-48,16],"originalSize":[500,500],"rotated":1,"capInsets":[0,0,0,0]}},{"__type__":"cc.SpriteFrame","content":{"name":"stand_8_part1_wing_5016_stand_8_part1_0009","texture":"30J2wIWGRPDrQ+cLqF8tDN","rect":[2,138,66,72],"offset":[-50,26],"originalSize":[500,500],"rotated":1,"capInsets":[0,0,0,0]}},{"__type__":"cc.SpriteFrame","content":{"name":"stand_8_part1_wing_5016_stand_8_part1_0011","texture":"30J2wIWGRPDrQ+cLqF8tDN","rect":[150,218,60,70],"offset":[-46,26],"originalSize":[500,500],"rotated":1,"capInsets":[0,0,0,0]}},{"__type__":"cc.SpriteFrame","content":{"name":"stand_8_part1_wing_5016_stand_8_part1_0005","texture":"30J2wIWGRPDrQ+cLqF8tDN","rect":[2,66,70,86],"offset":[-49,24],"originalSize":[500,500],"rotated":1,"capInsets":[0,0,0,0]}},{"__type__":"cc.SpriteFrame","content":{"name":"stand_8_part1_wing_5016_stand_8_part1_0000","texture":"30J2wIWGRPDrQ+cLqF8tDN","rect":[76,198,60,72],"offset":[-46,26],"originalSize":[500,500],"rotated":1,"capInsets":[0,0,0,0]}},{"__type__":"cc.SpriteFrame","content":{"name":"stand_8_part1_wing_5016_stand_8_part1_0007","texture":"30J2wIWGRPDrQ+cLqF8tDN","rect":[90,68,60,86],"offset":[-48,21],"originalSize":[500,500],"rotated":1,"capInsets":[0,0,0,0]}},{"__type__":"cc.SpriteFrame","content":{"name":"stand_8_part1_wing_5016_stand_8_part1_0002","texture":"30J2wIWGRPDrQ+cLqF8tDN","rect":[176,154,62,78],"offset":[-48,26],"originalSize":[500,500],"rotated":1,"capInsets":[0,0,0,0]}},{"__type__":"cc.SpriteFrame","content":{"name":"stand_8_part1_wing_5016_stand_8_part1_0008","texture":"30J2wIWGRPDrQ+cLqF8tDN","rect":[178,86,66,72],"offset":[-49,27],"originalSize":[500,500],"rotated":1,"capInsets":[0,0,0,0]}}]