[{"__type__":"cc.SpriteFrame","content":{"name":"stand_3_rd1rd2_ride_ride_9231_rd1_stand_3_6","texture":"a6sVr4V/VCM5ITCYvpJVYF","rect":[451,226,223,221],"offset":[-2,29],"originalSize":[415,415],"capInsets":[0,0,0,0]}},{"__type__":"cc.SpriteFrame","content":{"name":"stand_3_rd1rd2_ride_ride_9231_rd1_stand_3_3","texture":"a6sVr4V/VCM5ITCYvpJVYF","rect":[1,445,227,221],"offset":[-1,31],"originalSize":[415,415],"capInsets":[0,0,0,0]}},{"__type__":"cc.SpriteFrame","content":{"name":"stand_3_rd1rd2_ride_ride_9231_rd1_stand_3_2","texture":"a6sVr4V/VCM5ITCYvpJVYF","rect":[226,222,223,221],"offset":[-2,31],"originalSize":[415,415],"capInsets":[0,0,0,0]}},{"__type__":"cc.SpriteAtlas","_name":"stand_3_f.plist","_spriteFrames":{"stand_3_rd1rd2_ride_ride_9231_rd1_stand_3_1":{"__uuid__":"6eeBqcAOVDFYLKAMI2tHkf"},"stand_3_rd1rd2_ride_ride_9231_rd1_stand_3_2":{"__uuid__":"17EgQKC5FH67nNtZ+wRqCI"},"stand_3_rd1rd2_ride_ride_9231_rd1_stand_3_3":{"__uuid__":"08+TzwMa1N14FAI0DS8mXZ"},"stand_3_rd1rd2_ride_ride_9231_rd1_stand_3_4":{"__uuid__":"69PhyuW3tOxLwj6RC2cm3Z"},"stand_3_rd1rd2_ride_ride_9231_rd1_stand_3_5":{"__uuid__":"a13JApHbxFx6anX6NnT4x1"},"stand_3_rd1rd2_ride_ride_9231_rd1_stand_3_6":{"__uuid__":"01fCu827VHyakt4CIoepr4"},"stand_3_rd1rd2_ride_ride_9231_rd1_stand_3_7":{"__uuid__":"c0FZDLxkZC/pAJT8ye8SCl"},"stand_3_rd1rd2_ride_ride_9231_rd1_stand_3_8":{"__uuid__":"7felynQi1KbaxKpbgEt4Vg"}}},{"__type__":"cc.SpriteFrame","content":{"name":"stand_3_rd1rd2_ride_ride_9231_rd1_stand_3_4","texture":"a6sVr4V/VCM5ITCYvpJVYF","rect":[230,449,229,223],"offset":[1,28],"originalSize":[415,415],"capInsets":[0,0,0,0]}},{"__type__":"cc.SpriteFrame","content":{"name":"stand_3_rd1rd2_ride_ride_9231_rd1_stand_3_1","texture":"a6sVr4V/VCM5ITCYvpJVYF","rect":[1,222,223,221],"offset":[-3,31],"originalSize":[415,415],"capInsets":[0,0,0,0]}},{"__type__":"cc.SpriteFrame","content":{"name":"stand_3_rd1rd2_ride_ride_9231_rd1_stand_3_8","texture":"a6sVr4V/VCM5ITCYvpJVYF","rect":[230,1,225,219],"offset":[-2,31],"originalSize":[415,415],"capInsets":[0,0,0,0]}},{"__type__":"cc.SpriteFrame","content":{"name":"stand_3_rd1rd2_ride_ride_9231_rd1_stand_3_5","texture":"a6sVr4V/VCM5ITCYvpJVYF","rect":[457,1,217,223],"offset":[-4,29],"originalSize":[415,415],"capInsets":[0,0,0,0]}},{"__type__":"cc.SpriteFrame","content":{"name":"stand_3_rd1rd2_ride_ride_9231_rd1_stand_3_7","texture":"a6sVr4V/VCM5ITCYvpJVYF","rect":[1,1,227,219],"offset":[-1,31],"originalSize":[415,415],"capInsets":[0,0,0,0]}}]