[{"__type__":"cc.SpriteFrame","content":{"name":"run_13_sh_ride_shape_4037_sh_run_3_0007","texture":"0bJlPWvTZNK65zLnkAsqUv","rect":[175,141,88,134],"offset":[-9,24],"originalSize":[450,450],"capInsets":[0,0,0,0]}},{"__type__":"cc.SpriteFrame","content":{"name":"run_13_sh_ride_shape_4037_sh_run_3_0004","texture":"0bJlPWvTZNK65zLnkAsqUv","rect":[179,1,82,138],"offset":[-7,25],"originalSize":[450,450],"capInsets":[0,0,0,0]}},{"__type__":"cc.SpriteFrame","content":{"name":"run_13_sh_ride_shape_4037_sh_run_3_0002","texture":"0bJlPWvTZNK65zLnkAsqUv","rect":[1,137,82,138],"offset":[-6,24],"originalSize":[450,450],"capInsets":[0,0,0,0]}},{"__type__":"cc.SpriteFrame","content":{"name":"run_13_sh_ride_shape_4037_sh_run_3_0005","texture":"0bJlPWvTZNK65zLnkAsqUv","rect":[85,141,88,136],"offset":[-9,25],"originalSize":[450,450],"capInsets":[0,0,0,0]}},{"__type__":"cc.SpriteAtlas","_name":"run_3.plist","_spriteFrames":{"run_13_sh_ride_shape_4037_sh_run_3_0001":{"__uuid__":"cbnQuF909MCoX4EjvGf5LE"},"run_13_sh_ride_shape_4037_sh_run_3_0002":{"__uuid__":"6djyTk8AVGdIh94TYURhFK"},"run_13_sh_ride_shape_4037_sh_run_3_0003":{"__uuid__":"ecrhLqRkJOV6jhhENOej1G"},"run_13_sh_ride_shape_4037_sh_run_3_0004":{"__uuid__":"2chm1nDnpH7rW35jbsX4zf"},"run_13_sh_ride_shape_4037_sh_run_3_0005":{"__uuid__":"765v+NdbxAUZ4wAoAUuY/6"},"run_13_sh_ride_shape_4037_sh_run_3_0006":{"__uuid__":"b9Vy1S1u5NRY6qCNX7REjJ"},"run_13_sh_ride_shape_4037_sh_run_3_0007":{"__uuid__":"0cPieCwi5AW4+HFbgIi4v1"},"run_13_sh_ride_shape_4037_sh_run_3_0008":{"__uuid__":"c6Afr8zFhFJoFjG/Wim4Iu"}}},{"__type__":"cc.SpriteFrame","content":{"name":"run_13_sh_ride_shape_4037_sh_run_3_0006","texture":"0bJlPWvTZNK65zLnkAsqUv","rect":[1,1,92,134],"offset":[-11,24],"originalSize":[450,450],"capInsets":[0,0,0,0]}},{"__type__":"cc.SpriteFrame","content":{"name":"run_13_sh_ride_shape_4037_sh_run_3_0008","texture":"0bJlPWvTZNK65zLnkAsqUv","rect":[263,1,82,138],"offset":[-6,24],"originalSize":[450,450],"capInsets":[0,0,0,0]}},{"__type__":"cc.SpriteFrame","content":{"name":"run_13_sh_ride_shape_4037_sh_run_3_0001","texture":"0bJlPWvTZNK65zLnkAsqUv","rect":[95,1,82,138],"offset":[-6,24],"originalSize":[450,450],"capInsets":[0,0,0,0]}},{"__type__":"cc.SpriteFrame","content":{"name":"run_13_sh_ride_shape_4037_sh_run_3_0003","texture":"0bJlPWvTZNK65zLnkAsqUv","rect":[265,141,80,138],"offset":[-6,24],"originalSize":[450,450],"capInsets":[0,0,0,0]}}]