[{"__type__":"cc.SpriteAtlas","_name":"stand_8_part2.plist","_spriteFrames":{"stand_8_part2_wing_5003_stand_8_part2_0001":{"__uuid__":"d1TDo6teVAmqNXVahR4pNf"},"stand_8_part2_wing_5003_stand_8_part2_0002":{"__uuid__":"50eXL5McRBConC7vdMjN0Z"},"stand_8_part2_wing_5003_stand_8_part2_0003":{"__uuid__":"c1XqFpw+1KJrpkBAembFi0"},"stand_8_part2_wing_5003_stand_8_part2_0004":{"__uuid__":"59zZhIySlIlIu0xgZZSelW"},"stand_8_part2_wing_5003_stand_8_part2_0005":{"__uuid__":"5fBS98oDNBV5hWfsXtLYQu"},"stand_8_part2_wing_5003_stand_8_part2_0006":{"__uuid__":"7cE3xFmFpEA4a8UJPAGbHC"},"stand_8_part2_wing_5003_stand_8_part2_0007":{"__uuid__":"6ckRHyEAhHDKQ60rR3dLh/"},"stand_8_part2_wing_5003_stand_8_part2_0008":{"__uuid__":"c9nC9wuxlKFaVf4nSN1mgi"},"stand_8_part2_wing_5003_stand_8_part2_0009":{"__uuid__":"6cdJ6gi1xE9akIxRIbfhIv"},"stand_8_part2_wing_5003_stand_8_part2_0010":{"__uuid__":"65iVN7pBNL24/1EFAgVqhT"},"stand_8_part2_wing_5003_stand_8_part2_0011":{"__uuid__":"d1PcL612JOG4qOqSOAQ9XP"},"stand_8_part2_wing_5003_stand_8_part2_0012":{"__uuid__":"86V49XjuZMor53neBWAsm6"}}},{"__type__":"cc.SpriteFrame","content":{"name":"stand_8_part2_wing_5003_stand_8_part2_0002","texture":"2bLFRVDHNNJbGKFlEXU8em","rect":[2,2,60,168],"offset":[-53,28],"originalSize":[500,500],"capInsets":[0,0,0,0]}},{"__type__":"cc.SpriteFrame","content":{"name":"stand_8_part2_wing_5003_stand_8_part2_0004","texture":"2bLFRVDHNNJbGKFlEXU8em","rect":[124,2,60,64],"offset":[-54,77],"originalSize":[500,500],"rotated":1,"capInsets":[0,0,0,0]}},{"__type__":"cc.SpriteFrame","content":{"name":"stand_8_part2_wing_5003_stand_8_part2_0005","texture":"2bLFRVDHNNJbGKFlEXU8em","rect":[124,192,56,60],"offset":[-52,77],"originalSize":[500,500],"capInsets":[0,0,0,0]}},{"__type__":"cc.SpriteFrame","content":{"name":"stand_8_part2_wing_5003_stand_8_part2_0010","texture":"2bLFRVDHNNJbGKFlEXU8em","rect":[64,2,58,60],"offset":[-53,75],"originalSize":[500,500],"capInsets":[0,0,0,0]}},{"__type__":"cc.SpriteFrame","content":{"name":"stand_8_part2_wing_5003_stand_8_part2_0009","texture":"2bLFRVDHNNJbGKFlEXU8em","rect":[190,2,56,64],"offset":[-52,74],"originalSize":[500,500],"rotated":1,"capInsets":[0,0,0,0]}},{"__type__":"cc.SpriteFrame","content":{"name":"stand_8_part2_wing_5003_stand_8_part2_0007","texture":"2bLFRVDHNNJbGKFlEXU8em","rect":[190,116,52,64],"offset":[-50,75],"originalSize":[500,500],"rotated":1,"capInsets":[0,0,0,0]}},{"__type__":"cc.SpriteFrame","content":{"name":"stand_8_part2_wing_5003_stand_8_part2_0006","texture":"2bLFRVDHNNJbGKFlEXU8em","rect":[64,116,54,62],"offset":[-51,75],"originalSize":[500,500],"rotated":1,"capInsets":[0,0,0,0]}},{"__type__":"cc.SpriteFrame","content":{"name":"stand_8_part2_wing_5003_stand_8_part2_0012","texture":"2bLFRVDHNNJbGKFlEXU8em","rect":[62,172,60,68],"offset":[-54,73],"originalSize":[500,500],"capInsets":[0,0,0,0]}},{"__type__":"cc.SpriteFrame","content":{"name":"stand_8_part2_wing_5003_stand_8_part2_0003","texture":"2bLFRVDHNNJbGKFlEXU8em","rect":[2,172,58,72],"offset":[-53,75],"originalSize":[500,500],"capInsets":[0,0,0,0]}},{"__type__":"cc.SpriteFrame","content":{"name":"stand_8_part2_wing_5003_stand_8_part2_0008","texture":"2bLFRVDHNNJbGKFlEXU8em","rect":[190,60,54,64],"offset":[-51,75],"originalSize":[500,500],"rotated":1,"capInsets":[0,0,0,0]}},{"__type__":"cc.SpriteFrame","content":{"name":"stand_8_part2_wing_5003_stand_8_part2_0011","texture":"2bLFRVDHNNJbGKFlEXU8em","rect":[128,128,60,62],"offset":[-54,75],"originalSize":[500,500],"capInsets":[0,0,0,0]}},{"__type__":"cc.SpriteFrame","content":{"name":"stand_8_part2_wing_5003_stand_8_part2_0001","texture":"2bLFRVDHNNJbGKFlEXU8em","rect":[128,64,60,62],"offset":[-53,79],"originalSize":[500,500],"capInsets":[0,0,0,0]}}]