[{"__type__":"cc.SpriteFrame","content":{"name":"run_13_sh_ride_shape_1011_sh_run_3_3","texture":"80cs3pGh9BFbfc0BKaLt1v","rect":[1,1,94,154],"offset":[-10,-37],"originalSize":[490,490],"capInsets":[0,0,0,0]}},{"__type__":"cc.SpriteFrame","content":{"name":"run_13_sh_ride_shape_1011_sh_run_3_6","texture":"80cs3pGh9BFbfc0BKaLt1v","rect":[271,1,82,154],"offset":[-12,-35],"originalSize":[490,490],"capInsets":[0,0,0,0]}},{"__type__":"cc.SpriteFrame","content":{"name":"run_13_sh_ride_shape_1011_sh_run_3_4","texture":"80cs3pGh9BFbfc0BKaLt1v","rect":[95,157,90,154],"offset":[-11,-36],"originalSize":[490,490],"capInsets":[0,0,0,0]}},{"__type__":"cc.SpriteFrame","content":{"name":"run_13_sh_ride_shape_1011_sh_run_3_2","texture":"80cs3pGh9BFbfc0BKaLt1v","rect":[1,157,92,154],"offset":[-10,-37],"originalSize":[490,490],"capInsets":[0,0,0,0]}},{"__type__":"cc.SpriteFrame","content":{"name":"run_13_sh_ride_shape_1011_sh_run_3_5","texture":"80cs3pGh9BFbfc0BKaLt1v","rect":[187,1,82,154],"offset":[-13,-35],"originalSize":[490,490],"capInsets":[0,0,0,0]}},{"__type__":"cc.SpriteFrame","content":{"name":"run_13_sh_ride_shape_1011_sh_run_3_7","texture":"80cs3pGh9BFbfc0BKaLt1v","rect":[187,157,82,154],"offset":[-12,-35],"originalSize":[490,490],"capInsets":[0,0,0,0]}},{"__type__":"cc.SpriteAtlas","_name":"run_3.plist","_spriteFrames":{"run_13_sh_ride_shape_1011_sh_run_3_1":{"__uuid__":"f0TCu8lXpESY1sxBtYsL1f"},"run_13_sh_ride_shape_1011_sh_run_3_2":{"__uuid__":"1fWG8aJoZProRrH/WSRYYE"},"run_13_sh_ride_shape_1011_sh_run_3_3":{"__uuid__":"03JQtyUFNEpIQXgo/Qmn8q"},"run_13_sh_ride_shape_1011_sh_run_3_4":{"__uuid__":"11gO8E5MVIdZjS3NHJAIaL"},"run_13_sh_ride_shape_1011_sh_run_3_5":{"__uuid__":"44oN4KYPBHPLYCH0ObpGEW"},"run_13_sh_ride_shape_1011_sh_run_3_6":{"__uuid__":"03N1UXbbRAYIjMvWKsVlHv"},"run_13_sh_ride_shape_1011_sh_run_3_7":{"__uuid__":"64/r+lKUdPiKcZS+MAHdxQ"},"run_13_sh_ride_shape_1011_sh_run_3_8":{"__uuid__":"b3i8u0Qt5BvaKdWdpCLJff"}}},{"__type__":"cc.SpriteFrame","content":{"name":"run_13_sh_ride_shape_1011_sh_run_3_8","texture":"80cs3pGh9BFbfc0BKaLt1v","rect":[271,157,82,154],"offset":[-13,-36],"originalSize":[490,490],"capInsets":[0,0,0,0]}},{"__type__":"cc.SpriteFrame","content":{"name":"run_13_sh_ride_shape_1011_sh_run_3_1","texture":"80cs3pGh9BFbfc0BKaLt1v","rect":[97,1,88,154],"offset":[-11,-37],"originalSize":[490,490],"capInsets":[0,0,0,0]}}]