[{"__type__":"cc.SpriteFrame","content":{"name":"run_3_rd1_ride_ride_9111_rd1_run_3_4","texture":"c1qyKABPBFHJvRp2ApqfLU","rect":[266,154,134,130],"offset":[25,23],"originalSize":[500,500],"rotated":1,"capInsets":[0,0,0,0]}},{"__type__":"cc.SpriteAtlas","_name":"run_3_f.plist","_spriteFrames":{"run_3_rd1_ride_ride_9111_rd1_run_3_1":{"__uuid__":"e4Oz8t7gxEgKTyo5g1RWBm"},"run_3_rd1_ride_ride_9111_rd1_run_3_2":{"__uuid__":"c8ImoHmxtClZaDOgXqR3oS"},"run_3_rd1_ride_ride_9111_rd1_run_3_3":{"__uuid__":"d5SGg84N9EDZAc7jmA3OOb"},"run_3_rd1_ride_ride_9111_rd1_run_3_4":{"__uuid__":"06svVDYMNHy5p1Z0Oz7Vfr"},"run_3_rd1_ride_ride_9111_rd1_run_3_5":{"__uuid__":"21nuU7961GE5VaaLgKu5PA"},"run_3_rd1_ride_ride_9111_rd1_run_3_6":{"__uuid__":"faqDLZGJhDMrufaOadtdcK"},"run_3_rd1_ride_ride_9111_rd1_run_3_7":{"__uuid__":"51gAmom41OVaLY0KeZtX1u"},"run_3_rd1_ride_ride_9111_rd1_run_3_8":{"__uuid__":"e50DiF56FAU5iVf+jxnGyO"}}},{"__type__":"cc.SpriteFrame","content":{"name":"run_3_rd1_ride_ride_9111_rd1_run_3_5","texture":"c1qyKABPBFHJvRp2ApqfLU","rect":[146,154,118,140],"offset":[32,11],"originalSize":[500,500],"capInsets":[0,0,0,0]}},{"__type__":"cc.SpriteFrame","content":{"name":"run_3_rd1_ride_ride_9111_rd1_run_3_7","texture":"c1qyKABPBFHJvRp2ApqfLU","rect":[2,162,142,152],"offset":[48,0],"originalSize":[500,500],"capInsets":[0,0,0,0]}},{"__type__":"cc.SpriteFrame","content":{"name":"run_3_rd1_ride_ride_9111_rd1_run_3_2","texture":"c1qyKABPBFHJvRp2ApqfLU","rect":[140,316,142,144],"offset":[45,15],"originalSize":[500,500],"capInsets":[0,0,0,0]}},{"__type__":"cc.SpriteFrame","content":{"name":"run_3_rd1_ride_ride_9111_rd1_run_3_3","texture":"c1qyKABPBFHJvRp2ApqfLU","rect":[276,2,132,132],"offset":[40,25],"originalSize":[500,500],"capInsets":[0,0,0,0]}},{"__type__":"cc.SpriteFrame","content":{"name":"run_3_rd1_ride_ride_9111_rd1_run_3_1","texture":"c1qyKABPBFHJvRp2ApqfLU","rect":[2,316,148,136],"offset":[50,16],"originalSize":[500,500],"rotated":1,"capInsets":[0,0,0,0]}},{"__type__":"cc.SpriteFrame","content":{"name":"run_3_rd1_ride_ride_9111_rd1_run_3_8","texture":"c1qyKABPBFHJvRp2ApqfLU","rect":[134,2,150,140],"offset":[51,10],"originalSize":[500,500],"rotated":1,"capInsets":[0,0,0,0]}},{"__type__":"cc.SpriteFrame","content":{"name":"run_3_rd1_ride_ride_9111_rd1_run_3_6","texture":"c1qyKABPBFHJvRp2ApqfLU","rect":[2,2,130,158],"offset":[41,-1],"originalSize":[500,500],"capInsets":[0,0,0,0]}}]