[{"__type__":"cc.SpriteFrame","content":{"name":"stand_3_rd2_ride_ride_9311_rd2_stand_3_1","texture":"3bZpM2RWdOj4j9E4Zf5C6s","rect":[2,2,142,160],"offset":[-38,27],"originalSize":[500,500],"capInsets":[0,0,0,0]}},{"__type__":"cc.SpriteFrame","content":{"name":"stand_3_rd2_ride_ride_9311_rd2_stand_3_8","texture":"3bZpM2RWdOj4j9E4Zf5C6s","rect":[290,146,142,160],"offset":[-38,28],"originalSize":[500,500],"rotated":1,"capInsets":[0,0,0,0]}},{"__type__":"cc.SpriteFrame","content":{"name":"stand_3_rd2_ride_ride_9311_rd2_stand_3_2","texture":"3bZpM2RWdOj4j9E4Zf5C6s","rect":[2,164,142,160],"offset":[-39,27],"originalSize":[500,500],"capInsets":[0,0,0,0]}},{"__type__":"cc.SpriteFrame","content":{"name":"stand_3_rd2_ride_ride_9311_rd2_stand_3_7","texture":"3bZpM2RWdOj4j9E4Zf5C6s","rect":[146,308,142,160],"offset":[-38,28],"originalSize":[500,500],"capInsets":[0,0,0,0]}},{"__type__":"cc.SpriteFrame","content":{"name":"stand_3_rd2_ride_ride_9311_rd2_stand_3_6","texture":"3bZpM2RWdOj4j9E4Zf5C6s","rect":[146,146,142,160],"offset":[-38,28],"originalSize":[500,500],"capInsets":[0,0,0,0]}},{"__type__":"cc.SpriteFrame","content":{"name":"stand_3_rd2_ride_ride_9311_rd2_stand_3_4","texture":"3bZpM2RWdOj4j9E4Zf5C6s","rect":[146,2,142,160],"offset":[-39,27],"originalSize":[500,500],"rotated":1,"capInsets":[0,0,0,0]}},{"__type__":"cc.SpriteFrame","content":{"name":"stand_3_rd2_ride_ride_9311_rd2_stand_3_5","texture":"3bZpM2RWdOj4j9E4Zf5C6s","rect":[308,2,142,160],"offset":[-38,28],"originalSize":[500,500],"rotated":1,"capInsets":[0,0,0,0]}},{"__type__":"cc.SpriteAtlas","_name":"stand_3_b.plist","_spriteFrames":{"stand_3_rd2_ride_ride_9311_rd2_stand_3_1":{"__uuid__":"0bPHz4eVlNu437MAGfzOa8"},"stand_3_rd2_ride_ride_9311_rd2_stand_3_2":{"__uuid__":"7f2Xr8cUlDGK+DdcbltwvJ"},"stand_3_rd2_ride_ride_9311_rd2_stand_3_3":{"__uuid__":"f5Ghcz7sZO3rJc3fvKrRjO"},"stand_3_rd2_ride_ride_9311_rd2_stand_3_4":{"__uuid__":"baAh2cgaNNZL3s168JboTy"},"stand_3_rd2_ride_ride_9311_rd2_stand_3_5":{"__uuid__":"d5feVNfhJAnYtzWqJx4YJZ"},"stand_3_rd2_ride_ride_9311_rd2_stand_3_6":{"__uuid__":"9dm/UwvidIK4wsFCSFV0pG"},"stand_3_rd2_ride_ride_9311_rd2_stand_3_7":{"__uuid__":"86WY7oFBtGiYSmzbMRHudJ"},"stand_3_rd2_ride_ride_9311_rd2_stand_3_8":{"__uuid__":"29M5ECp2pBoq+4AAnQC1zp"}}},{"__type__":"cc.SpriteFrame","content":{"name":"stand_3_rd2_ride_ride_9311_rd2_stand_3_3","texture":"3bZpM2RWdOj4j9E4Zf5C6s","rect":[2,326,142,160],"offset":[-39,27],"originalSize":[500,500],"capInsets":[0,0,0,0]}}]