[{"__type__":"cc.SpriteFrame","content":{"name":"run_13_sh_ride_shape_1032_sh_run_1_0005","texture":"7aEeNrxcpD8oNbHSP9OKtr","rect":[1,161,106,158],"offset":[-17,32],"originalSize":[480,480],"capInsets":[0,0,0,0]}},{"__type__":"cc.SpriteFrame","content":{"name":"run_13_sh_ride_shape_1032_sh_run_1_0003","texture":"7aEeNrxcpD8oNbHSP9OKtr","rect":[217,1,104,156],"offset":[-14,31],"originalSize":[480,480],"capInsets":[0,0,0,0]}},{"__type__":"cc.SpriteFrame","content":{"name":"run_13_sh_ride_shape_1032_sh_run_1_0002","texture":"7aEeNrxcpD8oNbHSP9OKtr","rect":[323,157,104,154],"offset":[-14,32],"originalSize":[480,480],"capInsets":[0,0,0,0]}},{"__type__":"cc.SpriteFrame","content":{"name":"run_13_sh_ride_shape_1032_sh_run_1_0001","texture":"7aEeNrxcpD8oNbHSP9OKtr","rect":[323,1,104,154],"offset":[-15,33],"originalSize":[480,480],"capInsets":[0,0,0,0]}},{"__type__":"cc.SpriteFrame","content":{"name":"run_13_sh_ride_shape_1032_sh_run_1_0007","texture":"7aEeNrxcpD8oNbHSP9OKtr","rect":[109,159,104,154],"offset":[-17,34],"originalSize":[480,480],"capInsets":[0,0,0,0]}},{"__type__":"cc.SpriteFrame","content":{"name":"run_13_sh_ride_shape_1032_sh_run_1_0006","texture":"7aEeNrxcpD8oNbHSP9OKtr","rect":[109,1,106,156],"offset":[-18,33],"originalSize":[480,480],"capInsets":[0,0,0,0]}},{"__type__":"cc.SpriteFrame","content":{"name":"run_13_sh_ride_shape_1032_sh_run_1_0008","texture":"7aEeNrxcpD8oNbHSP9OKtr","rect":[215,159,104,154],"offset":[-16,34],"originalSize":[480,480],"capInsets":[0,0,0,0]}},{"__type__":"cc.SpriteFrame","content":{"name":"run_13_sh_ride_shape_1032_sh_run_1_0004","texture":"7aEeNrxcpD8oNbHSP9OKtr","rect":[1,1,106,158],"offset":[-15,31],"originalSize":[480,480],"capInsets":[0,0,0,0]}},{"__type__":"cc.SpriteAtlas","_name":"run_1.plist","_spriteFrames":{"run_13_sh_ride_shape_1032_sh_run_1_0001":{"__uuid__":"54h6SbAl9OOJ9sScJjiqfJ"},"run_13_sh_ride_shape_1032_sh_run_1_0002":{"__uuid__":"37BxGG+GpKwrgZywDuBa1y"},"run_13_sh_ride_shape_1032_sh_run_1_0003":{"__uuid__":"35YiNDKiJGSZ5sDRncR5Ja"},"run_13_sh_ride_shape_1032_sh_run_1_0004":{"__uuid__":"c7etilCHZAzJHS9FWwaXBG"},"run_13_sh_ride_shape_1032_sh_run_1_0005":{"__uuid__":"00UmZaELxIx6IPT79lxKkD"},"run_13_sh_ride_shape_1032_sh_run_1_0006":{"__uuid__":"7aBtIWrmZOba4EvT4Spbdq"},"run_13_sh_ride_shape_1032_sh_run_1_0007":{"__uuid__":"67fF/Rmn5NHrwlTiHZBacT"},"run_13_sh_ride_shape_1032_sh_run_1_0008":{"__uuid__":"9fbNeuPdtJoo81mV1teVuk"}}}]