[{"__type__":"cc.SpriteFrame","content":{"name":"run_13_rd1rd2_ride_ride_9121_rd1_run_1_2","texture":"efI5VoadtEnL0a4Kecm4nl","rect":[1,1,44,44],"offset":[-6,146],"originalSize":[500,500],"capInsets":[0,0,0,0]}},{"__type__":"cc.SpriteFrame","content":{"name":"run_13_rd1rd2_ride_ride_9121_rd1_run_1_6","texture":"efI5VoadtEnL0a4Kecm4nl","rect":[47,1,44,44],"offset":[-10,144],"originalSize":[500,500],"capInsets":[0,0,0,0]}},{"__type__":"cc.SpriteAtlas","_name":"run_1_f.plist","_spriteFrames":{"run_13_rd1rd2_ride_ride_9121_rd1_run_1_1":{"__uuid__":"db+NJJnrxH9r+yB3fEmTfZ"},"run_13_rd1rd2_ride_ride_9121_rd1_run_1_2":{"__uuid__":"00G6Obd/9GF4CHEroyBNib"},"run_13_rd1rd2_ride_ride_9121_rd1_run_1_3":{"__uuid__":"edhfKHuWdDRa0mLtyBu+Ed"},"run_13_rd1rd2_ride_ride_9121_rd1_run_1_4":{"__uuid__":"94nxOVmFJD0raVGVRA1s5o"},"run_13_rd1rd2_ride_ride_9121_rd1_run_1_5":{"__uuid__":"d6RMbjjrpCbbNv5eYqVmeL"},"run_13_rd1rd2_ride_ride_9121_rd1_run_1_6":{"__uuid__":"228HbkdqhPRaQHIXzcb/n3"},"run_13_rd1rd2_ride_ride_9121_rd1_run_1_7":{"__uuid__":"b8FBAXK4VJK7gXoQK9cF2g"},"run_13_rd1rd2_ride_ride_9121_rd1_run_1_8":{"__uuid__":"69OoQpv8tEc4NAlpF+EPbR"}}},{"__type__":"cc.SpriteFrame","content":{"name":"run_13_rd1rd2_ride_ride_9121_rd1_run_1_8","texture":"efI5VoadtEnL0a4Kecm4nl","rect":[91,47,42,44],"offset":[-9,147],"originalSize":[500,500],"capInsets":[0,0,0,0]}},{"__type__":"cc.SpriteFrame","content":{"name":"run_13_rd1rd2_ride_ride_9121_rd1_run_1_4","texture":"efI5VoadtEnL0a4Kecm4nl","rect":[1,93,44,44],"offset":[-5,149],"originalSize":[500,500],"capInsets":[0,0,0,0]}},{"__type__":"cc.SpriteFrame","content":{"name":"run_13_rd1rd2_ride_ride_9121_rd1_run_1_7","texture":"efI5VoadtEnL0a4Kecm4nl","rect":[93,1,44,44],"offset":[-11,145],"originalSize":[500,500],"capInsets":[0,0,0,0]}},{"__type__":"cc.SpriteFrame","content":{"name":"run_13_rd1rd2_ride_ride_9121_rd1_run_1_5","texture":"efI5VoadtEnL0a4Kecm4nl","rect":[47,93,42,44],"offset":[-7,147],"originalSize":[500,500],"capInsets":[0,0,0,0]}},{"__type__":"cc.SpriteFrame","content":{"name":"run_13_rd1rd2_ride_ride_9121_rd1_run_1_1","texture":"efI5VoadtEnL0a4Kecm4nl","rect":[47,47,42,44],"offset":[-7,147],"originalSize":[500,500],"capInsets":[0,0,0,0]}},{"__type__":"cc.SpriteFrame","content":{"name":"run_13_rd1rd2_ride_ride_9121_rd1_run_1_3","texture":"efI5VoadtEnL0a4Kecm4nl","rect":[1,47,44,44],"offset":[-4,149],"originalSize":[500,500],"capInsets":[0,0,0,0]}}]