[{"__type__":"cc.SpriteFrame","content":{"name":"stand_8_part1_wing_5011_stand_8_part1_0006","texture":"19aQ/+hBRESZFD0+rzDtbe","rect":[2,172,54,88],"offset":[-50,26],"originalSize":[500,500],"rotated":1,"capInsets":[0,0,0,0]}},{"__type__":"cc.SpriteFrame","content":{"name":"stand_8_part1_wing_5011_stand_8_part1_0005","texture":"19aQ/+hBRESZFD0+rzDtbe","rect":[96,2,54,92],"offset":[-50,25],"originalSize":[500,500],"rotated":1,"capInsets":[0,0,0,0]}},{"__type__":"cc.SpriteFrame","content":{"name":"stand_8_part1_wing_5011_stand_8_part1_0007","texture":"19aQ/+hBRESZFD0+rzDtbe","rect":[180,178,56,84],"offset":[-51,24],"originalSize":[500,500],"capInsets":[0,0,0,0]}},{"__type__":"cc.SpriteFrame","content":{"name":"stand_8_part1_wing_5011_stand_8_part1_0004","texture":"19aQ/+hBRESZFD0+rzDtbe","rect":[2,2,54,92],"offset":[-50,24],"originalSize":[500,500],"rotated":1,"capInsets":[0,0,0,0]}},{"__type__":"cc.SpriteFrame","content":{"name":"stand_8_part1_wing_5011_stand_8_part1_0001","texture":"19aQ/+hBRESZFD0+rzDtbe","rect":[2,58,56,88],"offset":[-50,24],"originalSize":[500,500],"rotated":1,"capInsets":[0,0,0,0]}},{"__type__":"cc.SpriteFrame","content":{"name":"stand_8_part1_wing_5011_stand_8_part1_0010","texture":"19aQ/+hBRESZFD0+rzDtbe","rect":[92,58,56,88],"offset":[-50,24],"originalSize":[500,500],"rotated":1,"capInsets":[0,0,0,0]}},{"__type__":"cc.SpriteFrame","content":{"name":"stand_8_part1_wing_5011_stand_8_part1_0009","texture":"19aQ/+hBRESZFD0+rzDtbe","rect":[92,172,56,86],"offset":[-51,24],"originalSize":[500,500],"rotated":1,"capInsets":[0,0,0,0]}},{"__type__":"cc.SpriteFrame","content":{"name":"stand_8_part1_wing_5011_stand_8_part1_0008","texture":"19aQ/+hBRESZFD0+rzDtbe","rect":[190,2,58,86],"offset":[-52,24],"originalSize":[500,500],"capInsets":[0,0,0,0]}},{"__type__":"cc.SpriteAtlas","_name":"stand_8_part1.plist","_spriteFrames":{"stand_8_part1_wing_5011_stand_8_part1_0001":{"__uuid__":"35fg0/OLZDFbHajcg6zf0y"},"stand_8_part1_wing_5011_stand_8_part1_0002":{"__uuid__":"d8A3XTq7VLGJ4LZbHA2ZeK"},"stand_8_part1_wing_5011_stand_8_part1_0003":{"__uuid__":"d0Fm/UAqFNhL3/xW2wV774"},"stand_8_part1_wing_5011_stand_8_part1_0004":{"__uuid__":"33zBp/AIFCtoIIXxXcFm0c"},"stand_8_part1_wing_5011_stand_8_part1_0005":{"__uuid__":"15KQhUCP1E4LoIe5CbZ8KO"},"stand_8_part1_wing_5011_stand_8_part1_0006":{"__uuid__":"07Nk0NyUZKBZ6G9WNFCKjx"},"stand_8_part1_wing_5011_stand_8_part1_0007":{"__uuid__":"1drK/ExE5Nv4+7tRwN8/yr"},"stand_8_part1_wing_5011_stand_8_part1_0008":{"__uuid__":"70nCUAo+RIW5xxJpwqb9Ul"},"stand_8_part1_wing_5011_stand_8_part1_0009":{"__uuid__":"64OAJT5nZIrpJvp/EEjI6i"},"stand_8_part1_wing_5011_stand_8_part1_0010":{"__uuid__":"446BXMz+NPno2680yv37iU"},"stand_8_part1_wing_5011_stand_8_part1_0011":{"__uuid__":"fcieHhzNlO2IpYuCX990hQ"},"stand_8_part1_wing_5011_stand_8_part1_0012":{"__uuid__":"f2VG/kEspAapHBPOwICcw3"}}},{"__type__":"cc.SpriteFrame","content":{"name":"stand_8_part1_wing_5011_stand_8_part1_0003","texture":"19aQ/+hBRESZFD0+rzDtbe","rect":[92,116,54,88],"offset":[-50,22],"originalSize":[500,500],"rotated":1,"capInsets":[0,0,0,0]}},{"__type__":"cc.SpriteFrame","content":{"name":"stand_8_part1_wing_5011_stand_8_part1_0002","texture":"19aQ/+hBRESZFD0+rzDtbe","rect":[2,116,54,88],"offset":[-50,23],"originalSize":[500,500],"rotated":1,"capInsets":[0,0,0,0]}},{"__type__":"cc.SpriteFrame","content":{"name":"stand_8_part1_wing_5011_stand_8_part1_0012","texture":"19aQ/+hBRESZFD0+rzDtbe","rect":[2,228,58,84],"offset":[-49,25],"originalSize":[500,500],"rotated":1,"capInsets":[0,0,0,0]}},{"__type__":"cc.SpriteFrame","content":{"name":"stand_8_part1_wing_5011_stand_8_part1_0011","texture":"19aQ/+hBRESZFD0+rzDtbe","rect":[182,90,58,86],"offset":[-49,25],"originalSize":[500,500],"capInsets":[0,0,0,0]}}]