[{"__type__":"cc.SpriteFrame","content":{"name":"run_3_rd1rd2_ride_ride_9441_rd2_run_3_1","texture":"81wn4fwtFLa5daW0Xpfkaw","rect":[257,1,228,244],"offset":[-23,72],"originalSize":[574,574],"capInsets":[0,0,0,0]}},{"__type__":"cc.SpriteFrame","content":{"name":"run_3_rd1rd2_ride_ride_9441_rd2_run_3_6","texture":"81wn4fwtFLa5daW0Xpfkaw","rect":[1,493,232,212],"offset":[-5,59],"originalSize":[574,574],"capInsets":[0,0,0,0]}},{"__type__":"cc.SpriteAtlas","_name":"run_3_b.plist","_spriteFrames":{"run_3_rd1rd2_ride_ride_9441_rd2_run_3_1":{"__uuid__":"21zVDLse1LIp848buOkt3G"},"run_3_rd1rd2_ride_ride_9441_rd2_run_3_2":{"__uuid__":"cfmq/JeudDr6LgUc+9yc59"},"run_3_rd1rd2_ride_ride_9441_rd2_run_3_3":{"__uuid__":"7fF/qP5elEbLH6WGsgdrmB"},"run_3_rd1rd2_ride_ride_9441_rd2_run_3_4":{"__uuid__":"e1hf1672xBKKLheEVcvEUw"},"run_3_rd1rd2_ride_ride_9441_rd2_run_3_5":{"__uuid__":"e6Yn7UXfNIa4mHCVl4DTEW"},"run_3_rd1rd2_ride_ride_9441_rd2_run_3_6":{"__uuid__":"2f0ZujA3tKvJ0eKD3iC/PC"},"run_3_rd1rd2_ride_ride_9441_rd2_run_3_7":{"__uuid__":"8caarogftMc5h+LkhTHNzh"},"run_3_rd1rd2_ride_ride_9441_rd2_run_3_8":{"__uuid__":"c774Getp5F15w93WhSvn3L"}}},{"__type__":"cc.SpriteFrame","content":{"name":"run_3_rd1rd2_ride_ride_9441_rd2_run_3_3","texture":"81wn4fwtFLa5daW0Xpfkaw","rect":[487,1,204,250],"offset":[-20,61],"originalSize":[574,574],"capInsets":[0,0,0,0]}},{"__type__":"cc.SpriteFrame","content":{"name":"run_3_rd1rd2_ride_ride_9441_rd2_run_3_7","texture":"81wn4fwtFLa5daW0Xpfkaw","rect":[233,247,240,228],"offset":[-12,62],"originalSize":[574,574],"capInsets":[0,0,0,0]}},{"__type__":"cc.SpriteFrame","content":{"name":"run_3_rd1rd2_ride_ride_9441_rd2_run_3_8","texture":"81wn4fwtFLa5daW0Xpfkaw","rect":[1,1,254,242],"offset":[-25,74],"originalSize":[574,574],"capInsets":[0,0,0,0]}},{"__type__":"cc.SpriteFrame","content":{"name":"run_3_rd1rd2_ride_ride_9441_rd2_run_3_2","texture":"81wn4fwtFLa5daW0Xpfkaw","rect":[477,253,194,258],"offset":[-20,60],"originalSize":[574,574],"capInsets":[0,0,0,0]}},{"__type__":"cc.SpriteFrame","content":{"name":"run_3_rd1rd2_ride_ride_9441_rd2_run_3_4","texture":"81wn4fwtFLa5daW0Xpfkaw","rect":[1,245,230,246],"offset":[-9,58],"originalSize":[574,574],"capInsets":[0,0,0,0]}},{"__type__":"cc.SpriteFrame","content":{"name":"run_3_rd1rd2_ride_ride_9441_rd2_run_3_5","texture":"81wn4fwtFLa5daW0Xpfkaw","rect":[235,477,240,220],"offset":[-2,59],"originalSize":[574,574],"capInsets":[0,0,0,0]}}]