[{"__type__":"cc.SpriteFrame","content":{"name":"stand_1_rd1_ride_ride_9111_rd1_stand_1_7","texture":"1aQMk8MltGS78LidlzsYPZ","rect":[118,236,114,208],"offset":[42,27],"originalSize":[500,500],"capInsets":[0,0,0,0]}},{"__type__":"cc.SpriteFrame","content":{"name":"stand_1_rd1_ride_ride_9111_rd1_stand_1_5","texture":"1aQMk8MltGS78LidlzsYPZ","rect":[118,2,116,210],"offset":[42,27],"originalSize":[500,500],"rotated":1,"capInsets":[0,0,0,0]}},{"__type__":"cc.SpriteFrame","content":{"name":"stand_1_rd1_ride_ride_9111_rd1_stand_1_6","texture":"1aQMk8MltGS78LidlzsYPZ","rect":[350,214,114,206],"offset":[42,26],"originalSize":[500,500],"capInsets":[0,0,0,0]}},{"__type__":"cc.SpriteFrame","content":{"name":"stand_1_rd1_ride_ride_9111_rd1_stand_1_4","texture":"1aQMk8MltGS78LidlzsYPZ","rect":[2,216,114,212],"offset":[42,28],"originalSize":[500,500],"capInsets":[0,0,0,0]}},{"__type__":"cc.SpriteFrame","content":{"name":"stand_1_rd1_ride_ride_9111_rd1_stand_1_8","texture":"1aQMk8MltGS78LidlzsYPZ","rect":[234,236,114,208],"offset":[42,27],"originalSize":[500,500],"capInsets":[0,0,0,0]}},{"__type__":"cc.SpriteFrame","content":{"name":"stand_1_rd1_ride_ride_9111_rd1_stand_1_3","texture":"1aQMk8MltGS78LidlzsYPZ","rect":[2,2,114,212],"offset":[42,28],"originalSize":[500,500],"capInsets":[0,0,0,0]}},{"__type__":"cc.SpriteFrame","content":{"name":"stand_1_rd1_ride_ride_9111_rd1_stand_1_1","texture":"1aQMk8MltGS78LidlzsYPZ","rect":[118,120,114,208],"offset":[41,27],"originalSize":[500,500],"rotated":1,"capInsets":[0,0,0,0]}},{"__type__":"cc.SpriteAtlas","_name":"stand_1_f.plist","_spriteFrames":{"stand_1_rd1_ride_ride_9111_rd1_stand_1_1":{"__uuid__":"cbu85Oh0dHUIQKvZ28ibNn"},"stand_1_rd1_ride_ride_9111_rd1_stand_1_2":{"__uuid__":"e2YPbnHcxKu6nAN8Lt4ysu"},"stand_1_rd1_ride_ride_9111_rd1_stand_1_3":{"__uuid__":"c0/4kNOadAKYX2Tw3enaK6"},"stand_1_rd1_ride_ride_9111_rd1_stand_1_4":{"__uuid__":"30JbshOvJF/auQF+AfqrbH"},"stand_1_rd1_ride_ride_9111_rd1_stand_1_5":{"__uuid__":"1b/nXBLrdOgK/Z5kv5qDUI"},"stand_1_rd1_ride_ride_9111_rd1_stand_1_6":{"__uuid__":"1e+8SwsGpECaSUy/8xTWDk"},"stand_1_rd1_ride_ride_9111_rd1_stand_1_7":{"__uuid__":"11peJU/ORM+ZTp+1/Q/RCw"},"stand_1_rd1_ride_ride_9111_rd1_stand_1_8":{"__uuid__":"60VVHM621NfJ8K6ONcDGZP"}}},{"__type__":"cc.SpriteFrame","content":{"name":"stand_1_rd1_ride_ride_9111_rd1_stand_1_2","texture":"1aQMk8MltGS78LidlzsYPZ","rect":[330,2,114,210],"offset":[42,27],"originalSize":[500,500],"capInsets":[0,0,0,0]}}]