[{"__type__":"cc.SpriteFrame","content":{"name":"stand_1_rd1rd2_ride_ride_9222_rd1_stand_1_2","texture":"37ovH2ok1PYYSf0+8UO4J6","rect":[275,1,264,130],"offset":[-10,-34],"originalSize":[500,500],"capInsets":[0,0,0,0]}},{"__type__":"cc.SpriteFrame","content":{"name":"stand_1_rd1rd2_ride_ride_9222_rd1_stand_1_5","texture":"37ovH2ok1PYYSf0+8UO4J6","rect":[1,1,272,126],"offset":[-9,-34],"originalSize":[500,500],"capInsets":[0,0,0,0]}},{"__type__":"cc.SpriteFrame","content":{"name":"stand_1_rd1rd2_ride_ride_9222_rd1_stand_1_6","texture":"37ovH2ok1PYYSf0+8UO4J6","rect":[1,259,270,126],"offset":[-11,-35],"originalSize":[500,500],"capInsets":[0,0,0,0]}},{"__type__":"cc.SpriteFrame","content":{"name":"stand_1_rd1rd2_ride_ride_9222_rd1_stand_1_1","texture":"37ovH2ok1PYYSf0+8UO4J6","rect":[273,133,266,130],"offset":[-12,-35],"originalSize":[500,500],"capInsets":[0,0,0,0]}},{"__type__":"cc.SpriteFrame","content":{"name":"stand_1_rd1rd2_ride_ride_9222_rd1_stand_1_4","texture":"37ovH2ok1PYYSf0+8UO4J6","rect":[271,397,268,128],"offset":[-9,-33],"originalSize":[500,500],"capInsets":[0,0,0,0]}},{"__type__":"cc.SpriteFrame","content":{"name":"stand_1_rd1rd2_ride_ride_9222_rd1_stand_1_8","texture":"37ovH2ok1PYYSf0+8UO4J6","rect":[273,265,262,130],"offset":[-14,-36],"originalSize":[500,500],"capInsets":[0,0,0,0]}},{"__type__":"cc.SpriteAtlas","_name":"stand_1_f.plist","_spriteFrames":{"stand_1_rd1rd2_ride_ride_9222_rd1_stand_1_1":{"__uuid__":"5cGD3OyTtIn4vyIk6Lpf6D"},"stand_1_rd1rd2_ride_ride_9222_rd1_stand_1_2":{"__uuid__":"0c4zJACLVKiYAf/nCmT05u"},"stand_1_rd1rd2_ride_ride_9222_rd1_stand_1_3":{"__uuid__":"ebNwrLUXdD5Lu4fyIfmV1u"},"stand_1_rd1rd2_ride_ride_9222_rd1_stand_1_4":{"__uuid__":"63Q6XK7S1B9ZjqnRRD0b6V"},"stand_1_rd1rd2_ride_ride_9222_rd1_stand_1_5":{"__uuid__":"151kvjDphIwLO7aMKSSn2S"},"stand_1_rd1rd2_ride_ride_9222_rd1_stand_1_6":{"__uuid__":"2b4gnOotBMaL4sIqvlBzTq"},"stand_1_rd1rd2_ride_ride_9222_rd1_stand_1_7":{"__uuid__":"97oFKFH+ZI+4ppFOVfEmgd"},"stand_1_rd1rd2_ride_ride_9222_rd1_stand_1_8":{"__uuid__":"64ftePREtKw5rCdSBp6SeY"}}},{"__type__":"cc.SpriteFrame","content":{"name":"stand_1_rd1rd2_ride_ride_9222_rd1_stand_1_7","texture":"37ovH2ok1PYYSf0+8UO4J6","rect":[1,129,270,128],"offset":[-10,-36],"originalSize":[500,500],"capInsets":[0,0,0,0]}},{"__type__":"cc.SpriteFrame","content":{"name":"stand_1_rd1rd2_ride_ride_9222_rd1_stand_1_3","texture":"37ovH2ok1PYYSf0+8UO4J6","rect":[1,387,268,128],"offset":[-10,-33],"originalSize":[500,500],"capInsets":[0,0,0,0]}}]