[{"__type__":"cc.SpriteFrame","content":{"name":"run_3_rd1_ride_ride_9311_rd1_run_3_7","texture":"f4rmsGhgJJx5OtzqdtqI3s","rect":[318,294,140,136],"offset":[23,-14],"originalSize":[500,500],"capInsets":[0,0,0,0]}},{"__type__":"cc.SpriteFrame","content":{"name":"run_3_rd1_ride_ride_9311_rd1_run_3_2","texture":"f4rmsGhgJJx5OtzqdtqI3s","rect":[2,290,152,170],"offset":[28,-18],"originalSize":[500,500],"capInsets":[0,0,0,0]}},{"__type__":"cc.SpriteFrame","content":{"name":"run_3_rd1_ride_ride_9311_rd1_run_3_5","texture":"f4rmsGhgJJx5OtzqdtqI3s","rect":[198,2,190,146],"offset":[40,1],"originalSize":[500,500],"capInsets":[0,0,0,0]}},{"__type__":"cc.SpriteAtlas","_name":"run_3_f.plist","_spriteFrames":{"run_3_rd1_ride_ride_9311_rd1_run_3_1":{"__uuid__":"a4Gdn3HOlE0ImX3iaLiqVt"},"run_3_rd1_ride_ride_9311_rd1_run_3_2":{"__uuid__":"38AjuwdnpKP6P6FJqasHxI"},"run_3_rd1_ride_ride_9311_rd1_run_3_3":{"__uuid__":"f0/dt3P/tL+rapRu51kJBB"},"run_3_rd1_ride_ride_9311_rd1_run_3_4":{"__uuid__":"e2AcSmkz5Fa6A/pkiTWtSD"},"run_3_rd1_ride_ride_9311_rd1_run_3_5":{"__uuid__":"981IZe0/RKF7PSGI/uiLee"},"run_3_rd1_ride_ride_9311_rd1_run_3_6":{"__uuid__":"b7a/mlJohAr4WJ34oC0/Au"},"run_3_rd1_ride_ride_9311_rd1_run_3_7":{"__uuid__":"09xEuNe6ZNc6z9vPx2MJlJ"},"run_3_rd1_ride_ride_9311_rd1_run_3_8":{"__uuid__":"c6UZUTWTpE5oqfoI8XO/M4"}}},{"__type__":"cc.SpriteFrame","content":{"name":"run_3_rd1_ride_ride_9311_rd1_run_3_1","texture":"f4rmsGhgJJx5OtzqdtqI3s","rect":[324,150,142,158],"offset":[24,-27],"originalSize":[500,500],"rotated":1,"capInsets":[0,0,0,0]}},{"__type__":"cc.SpriteFrame","content":{"name":"run_3_rd1_ride_ride_9311_rd1_run_3_6","texture":"f4rmsGhgJJx5OtzqdtqI3s","rect":[2,144,172,144],"offset":[34,-8],"originalSize":[500,500],"capInsets":[0,0,0,0]}},{"__type__":"cc.SpriteFrame","content":{"name":"run_3_rd1_ride_ride_9311_rd1_run_3_8","texture":"f4rmsGhgJJx5OtzqdtqI3s","rect":[176,150,138,146],"offset":[26,-20],"originalSize":[500,500],"rotated":1,"capInsets":[0,0,0,0]}},{"__type__":"cc.SpriteFrame","content":{"name":"run_3_rd1_ride_ride_9311_rd1_run_3_4","texture":"f4rmsGhgJJx5OtzqdtqI3s","rect":[2,2,194,140],"offset":[42,13],"originalSize":[500,500],"capInsets":[0,0,0,0]}},{"__type__":"cc.SpriteFrame","content":{"name":"run_3_rd1_ride_ride_9311_rd1_run_3_3","texture":"f4rmsGhgJJx5OtzqdtqI3s","rect":[156,290,168,160],"offset":[34,1],"originalSize":[500,500],"rotated":1,"capInsets":[0,0,0,0]}}]