[{"__type__":"cc.SpriteAtlas","_name":"run_1_f.plist","_spriteFrames":{"run_13_rd1rd2_ride_ride_9411_rd1_run_1_1":{"__uuid__":"ce/9ikn59LzYbxNVdBD5M6"},"run_13_rd1rd2_ride_ride_9411_rd1_run_1_2":{"__uuid__":"f59dwl8NpHRIp6E2CZkOrX"},"run_13_rd1rd2_ride_ride_9411_rd1_run_1_3":{"__uuid__":"62BgrIEwNDnobBLwK1Po4m"},"run_13_rd1rd2_ride_ride_9411_rd1_run_1_4":{"__uuid__":"d8//Jk8fFILIzRdm1Xo7x1"},"run_13_rd1rd2_ride_ride_9411_rd1_run_1_5":{"__uuid__":"ecY/uplSZM9psOTWFDfYrS"},"run_13_rd1rd2_ride_ride_9411_rd1_run_1_6":{"__uuid__":"adRU5zcktO55lNRizlgTeG"},"run_13_rd1rd2_ride_ride_9411_rd1_run_1_7":{"__uuid__":"4aTl59zGpH3JQbukvIp/5P"},"run_13_rd1rd2_ride_ride_9411_rd1_run_1_8":{"__uuid__":"f7qftwKnBOs4BcQaFdpveo"}}},{"__type__":"cc.SpriteFrame","content":{"name":"run_13_rd1rd2_ride_ride_9411_rd1_run_1_7","texture":"777hsHi7lCvLD/Bsc9JR5a","rect":[177,157,164,150],"offset":[52,0],"originalSize":[470,470],"capInsets":[0,0,0,0]}},{"__type__":"cc.SpriteFrame","content":{"name":"run_13_rd1rd2_ride_ride_9411_rd1_run_1_3","texture":"777hsHi7lCvLD/Bsc9JR5a","rect":[343,157,162,156],"offset":[49,3],"originalSize":[470,470],"capInsets":[0,0,0,0]}},{"__type__":"cc.SpriteFrame","content":{"name":"run_13_rd1rd2_ride_ride_9411_rd1_run_1_6","texture":"777hsHi7lCvLD/Bsc9JR5a","rect":[211,1,188,154],"offset":[55,0],"originalSize":[470,470],"capInsets":[0,0,0,0]}},{"__type__":"cc.SpriteFrame","content":{"name":"run_13_rd1rd2_ride_ride_9411_rd1_run_1_1","texture":"777hsHi7lCvLD/Bsc9JR5a","rect":[1,1,208,146],"offset":[22,3],"originalSize":[470,470],"capInsets":[0,0,0,0]}},{"__type__":"cc.SpriteFrame","content":{"name":"run_13_rd1rd2_ride_ride_9411_rd1_run_1_4","texture":"777hsHi7lCvLD/Bsc9JR5a","rect":[1,149,174,158],"offset":[51,-1],"originalSize":[470,470],"capInsets":[0,0,0,0]}},{"__type__":"cc.SpriteFrame","content":{"name":"run_13_rd1rd2_ride_ride_9411_rd1_run_1_5","texture":"777hsHi7lCvLD/Bsc9JR5a","rect":[1,309,176,156],"offset":[50,-1],"originalSize":[470,470],"capInsets":[0,0,0,0]}},{"__type__":"cc.SpriteFrame","content":{"name":"run_13_rd1rd2_ride_ride_9411_rd1_run_1_2","texture":"777hsHi7lCvLD/Bsc9JR5a","rect":[337,315,166,154],"offset":[46,5],"originalSize":[470,470],"capInsets":[0,0,0,0]}},{"__type__":"cc.SpriteFrame","content":{"name":"run_13_rd1rd2_ride_ride_9411_rd1_run_1_8","texture":"777hsHi7lCvLD/Bsc9JR5a","rect":[179,309,156,158],"offset":[50,-4],"originalSize":[470,470],"capInsets":[0,0,0,0]}}]