[{"__type__":"cc.SpriteFrame","content":{"name":"stand_13_sh_ride_shape_2034_sh_stand_1_0001","texture":"bdQ1zptGBBU6t6/y6O3hgh","rect":[253,135,122,128],"offset":[-11,-16],"originalSize":[450,450],"capInsets":[0,0,0,0]}},{"__type__":"cc.SpriteFrame","content":{"name":"stand_13_sh_ride_shape_2034_sh_stand_1_0005","texture":"bdQ1zptGBBU6t6/y6O3hgh","rect":[255,1,124,132],"offset":[-10,-15],"originalSize":[450,450],"capInsets":[0,0,0,0]}},{"__type__":"cc.SpriteFrame","content":{"name":"stand_13_sh_ride_shape_2034_sh_stand_1_0002","texture":"bdQ1zptGBBU6t6/y6O3hgh","rect":[1,135,124,130],"offset":[-13,-15],"originalSize":[450,450],"capInsets":[0,0,0,0]}},{"__type__":"cc.SpriteFrame","content":{"name":"stand_13_sh_ride_shape_2034_sh_stand_1_0008","texture":"bdQ1zptGBBU6t6/y6O3hgh","rect":[1,267,120,126],"offset":[-10,-17],"originalSize":[450,450],"capInsets":[0,0,0,0]}},{"__type__":"cc.SpriteFrame","content":{"name":"stand_13_sh_ride_shape_2034_sh_stand_1_0006","texture":"bdQ1zptGBBU6t6/y6O3hgh","rect":[127,135,124,130],"offset":[-8,-16],"originalSize":[450,450],"capInsets":[0,0,0,0]}},{"__type__":"cc.SpriteAtlas","_name":"stand_1.plist","_spriteFrames":{"stand_13_sh_ride_shape_2034_sh_stand_1_0001":{"__uuid__":"32SEvsH9pHdYrh9e5yOB0W"},"stand_13_sh_ride_shape_2034_sh_stand_1_0002":{"__uuid__":"66CKx6EU5BSbRG29Q4Gxxz"},"stand_13_sh_ride_shape_2034_sh_stand_1_0003":{"__uuid__":"e8kU7R+hhGxKUAD5Q1yK5k"},"stand_13_sh_ride_shape_2034_sh_stand_1_0004":{"__uuid__":"e8rlUFn6BGOJyW/ArspQFF"},"stand_13_sh_ride_shape_2034_sh_stand_1_0005":{"__uuid__":"34Old+XpRN3IXvh/tvyd44"},"stand_13_sh_ride_shape_2034_sh_stand_1_0006":{"__uuid__":"79qfsLQaJFi4Vq4xAOdahd"},"stand_13_sh_ride_shape_2034_sh_stand_1_0007":{"__uuid__":"f0vCpw7TJHkIaYpM/Un7PX"},"stand_13_sh_ride_shape_2034_sh_stand_1_0008":{"__uuid__":"7209fRyYdLN5sBGu9LhEVh"}}},{"__type__":"cc.SpriteFrame","content":{"name":"stand_13_sh_ride_shape_2034_sh_stand_1_0003","texture":"bdQ1zptGBBU6t6/y6O3hgh","rect":[1,1,126,132],"offset":[-14,-14],"originalSize":[450,450],"capInsets":[0,0,0,0]}},{"__type__":"cc.SpriteFrame","content":{"name":"stand_13_sh_ride_shape_2034_sh_stand_1_0004","texture":"bdQ1zptGBBU6t6/y6O3hgh","rect":[129,1,124,132],"offset":[-12,-15],"originalSize":[450,450],"capInsets":[0,0,0,0]}},{"__type__":"cc.SpriteFrame","content":{"name":"stand_13_sh_ride_shape_2034_sh_stand_1_0007","texture":"bdQ1zptGBBU6t6/y6O3hgh","rect":[253,265,122,128],"offset":[-9,-17],"originalSize":[450,450],"capInsets":[0,0,0,0]}}]