[{"__type__":"cc.SpriteFrame","content":{"name":"stand_8_part_wing_5004_stand_8_part1_0004","texture":"daSUnxdZ9IO5HB3C9REomw","rect":[218,146,28,54],"offset":[-43,33],"originalSize":[480,480],"capInsets":[0,0,0,0]}},{"__type__":"cc.SpriteFrame","content":{"name":"stand_8_part_wing_5004_stand_8_part2_0009","texture":"daSUnxdZ9IO5HB3C9REomw","rect":[90,100,30,82],"offset":[-43,80],"originalSize":[480,480],"capInsets":[0,0,0,0]}},{"__type__":"cc.SpriteFrame","content":{"name":"stand_8_part_wing_5004_stand_8_part1_0007","texture":"daSUnxdZ9IO5HB3C9REomw","rect":[126,172,30,68],"offset":[-44,30],"originalSize":[480,480],"capInsets":[0,0,0,0]}},{"__type__":"cc.SpriteFrame","content":{"name":"stand_8_part_wing_5004_stand_8_part2_0003","texture":"daSUnxdZ9IO5HB3C9REomw","rect":[68,2,26,96],"offset":[-40,86],"originalSize":[480,480],"capInsets":[0,0,0,0]}},{"__type__":"cc.SpriteFrame","content":{"name":"stand_8_part_wing_5004_stand_8_part2_0005","texture":"daSUnxdZ9IO5HB3C9REomw","rect":[2,110,30,102],"offset":[-41,89],"originalSize":[480,480],"capInsets":[0,0,0,0]}},{"__type__":"cc.SpriteFrame","content":{"name":"stand_8_part_wing_5004_stand_8_part2_0006","texture":"daSUnxdZ9IO5HB3C9REomw","rect":[2,2,34,106],"offset":[-42,91],"originalSize":[480,480],"capInsets":[0,0,0,0]}},{"__type__":"cc.SpriteFrame","content":{"name":"stand_8_part_wing_5004_stand_8_part1_0003","texture":"daSUnxdZ9IO5HB3C9REomw","rect":[188,146,28,54],"offset":[-42,31],"originalSize":[480,480],"capInsets":[0,0,0,0]}},{"__type__":"cc.SpriteFrame","content":{"name":"stand_8_part_wing_5004_stand_8_part2_0010","texture":"daSUnxdZ9IO5HB3C9REomw","rect":[60,104,28,84],"offset":[-42,80],"originalSize":[480,480],"capInsets":[0,0,0,0]}},{"__type__":"cc.SpriteFrame","content":{"name":"stand_8_part_wing_5004_stand_8_part1_0005","texture":"daSUnxdZ9IO5HB3C9REomw","rect":[188,86,30,60],"offset":[-43,33],"originalSize":[480,480],"rotated":1,"capInsets":[0,0,0,0]}},{"__type__":"cc.SpriteFrame","content":{"name":"stand_8_part_wing_5004_stand_8_part1_0011","texture":"daSUnxdZ9IO5HB3C9REomw","rect":[158,88,28,58],"offset":[-42,32],"originalSize":[480,480],"capInsets":[0,0,0,0]}},{"__type__":"cc.SpriteFrame","content":{"name":"stand_8_part_wing_5004_stand_8_part2_0007","texture":"daSUnxdZ9IO5HB3C9REomw","rect":[188,2,32,82],"offset":[-44,79],"originalSize":[480,480],"capInsets":[0,0,0,0]}},{"__type__":"cc.SpriteFrame","content":{"name":"stand_8_part_wing_5004_stand_8_part2_0011","texture":"daSUnxdZ9IO5HB3C9REomw","rect":[156,2,30,84],"offset":[-42,81],"originalSize":[480,480],"capInsets":[0,0,0,0]}},{"__type__":"cc.SpriteFrame","content":{"name":"stand_8_part_wing_5004_stand_8_part1_0002","texture":"daSUnxdZ9IO5HB3C9REomw","rect":[158,148,28,54],"offset":[-42,32],"originalSize":[480,480],"capInsets":[0,0,0,0]}},{"__type__":"cc.SpriteFrame","content":{"name":"stand_8_part_wing_5004_stand_8_part1_0012","texture":"daSUnxdZ9IO5HB3C9REomw","rect":[188,118,26,58],"offset":[-42,31],"originalSize":[480,480],"rotated":1,"capInsets":[0,0,0,0]}},{"__type__":"cc.SpriteFrame","content":{"name":"stand_8_part_wing_5004_stand_8_part2_0004","texture":"daSUnxdZ9IO5HB3C9REomw","rect":[38,2,28,100],"offset":[-40,88],"originalSize":[480,480],"capInsets":[0,0,0,0]}},{"__type__":"cc.SpriteFrame","content":{"name":"stand_8_part_wing_5004_stand_8_part1_0008","texture":"daSUnxdZ9IO5HB3C9REomw","rect":[94,184,30,70],"offset":[-43,28],"originalSize":[480,480],"capInsets":[0,0,0,0]}},{"__type__":"cc.SpriteAtlas","_name":"stand_8_part.plist","_spriteFrames":{"stand_8_part_wing_5004_stand_8_part1_0001":{"__uuid__":"d8FtmvDkBGa6Qfm6X8re4w"},"stand_8_part_wing_5004_stand_8_part1_0002":{"__uuid__":"a7nhesOPZOR6/BrpcsQC8R"},"stand_8_part_wing_5004_stand_8_part1_0003":{"__uuid__":"66jIdvb8lDZ6t8Ms4iJZKN"},"stand_8_part_wing_5004_stand_8_part1_0004":{"__uuid__":"04+yZ8PANLKrhSMNkAsJNl"},"stand_8_part_wing_5004_stand_8_part1_0005":{"__uuid__":"8e/qrhjU9EwZmOGU+ZUG7v"},"stand_8_part_wing_5004_stand_8_part1_0006":{"__uuid__":"f9vE99WhtKTZDoGnHPhC6j"},"stand_8_part_wing_5004_stand_8_part1_0007":{"__uuid__":"10pEpq4HtPDLOMDwTTWSBk"},"stand_8_part_wing_5004_stand_8_part1_0008":{"__uuid__":"b2LFAa8mRKbrkYvlbQFYMe"},"stand_8_part_wing_5004_stand_8_part1_0009":{"__uuid__":"faViNjpnhD6qyaA2ixBeMk"},"stand_8_part_wing_5004_stand_8_part1_0010":{"__uuid__":"ddE/bv83NNKqGz73ybQ3Z1"},"stand_8_part_wing_5004_stand_8_part1_0011":{"__uuid__":"8fcSSI7V1Fn7FH8easD4lr"},"stand_8_part_wing_5004_stand_8_part1_0012":{"__uuid__":"a8F3ecVQ9Go4O4V/R6VC4F"},"stand_8_part_wing_5004_stand_8_part2_0001":{"__uuid__":"bdNW757mZEQZnz1jFiliW0"},"stand_8_part_wing_5004_stand_8_part2_0002":{"__uuid__":"caFJxCQENCw6ExLSW+80Hq"},"stand_8_part_wing_5004_stand_8_part2_0003":{"__uuid__":"155EVeqyBCvbfSvycVbCvj"},"stand_8_part_wing_5004_stand_8_part2_0004":{"__uuid__":"aebs9TXZVBGpAq8+88T0DR"},"stand_8_part_wing_5004_stand_8_part2_0005":{"__uuid__":"42uyqqGmhAd6BsJqU5LLax"},"stand_8_part_wing_5004_stand_8_part2_0006":{"__uuid__":"45asJqLHlN75Fp3G92rqMN"},"stand_8_part_wing_5004_stand_8_part2_0007":{"__uuid__":"9axO13FBRBRIVCPSed/n+5"},"stand_8_part_wing_5004_stand_8_part2_0008":{"__uuid__":"e1NLo/G09EM5hZIlGKK80m"},"stand_8_part_wing_5004_stand_8_part2_0009":{"__uuid__":"073NlZ/6VI6r9+SbLzErFD"},"stand_8_part_wing_5004_stand_8_part2_0010":{"__uuid__":"82eOV9M5lCXJb/IPcBo7FP"},"stand_8_part_wing_5004_stand_8_part2_0011":{"__uuid__":"a2ukL08zxDEqdeG7J2afrR"},"stand_8_part_wing_5004_stand_8_part2_0012":{"__uuid__":"c80xml3CVDcbq/B3F8kmfs"}}},{"__type__":"cc.SpriteFrame","content":{"name":"stand_8_part_wing_5004_stand_8_part2_0001","texture":"daSUnxdZ9IO5HB3C9REomw","rect":[34,110,24,88],"offset":[-40,83],"originalSize":[480,480],"capInsets":[0,0,0,0]}},{"__type__":"cc.SpriteFrame","content":{"name":"stand_8_part_wing_5004_stand_8_part2_0012","texture":"daSUnxdZ9IO5HB3C9REomw","rect":[124,2,30,88],"offset":[-42,82],"originalSize":[480,480],"capInsets":[0,0,0,0]}},{"__type__":"cc.SpriteFrame","content":{"name":"stand_8_part_wing_5004_stand_8_part2_0002","texture":"daSUnxdZ9IO5HB3C9REomw","rect":[96,2,26,92],"offset":[-41,84],"originalSize":[480,480],"capInsets":[0,0,0,0]}},{"__type__":"cc.SpriteFrame","content":{"name":"stand_8_part_wing_5004_stand_8_part1_0001","texture":"daSUnxdZ9IO5HB3C9REomw","rect":[158,204,26,52],"offset":[-41,33],"originalSize":[480,480],"rotated":1,"capInsets":[0,0,0,0]}},{"__type__":"cc.SpriteFrame","content":{"name":"stand_8_part_wing_5004_stand_8_part1_0010","texture":"daSUnxdZ9IO5HB3C9REomw","rect":[2,214,30,56],"offset":[-43,33],"originalSize":[480,480],"rotated":1,"capInsets":[0,0,0,0]}},{"__type__":"cc.SpriteFrame","content":{"name":"stand_8_part_wing_5004_stand_8_part2_0008","texture":"daSUnxdZ9IO5HB3C9REomw","rect":[222,2,32,82],"offset":[-44,79],"originalSize":[480,480],"capInsets":[0,0,0,0]}},{"__type__":"cc.SpriteFrame","content":{"name":"stand_8_part_wing_5004_stand_8_part1_0006","texture":"daSUnxdZ9IO5HB3C9REomw","rect":[60,190,32,64],"offset":[-45,32],"originalSize":[480,480],"capInsets":[0,0,0,0]}},{"__type__":"cc.SpriteFrame","content":{"name":"stand_8_part_wing_5004_stand_8_part1_0009","texture":"daSUnxdZ9IO5HB3C9REomw","rect":[122,96,30,74],"offset":[-43,27],"originalSize":[480,480],"capInsets":[0,0,0,0]}}]