[{"__type__":"cc.SpriteAtlas","_name":"run_1_f.plist","_spriteFrames":{"run_1_rd1rd2_ride_ride_9431_rd1_run_1_1":{"__uuid__":"8cV/dyva5IsIVr1283QyZw"},"run_1_rd1rd2_ride_ride_9431_rd1_run_1_2":{"__uuid__":"62Pl2USS1HpoCzTr3mvkh3"},"run_1_rd1rd2_ride_ride_9431_rd1_run_1_3":{"__uuid__":"a8BOvsmXpGkLGS+k1jv/x4"},"run_1_rd1rd2_ride_ride_9431_rd1_run_1_4":{"__uuid__":"48+ttGsrNLO41MJq1sl5HB"},"run_1_rd1rd2_ride_ride_9431_rd1_run_1_5":{"__uuid__":"4fipvaCAFGe4sAmvEHQ0KD"},"run_1_rd1rd2_ride_ride_9431_rd1_run_1_6":{"__uuid__":"99HXSqlyBJ754g4SkGUZ/l"},"run_1_rd1rd2_ride_ride_9431_rd1_run_1_7":{"__uuid__":"ccSpXOhvlDna01/r2Gjcp9"},"run_1_rd1rd2_ride_ride_9431_rd1_run_1_8":{"__uuid__":"1fOBXCZ+ZOnr+T0qg9dZZY"}}},{"__type__":"cc.SpriteFrame","content":{"name":"run_1_rd1rd2_ride_ride_9431_rd1_run_1_8","texture":"87TrDM7zlC8KSLb1AA8KBG","rect":[513,1,228,202],"offset":[-1,84],"originalSize":[500,500],"capInsets":[0,0,0,0]}},{"__type__":"cc.SpriteFrame","content":{"name":"run_1_rd1rd2_ride_ride_9431_rd1_run_1_4","texture":"87TrDM7zlC8KSLb1AA8KBG","rect":[1,255,228,270],"offset":[-2,39],"originalSize":[500,500],"capInsets":[0,0,0,0]}},{"__type__":"cc.SpriteFrame","content":{"name":"run_1_rd1rd2_ride_ride_9431_rd1_run_1_5","texture":"87TrDM7zlC8KSLb1AA8KBG","rect":[273,1,238,264],"offset":[-7,41],"originalSize":[500,500],"capInsets":[0,0,0,0]}},{"__type__":"cc.SpriteFrame","content":{"name":"run_1_rd1rd2_ride_ride_9431_rd1_run_1_2","texture":"87TrDM7zlC8KSLb1AA8KBG","rect":[273,501,254,226],"offset":[-16,62],"originalSize":[500,500],"capInsets":[0,0,0,0]}},{"__type__":"cc.SpriteFrame","content":{"name":"run_1_rd1rd2_ride_ride_9431_rd1_run_1_1","texture":"87TrDM7zlC8KSLb1AA8KBG","rect":[489,267,238,206],"offset":[-8,69],"originalSize":[500,500],"capInsets":[0,0,0,0]}},{"__type__":"cc.SpriteFrame","content":{"name":"run_1_rd1rd2_ride_ride_9431_rd1_run_1_6","texture":"87TrDM7zlC8KSLb1AA8KBG","rect":[231,267,256,232],"offset":[-13,53],"originalSize":[500,500],"capInsets":[0,0,0,0]}},{"__type__":"cc.SpriteFrame","content":{"name":"run_1_rd1rd2_ride_ride_9431_rd1_run_1_3","texture":"87TrDM7zlC8KSLb1AA8KBG","rect":[1,1,270,252],"offset":[-23,50],"originalSize":[500,500],"capInsets":[0,0,0,0]}},{"__type__":"cc.SpriteFrame","content":{"name":"run_1_rd1rd2_ride_ride_9431_rd1_run_1_7","texture":"87TrDM7zlC8KSLb1AA8KBG","rect":[1,527,270,192],"offset":[-20,83],"originalSize":[500,500],"capInsets":[0,0,0,0]}}]