[{"__type__":"cc.SpriteFrame","content":{"name":"stand_3_part2_wing_5012_stand_3_part2_0010","texture":"37Q0OqXxhLVrQsqn0ywUjs","rect":[94,324,96,98],"offset":[61,49],"originalSize":[500,500],"capInsets":[0,0,0,0]}},{"__type__":"cc.SpriteFrame","content":{"name":"stand_3_part2_wing_5012_stand_3_part2_0002","texture":"37Q0OqXxhLVrQsqn0ywUjs","rect":[94,424,86,98],"offset":[55,59],"originalSize":[500,500],"rotated":1,"capInsets":[0,0,0,0]}},{"__type__":"cc.SpriteFrame","content":{"name":"stand_3_part2_wing_5012_stand_3_part2_0009","texture":"37Q0OqXxhLVrQsqn0ywUjs","rect":[88,2,94,100],"offset":[59,49],"originalSize":[500,500],"capInsets":[0,0,0,0]}},{"__type__":"cc.SpriteFrame","content":{"name":"stand_3_part2_wing_5012_stand_3_part2_0006","texture":"37Q0OqXxhLVrQsqn0ywUjs","rect":[2,2,84,114],"offset":[56,57],"originalSize":[500,500],"capInsets":[0,0,0,0]}},{"__type__":"cc.SpriteFrame","content":{"name":"stand_3_part2_wing_5012_stand_3_part2_0001","texture":"37Q0OqXxhLVrQsqn0ywUjs","rect":[174,206,82,98],"offset":[54,57],"originalSize":[500,500],"capInsets":[0,0,0,0]}},{"__type__":"cc.SpriteFrame","content":{"name":"stand_3_part2_wing_5012_stand_3_part2_0011","texture":"37Q0OqXxhLVrQsqn0ywUjs","rect":[82,222,90,100],"offset":[58,51],"originalSize":[500,500],"capInsets":[0,0,0,0]}},{"__type__":"cc.SpriteAtlas","_name":"stand_3_part2.plist","_spriteFrames":{"stand_3_part2_wing_5012_stand_3_part2_0001":{"__uuid__":"77RlAZSq5Do6Mupvjp17iv"},"stand_3_part2_wing_5012_stand_3_part2_0002":{"__uuid__":"33y9p+8jNPJrUX7bElPoF5"},"stand_3_part2_wing_5012_stand_3_part2_0003":{"__uuid__":"c6xjuw25lF9oJivFdJmEtz"},"stand_3_part2_wing_5012_stand_3_part2_0004":{"__uuid__":"b8lalToqVN9aLEUcvzqcM3"},"stand_3_part2_wing_5012_stand_3_part2_0005":{"__uuid__":"f7IqZxtCxFoLdCVtC9wPtI"},"stand_3_part2_wing_5012_stand_3_part2_0006":{"__uuid__":"67fRIYVSJLjrlA8b2HcN3I"},"stand_3_part2_wing_5012_stand_3_part2_0007":{"__uuid__":"f0fbAzlpFNlK1TtMnItddX"},"stand_3_part2_wing_5012_stand_3_part2_0008":{"__uuid__":"ee1MYZwl1GhZXBjr/ftsXr"},"stand_3_part2_wing_5012_stand_3_part2_0009":{"__uuid__":"5bPwnLbp5IwqnpA+5gh17l"},"stand_3_part2_wing_5012_stand_3_part2_0010":{"__uuid__":"2cM+eoye5HDa5c/vjStSZZ"},"stand_3_part2_wing_5012_stand_3_part2_0011":{"__uuid__":"7dpGOg8+JAF6Z5ZMzQqpOQ"},"stand_3_part2_wing_5012_stand_3_part2_0012":{"__uuid__":"ebHFX1HNFEnbiv8WToWg0d"}}},{"__type__":"cc.SpriteFrame","content":{"name":"stand_3_part2_wing_5012_stand_3_part2_0004","texture":"37Q0OqXxhLVrQsqn0ywUjs","rect":[2,230,78,108],"offset":[53,60],"originalSize":[500,500],"capInsets":[0,0,0,0]}},{"__type__":"cc.SpriteFrame","content":{"name":"stand_3_part2_wing_5012_stand_3_part2_0003","texture":"37Q0OqXxhLVrQsqn0ywUjs","rect":[82,118,84,102],"offset":[56,60],"originalSize":[500,500],"capInsets":[0,0,0,0]}},{"__type__":"cc.SpriteFrame","content":{"name":"stand_3_part2_wing_5012_stand_3_part2_0012","texture":"37Q0OqXxhLVrQsqn0ywUjs","rect":[184,2,82,100],"offset":[54,53],"originalSize":[500,500],"capInsets":[0,0,0,0]}},{"__type__":"cc.SpriteFrame","content":{"name":"stand_3_part2_wing_5012_stand_3_part2_0008","texture":"37Q0OqXxhLVrQsqn0ywUjs","rect":[2,340,90,102],"offset":[58,49],"originalSize":[500,500],"capInsets":[0,0,0,0]}},{"__type__":"cc.SpriteFrame","content":{"name":"stand_3_part2_wing_5012_stand_3_part2_0007","texture":"37Q0OqXxhLVrQsqn0ywUjs","rect":[168,104,84,100],"offset":[56,48],"originalSize":[500,500],"capInsets":[0,0,0,0]}},{"__type__":"cc.SpriteFrame","content":{"name":"stand_3_part2_wing_5012_stand_3_part2_0005","texture":"37Q0OqXxhLVrQsqn0ywUjs","rect":[2,118,78,110],"offset":[53,58],"originalSize":[500,500],"capInsets":[0,0,0,0]}}]