[{"__type__":"cc.SpriteAtlas","_name":"run_1.plist","_spriteFrames":{"run_1_sh_ride_shape_3015_sh_run_1_1":{"__uuid__":"80k0PqjC1JF7GKQcNTYAP/"},"run_1_sh_ride_shape_3015_sh_run_1_2":{"__uuid__":"824PVyhF1PbogjT9v+0ODx"},"run_1_sh_ride_shape_3015_sh_run_1_3":{"__uuid__":"9cu/gZrHRPerGTj/dor7ou"},"run_1_sh_ride_shape_3015_sh_run_1_4":{"__uuid__":"32CKxqPgJOUooxzU61yxCV"},"run_1_sh_ride_shape_3015_sh_run_1_5":{"__uuid__":"afkREO7rhO0qU0IZ/h81QO"},"run_1_sh_ride_shape_3015_sh_run_1_6":{"__uuid__":"63vdtlXmVPOK1LsRc/I4os"},"run_1_sh_ride_shape_3015_sh_run_1_7":{"__uuid__":"8fQ2hg0hVB3q/Mlbc1hVDh"},"run_1_sh_ride_shape_3015_sh_run_1_8":{"__uuid__":"75XLwTTxpAgKgifp2rCWXq"}}},{"__type__":"cc.SpriteFrame","content":{"name":"run_1_sh_ride_shape_3015_sh_run_1_4","texture":"27yHamGcBFTakClpZttQGy","rect":[147,1,142,180],"offset":[-30,-28],"originalSize":[500,500],"capInsets":[0,0,0,0]}},{"__type__":"cc.SpriteFrame","content":{"name":"run_1_sh_ride_shape_3015_sh_run_1_6","texture":"27yHamGcBFTakClpZttQGy","rect":[287,183,136,178],"offset":[-28,-29],"originalSize":[500,500],"capInsets":[0,0,0,0]}},{"__type__":"cc.SpriteFrame","content":{"name":"run_1_sh_ride_shape_3015_sh_run_1_8","texture":"27yHamGcBFTakClpZttQGy","rect":[291,1,142,180],"offset":[-31,-28],"originalSize":[500,500],"capInsets":[0,0,0,0]}},{"__type__":"cc.SpriteFrame","content":{"name":"run_1_sh_ride_shape_3015_sh_run_1_1","texture":"27yHamGcBFTakClpZttQGy","rect":[1,1,144,180],"offset":[-31,-28],"originalSize":[500,500],"capInsets":[0,0,0,0]}},{"__type__":"cc.SpriteFrame","content":{"name":"run_1_sh_ride_shape_3015_sh_run_1_2","texture":"27yHamGcBFTakClpZttQGy","rect":[1,183,144,180],"offset":[-31,-28],"originalSize":[500,500],"capInsets":[0,0,0,0]}},{"__type__":"cc.SpriteFrame","content":{"name":"run_1_sh_ride_shape_3015_sh_run_1_7","texture":"27yHamGcBFTakClpZttQGy","rect":[147,365,138,180],"offset":[-29,-28],"originalSize":[500,500],"capInsets":[0,0,0,0]}},{"__type__":"cc.SpriteFrame","content":{"name":"run_1_sh_ride_shape_3015_sh_run_1_3","texture":"27yHamGcBFTakClpZttQGy","rect":[1,365,144,180],"offset":[-32,-28],"originalSize":[500,500],"capInsets":[0,0,0,0]}},{"__type__":"cc.SpriteFrame","content":{"name":"run_1_sh_ride_shape_3015_sh_run_1_5","texture":"27yHamGcBFTakClpZttQGy","rect":[147,183,138,180],"offset":[-29,-28],"originalSize":[500,500],"capInsets":[0,0,0,0]}}]