[{"__type__":"cc.SpriteAtlas","_name":"stand_1_f.plist","_spriteFrames":{"stand_1_rd1rd2_ride_ride_9431_rd1_stand_1_1":{"__uuid__":"808WqE2DtFDI1WCrfTX2iP"},"stand_1_rd1rd2_ride_ride_9431_rd1_stand_1_2":{"__uuid__":"409A6mMHlLeZftVOK2bWug"},"stand_1_rd1rd2_ride_ride_9431_rd1_stand_1_3":{"__uuid__":"6dmoYEHohNKo99hjKxGsnx"},"stand_1_rd1rd2_ride_ride_9431_rd1_stand_1_4":{"__uuid__":"f0E75XdJxDqrEWCF19n0rl"},"stand_1_rd1rd2_ride_ride_9431_rd1_stand_1_5":{"__uuid__":"a8xIY2jfVA/r92yvNZAky5"},"stand_1_rd1rd2_ride_ride_9431_rd1_stand_1_6":{"__uuid__":"d1E5kgCYBFnKLOgxFheY5n"},"stand_1_rd1rd2_ride_ride_9431_rd1_stand_1_7":{"__uuid__":"96G97jcZtP1a/w+n+DtCqJ"},"stand_1_rd1rd2_ride_ride_9431_rd1_stand_1_8":{"__uuid__":"68/5o//ahDaLv3jaSD8Sly"}}},{"__type__":"cc.SpriteFrame","content":{"name":"stand_1_rd1rd2_ride_ride_9431_rd1_stand_1_2","texture":"b3LL1gv8xG7r4Xrdx7x733","rect":[263,241,250,238],"offset":[-20,41],"originalSize":[500,500],"capInsets":[0,0,0,0]}},{"__type__":"cc.SpriteFrame","content":{"name":"stand_1_rd1rd2_ride_ride_9431_rd1_stand_1_8","texture":"b3LL1gv8xG7r4Xrdx7x733","rect":[247,489,222,252],"offset":[-6,48],"originalSize":[500,500],"capInsets":[0,0,0,0]}},{"__type__":"cc.SpriteFrame","content":{"name":"stand_1_rd1rd2_ride_ride_9431_rd1_stand_1_3","texture":"b3LL1gv8xG7r4Xrdx7x733","rect":[263,1,262,238],"offset":[-29,41],"originalSize":[500,500],"capInsets":[0,0,0,0]}},{"__type__":"cc.SpriteFrame","content":{"name":"stand_1_rd1rd2_ride_ride_9431_rd1_stand_1_1","texture":"b3LL1gv8xG7r4Xrdx7x733","rect":[1,505,236,236],"offset":[-12,40],"originalSize":[500,500],"capInsets":[0,0,0,0]}},{"__type__":"cc.SpriteFrame","content":{"name":"stand_1_rd1rd2_ride_ride_9431_rd1_stand_1_7","texture":"b3LL1gv8xG7r4Xrdx7x733","rect":[1,1,260,252],"offset":[-27,48],"originalSize":[500,500],"capInsets":[0,0,0,0]}},{"__type__":"cc.SpriteFrame","content":{"name":"stand_1_rd1rd2_ride_ride_9431_rd1_stand_1_5","texture":"b3LL1gv8xG7r4Xrdx7x733","rect":[515,241,226,246],"offset":[-15,46],"originalSize":[500,500],"capInsets":[0,0,0,0]}},{"__type__":"cc.SpriteFrame","content":{"name":"stand_1_rd1rd2_ride_ride_9431_rd1_stand_1_6","texture":"b3LL1gv8xG7r4Xrdx7x733","rect":[1,255,244,248],"offset":[-21,46],"originalSize":[500,500],"capInsets":[0,0,0,0]}},{"__type__":"cc.SpriteFrame","content":{"name":"stand_1_rd1rd2_ride_ride_9431_rd1_stand_1_4","texture":"b3LL1gv8xG7r4Xrdx7x733","rect":[471,489,218,248],"offset":[-9,46],"originalSize":[500,500],"capInsets":[0,0,0,0]}}]