[{"__type__":"cc.SpriteFrame","content":{"name":"stand_1_rd1rd2_ride_ride_9331_rd1_stand_1_4","texture":"c1V5EUWKhARJD+v1155fwp","rect":[223,1,222,204],"offset":[31,-30],"originalSize":[800,800],"capInsets":[0,0,0,0]}},{"__type__":"cc.SpriteFrame","content":{"name":"stand_1_rd1rd2_ride_ride_9331_rd1_stand_1_8","texture":"c1V5EUWKhARJD+v1155fwp","rect":[221,413,212,214],"offset":[36,-25],"originalSize":[800,800],"capInsets":[0,0,0,0]}},{"__type__":"cc.SpriteFrame","content":{"name":"stand_1_rd1rd2_ride_ride_9331_rd1_stand_1_3","texture":"c1V5EUWKhARJD+v1155fwp","rect":[1,413,218,208],"offset":[33,-28],"originalSize":[800,800],"capInsets":[0,0,0,0]}},{"__type__":"cc.SpriteFrame","content":{"name":"stand_1_rd1rd2_ride_ride_9331_rd1_stand_1_6","texture":"c1V5EUWKhARJD+v1155fwp","rect":[215,207,220,204],"offset":[32,-30],"originalSize":[800,800],"capInsets":[0,0,0,0]}},{"__type__":"cc.SpriteAtlas","_name":"stand_1_f.plist","_spriteFrames":{"stand_1_rd1rd2_ride_ride_9331_rd1_stand_1_1":{"__uuid__":"8eui7jnYNLLbh2VGmTFHIU"},"stand_1_rd1rd2_ride_ride_9331_rd1_stand_1_2":{"__uuid__":"a0kwp8hHBC1Y8zoMIv84ht"},"stand_1_rd1rd2_ride_ride_9331_rd1_stand_1_3":{"__uuid__":"66qXQfFntEj69TEfBGlh4J"},"stand_1_rd1rd2_ride_ride_9331_rd1_stand_1_4":{"__uuid__":"0fBwUHt11P04kRj+ksFueT"},"stand_1_rd1rd2_ride_ride_9331_rd1_stand_1_5":{"__uuid__":"84dn4KStBL05D5bXHslj2O"},"stand_1_rd1rd2_ride_ride_9331_rd1_stand_1_6":{"__uuid__":"78pZVMh99LwKC7Lq8WCTKq"},"stand_1_rd1rd2_ride_ride_9331_rd1_stand_1_7":{"__uuid__":"cbKu/TTwlAUIrV6d9wUOS/"},"stand_1_rd1rd2_ride_ride_9331_rd1_stand_1_8":{"__uuid__":"65qgFcGqJPLaPtS7cB15bl"}}},{"__type__":"cc.SpriteFrame","content":{"name":"stand_1_rd1rd2_ride_ride_9331_rd1_stand_1_5","texture":"c1V5EUWKhARJD+v1155fwp","rect":[1,205,212,204],"offset":[36,-30],"originalSize":[800,800],"capInsets":[0,0,0,0]}},{"__type__":"cc.SpriteFrame","content":{"name":"stand_1_rd1rd2_ride_ride_9331_rd1_stand_1_1","texture":"c1V5EUWKhARJD+v1155fwp","rect":[435,415,212,222],"offset":[36,-21],"originalSize":[800,800],"capInsets":[0,0,0,0]}},{"__type__":"cc.SpriteFrame","content":{"name":"stand_1_rd1rd2_ride_ride_9331_rd1_stand_1_2","texture":"c1V5EUWKhARJD+v1155fwp","rect":[437,207,210,206],"offset":[37,-29],"originalSize":[800,800],"capInsets":[0,0,0,0]}},{"__type__":"cc.SpriteFrame","content":{"name":"stand_1_rd1rd2_ride_ride_9331_rd1_stand_1_7","texture":"c1V5EUWKhARJD+v1155fwp","rect":[1,1,220,202],"offset":[32,-31],"originalSize":[800,800],"capInsets":[0,0,0,0]}}]