[{"__type__":"cc.SpriteFrame","content":{"name":"stand_1_rd1rd2rd3_ride_ride_9211_rd1_stand_1_2","texture":"49OGDARNNMEK4ujoj+ZaD3","rect":[317,193,286,192],"offset":[1,-42],"originalSize":[800,800],"capInsets":[0,0,0,0]}},{"__type__":"cc.SpriteAtlas","_name":"stand_1_b2.plist","_spriteFrames":{"stand_1_rd1rd2rd3_ride_ride_9211_rd1_stand_1_1":{"__uuid__":"e3WkmwBXJBYq1lwPGb/1xo"},"stand_1_rd1rd2rd3_ride_ride_9211_rd1_stand_1_2":{"__uuid__":"01df/QENVOGL3LYz2fQFb8"},"stand_1_rd1rd2rd3_ride_ride_9211_rd1_stand_1_3":{"__uuid__":"5fIOla87BMwLupVeTkZe3M"},"stand_1_rd1rd2rd3_ride_ride_9211_rd1_stand_1_4":{"__uuid__":"b89doF7yhBXJDrtq669htX"},"stand_1_rd1rd2rd3_ride_ride_9211_rd1_stand_1_5":{"__uuid__":"89Zdn4U+9Me5ogKQEt44DB"},"stand_1_rd1rd2rd3_ride_ride_9211_rd1_stand_1_7":{"__uuid__":"f46fN788hKN6Yx/Qruyydt"},"stand_1_rd1rd2rd3_ride_ride_9211_rd1_stand_1_8":{"__uuid__":"2a2LXRpMNP057DLm6aLqAv"}}},{"__type__":"cc.SpriteFrame","content":{"name":"stand_1_rd1rd2rd3_ride_ride_9211_rd1_stand_1_8","texture":"49OGDARNNMEK4ujoj+ZaD3","rect":[1,197,314,192],"offset":[-12,-41],"originalSize":[800,800],"capInsets":[0,0,0,0]}},{"__type__":"cc.SpriteFrame","content":{"name":"stand_1_rd1rd2rd3_ride_ride_9211_rd1_stand_1_3","texture":"49OGDARNNMEK4ujoj+ZaD3","rect":[317,387,284,192],"offset":[6,-43],"originalSize":[800,800],"capInsets":[0,0,0,0]}},{"__type__":"cc.SpriteFrame","content":{"name":"stand_1_rd1rd2rd3_ride_ride_9211_rd1_stand_1_5","texture":"49OGDARNNMEK4ujoj+ZaD3","rect":[295,581,300,188],"offset":[-5,-44],"originalSize":[800,800],"capInsets":[0,0,0,0]}},{"__type__":"cc.SpriteFrame","content":{"name":"stand_1_rd1rd2rd3_ride_ride_9211_rd1_stand_1_4","texture":"49OGDARNNMEK4ujoj+ZaD3","rect":[1,391,292,190],"offset":[2,-43],"originalSize":[800,800],"capInsets":[0,0,0,0]}},{"__type__":"cc.SpriteFrame","content":{"name":"stand_1_rd1rd2rd3_ride_ride_9211_rd1_stand_1_1","texture":"49OGDARNNMEK4ujoj+ZaD3","rect":[1,1,302,194],"offset":[-6,-41],"originalSize":[800,800],"capInsets":[0,0,0,0]}},{"__type__":"cc.SpriteFrame","content":{"name":"stand_1_rd1rd2rd3_ride_ride_9211_rd1_stand_1_7","texture":"49OGDARNNMEK4ujoj+ZaD3","rect":[305,1,312,190],"offset":[-10,-42],"originalSize":[800,800],"capInsets":[0,0,0,0]}}]