[{"__type__":"cc.SpriteFrame","content":{"name":"standrun_1_rd1rd2_ride_ride_9421_rd2_stand_1_3","texture":"53UNR2mfRPLIItMzlS4DRc","rect":[209,253,208,118],"offset":[-71,20],"originalSize":[460,460],"capInsets":[0,0,0,0]}},{"__type__":"cc.SpriteFrame","content":{"name":"standrun_1_rd1rd2_ride_ride_9421_rd2_stand_1_6","texture":"53UNR2mfRPLIItMzlS4DRc","rect":[1,127,214,120],"offset":[-73,21],"originalSize":[460,460],"capInsets":[0,0,0,0]}},{"__type__":"cc.SpriteFrame","content":{"name":"standrun_1_rd1rd2_ride_ride_9421_rd2_stand_1_5","texture":"53UNR2mfRPLIItMzlS4DRc","rect":[1,373,212,116],"offset":[-71,19],"originalSize":[460,460],"capInsets":[0,0,0,0]}},{"__type__":"cc.SpriteFrame","content":{"name":"standrun_1_rd1rd2_ride_ride_9421_rd2_stand_1_4","texture":"53UNR2mfRPLIItMzlS4DRc","rect":[215,373,210,116],"offset":[-71,19],"originalSize":[460,460],"capInsets":[0,0,0,0]}},{"__type__":"cc.SpriteFrame","content":{"name":"standrun_1_rd1rd2_ride_ride_9421_rd2_stand_1_7","texture":"53UNR2mfRPLIItMzlS4DRc","rect":[267,1,216,124],"offset":[-74,23],"originalSize":[460,460],"capInsets":[0,0,0,0]}},{"__type__":"cc.SpriteAtlas","_name":"stand_1_b.plist","_spriteFrames":{"standrun_1_rd1rd2_ride_ride_9421_rd2_stand_1_1":{"__uuid__":"78I61DCf1JyqqmqL38WhYd"},"standrun_1_rd1rd2_ride_ride_9421_rd2_stand_1_2":{"__uuid__":"e7tTzCeG1MjJ1GLsUNcAlj"},"standrun_1_rd1rd2_ride_ride_9421_rd2_stand_1_3":{"__uuid__":"00urFamttAa5VWFhb0Dlyy"},"standrun_1_rd1rd2_ride_ride_9421_rd2_stand_1_4":{"__uuid__":"4btrIhoN5OWopqUx+aOXlk"},"standrun_1_rd1rd2_ride_ride_9421_rd2_stand_1_5":{"__uuid__":"20JO0Mq7VLMrVha+jQUnAJ"},"standrun_1_rd1rd2_ride_ride_9421_rd2_stand_1_6":{"__uuid__":"05tejGc+hOQ6dnPfr81TXb"},"standrun_1_rd1rd2_ride_ride_9421_rd2_stand_1_7":{"__uuid__":"620u1WlVJHyKTSCc7/MjwW"},"standrun_1_rd1rd2_ride_ride_9421_rd2_stand_1_8":{"__uuid__":"aakQvKCtRNnIDub/QF6urL"}}},{"__type__":"cc.SpriteFrame","content":{"name":"standrun_1_rd1rd2_ride_ride_9421_rd2_stand_1_1","texture":"53UNR2mfRPLIItMzlS4DRc","rect":[1,1,264,124],"offset":[-98,23],"originalSize":[460,460],"capInsets":[0,0,0,0]}},{"__type__":"cc.SpriteFrame","content":{"name":"standrun_1_rd1rd2_ride_ride_9421_rd2_stand_1_8","texture":"53UNR2mfRPLIItMzlS4DRc","rect":[217,127,206,124],"offset":[-70,23],"originalSize":[460,460],"capInsets":[0,0,0,0]}},{"__type__":"cc.SpriteFrame","content":{"name":"standrun_1_rd1rd2_ride_ride_9421_rd2_stand_1_2","texture":"53UNR2mfRPLIItMzlS4DRc","rect":[1,249,206,122],"offset":[-71,22],"originalSize":[460,460],"capInsets":[0,0,0,0]}}]