[{"__type__":"cc.SpriteFrame","content":{"name":"stand_7_part1_wing_5013_stand_7_part1_0011","texture":"05hdA10uJGsYV3bj8AiF27","rect":[2,348,84,84],"offset":[35,43],"originalSize":[500,500],"capInsets":[0,0,0,0]}},{"__type__":"cc.SpriteFrame","content":{"name":"stand_7_part1_wing_5013_stand_7_part1_0002","texture":"05hdA10uJGsYV3bj8AiF27","rect":[2,88,86,94],"offset":[37,48],"originalSize":[500,500],"rotated":1,"capInsets":[0,0,0,0]}},{"__type__":"cc.SpriteFrame","content":{"name":"stand_7_part1_wing_5013_stand_7_part1_0006","texture":"05hdA10uJGsYV3bj8AiF27","rect":[2,268,78,86],"offset":[31,38],"originalSize":[500,500],"rotated":1,"capInsets":[0,0,0,0]}},{"__type__":"cc.SpriteFrame","content":{"name":"stand_7_part1_wing_5013_stand_7_part1_0001","texture":"05hdA10uJGsYV3bj8AiF27","rect":[102,2,88,96],"offset":[35,48],"originalSize":[500,500],"rotated":1,"capInsets":[0,0,0,0]}},{"__type__":"cc.SpriteFrame","content":{"name":"stand_7_part1_wing_5013_stand_7_part1_0007","texture":"05hdA10uJGsYV3bj8AiF27","rect":[84,434,70,78],"offset":[28,37],"originalSize":[500,500],"rotated":1,"capInsets":[0,0,0,0]}},{"__type__":"cc.SpriteFrame","content":{"name":"stand_7_part1_wing_5013_stand_7_part1_0008","texture":"05hdA10uJGsYV3bj8AiF27","rect":[186,180,68,82],"offset":[28,38],"originalSize":[500,500],"capInsets":[0,0,0,0]}},{"__type__":"cc.SpriteFrame","content":{"name":"stand_7_part1_wing_5013_stand_7_part1_0003","texture":"05hdA10uJGsYV3bj8AiF27","rect":[2,2,84,98],"offset":[36,43],"originalSize":[500,500],"rotated":1,"capInsets":[0,0,0,0]}},{"__type__":"cc.SpriteAtlas","_name":"stand_7_part1.plist","_spriteFrames":{"stand_7_part1_wing_5013_stand_7_part1_0001":{"__uuid__":"4fFZ5hsohAoLov1BMUQHQe"},"stand_7_part1_wing_5013_stand_7_part1_0002":{"__uuid__":"44djCYF7VGYLhPzorSU1SN"},"stand_7_part1_wing_5013_stand_7_part1_0003":{"__uuid__":"77DZyMZetLgJOJwuxmvnB0"},"stand_7_part1_wing_5013_stand_7_part1_0004":{"__uuid__":"80EpF2Yb9M8YsAPZ7P5ag+"},"stand_7_part1_wing_5013_stand_7_part1_0005":{"__uuid__":"9cXyzi5nVNEadCt4j35ooI"},"stand_7_part1_wing_5013_stand_7_part1_0006":{"__uuid__":"4dpx2eHzFLOK9CVOIwtI4f"},"stand_7_part1_wing_5013_stand_7_part1_0007":{"__uuid__":"5ejH4W5IpAwKsgNzR1nW28"},"stand_7_part1_wing_5013_stand_7_part1_0008":{"__uuid__":"71/Mk6LAVE3qBfEVQF0nnO"},"stand_7_part1_wing_5013_stand_7_part1_0009":{"__uuid__":"b5HJOJXmtLuZ1e0zZ503Be"},"stand_7_part1_wing_5013_stand_7_part1_0010":{"__uuid__":"d7yAdkr9pEO6WUJ6Rqjip0"},"stand_7_part1_wing_5013_stand_7_part1_0011":{"__uuid__":"16gvAVPWZOf4nvL+6LbVQQ"},"stand_7_part1_wing_5013_stand_7_part1_0012":{"__uuid__":"9eJ2v5XUpCj7F5eI9jz6av"}}},{"__type__":"cc.SpriteFrame","content":{"name":"stand_7_part1_wing_5013_stand_7_part1_0004","texture":"05hdA10uJGsYV3bj8AiF27","rect":[2,176,90,90],"offset":[36,43],"originalSize":[500,500],"capInsets":[0,0,0,0]}},{"__type__":"cc.SpriteFrame","content":{"name":"stand_7_part1_wing_5013_stand_7_part1_0005","texture":"05hdA10uJGsYV3bj8AiF27","rect":[94,264,80,90],"offset":[31,41],"originalSize":[500,500],"rotated":1,"capInsets":[0,0,0,0]}},{"__type__":"cc.SpriteFrame","content":{"name":"stand_7_part1_wing_5013_stand_7_part1_0012","texture":"05hdA10uJGsYV3bj8AiF27","rect":[98,92,86,92],"offset":[36,48],"originalSize":[500,500],"rotated":1,"capInsets":[0,0,0,0]}},{"__type__":"cc.SpriteFrame","content":{"name":"stand_7_part1_wing_5013_stand_7_part1_0009","texture":"05hdA10uJGsYV3bj8AiF27","rect":[2,434,74,80],"offset":[30,38],"originalSize":[500,500],"rotated":1,"capInsets":[0,0,0,0]}},{"__type__":"cc.SpriteFrame","content":{"name":"stand_7_part1_wing_5013_stand_7_part1_0010","texture":"05hdA10uJGsYV3bj8AiF27","rect":[94,180,82,90],"offset":[33,39],"originalSize":[500,500],"rotated":1,"capInsets":[0,0,0,0]}}]