[{"__type__":"cc.SpriteAtlas","_name":"stand_3_part1.plist","_spriteFrames":{"stand_3_part1_wing_5015_stand_png_part1_3_0000":{"__uuid__":"bbhV6xJQ5E9oVBn1YWuOfG"},"stand_3_part1_wing_5015_stand_png_part1_3_0001":{"__uuid__":"2bSabRhjNG8IX9XqhOptrj"},"stand_3_part1_wing_5015_stand_png_part1_3_0002":{"__uuid__":"d5xyWTkp5KkI4o2VIrTX7g"},"stand_3_part1_wing_5015_stand_png_part1_3_0003":{"__uuid__":"57C3yFGn9PcqME6zRpGHkp"},"stand_3_part1_wing_5015_stand_png_part1_3_0004":{"__uuid__":"b2YF7QBiNJ+J6HlQLS6Kd0"},"stand_3_part1_wing_5015_stand_png_part1_3_0005":{"__uuid__":"4dnxLTgNtHWauRjsaK3+3F"},"stand_3_part1_wing_5015_stand_png_part1_3_0006":{"__uuid__":"46W2sdnLdClpW4JPdKA7CO"},"stand_3_part1_wing_5015_stand_png_part1_3_0007":{"__uuid__":"9e8DxS18FAhp7Q+8bm3Tew"},"stand_3_part1_wing_5015_stand_png_part1_3_0008":{"__uuid__":"ebRSbAxABA2ZMNlg2+UiYA"},"stand_3_part1_wing_5015_stand_png_part1_3_0009":{"__uuid__":"39eIhCB5JP45f8/GNJeJsT"},"stand_3_part1_wing_5015_stand_png_part1_3_0010":{"__uuid__":"f5/ZftE2dEQaeomHQvRHcr"},"stand_3_part1_wing_5015_stand_png_part1_3_0011":{"__uuid__":"29EdVL1CZCX5TNUZVezRT5"}}},{"__type__":"cc.SpriteFrame","content":{"name":"stand_3_part1_wing_5015_stand_png_part1_3_0011","texture":"6dS3F7NidBi66+hVBWgDCj","rect":[2,2,96,74],"offset":[-28,22],"originalSize":[500,500],"capInsets":[0,0,0,0]}},{"__type__":"cc.SpriteFrame","content":{"name":"stand_3_part1_wing_5015_stand_png_part1_3_0001","texture":"6dS3F7NidBi66+hVBWgDCj","rect":[180,222,86,74],"offset":[-23,21],"originalSize":[500,500],"rotated":1,"capInsets":[0,0,0,0]}},{"__type__":"cc.SpriteFrame","content":{"name":"stand_3_part1_wing_5015_stand_png_part1_3_0009","texture":"6dS3F7NidBi66+hVBWgDCj","rect":[96,150,90,70],"offset":[-27,20],"originalSize":[500,500],"capInsets":[0,0,0,0]}},{"__type__":"cc.SpriteFrame","content":{"name":"stand_3_part1_wing_5015_stand_png_part1_3_0006","texture":"6dS3F7NidBi66+hVBWgDCj","rect":[2,304,84,70],"offset":[-24,19],"originalSize":[500,500],"capInsets":[0,0,0,0]}},{"__type__":"cc.SpriteFrame","content":{"name":"stand_3_part1_wing_5015_stand_png_part1_3_0005","texture":"6dS3F7NidBi66+hVBWgDCj","rect":[178,310,80,70],"offset":[-22,19],"originalSize":[500,500],"rotated":1,"capInsets":[0,0,0,0]}},{"__type__":"cc.SpriteFrame","content":{"name":"stand_3_part1_wing_5015_stand_png_part1_3_0003","texture":"6dS3F7NidBi66+hVBWgDCj","rect":[2,228,86,74],"offset":[-27,20],"originalSize":[500,500],"capInsets":[0,0,0,0]}},{"__type__":"cc.SpriteFrame","content":{"name":"stand_3_part1_wing_5015_stand_png_part1_3_0007","texture":"6dS3F7NidBi66+hVBWgDCj","rect":[90,300,86,70],"offset":[-24,20],"originalSize":[500,500],"capInsets":[0,0,0,0]}},{"__type__":"cc.SpriteFrame","content":{"name":"stand_3_part1_wing_5015_stand_png_part1_3_0004","texture":"6dS3F7NidBi66+hVBWgDCj","rect":[2,154,88,72],"offset":[-27,20],"originalSize":[500,500],"capInsets":[0,0,0,0]}},{"__type__":"cc.SpriteFrame","content":{"name":"stand_3_part1_wing_5015_stand_png_part1_3_0000","texture":"6dS3F7NidBi66+hVBWgDCj","rect":[100,2,94,74],"offset":[-31,21],"originalSize":[500,500],"capInsets":[0,0,0,0]}},{"__type__":"cc.SpriteFrame","content":{"name":"stand_3_part1_wing_5015_stand_png_part1_3_0002","texture":"6dS3F7NidBi66+hVBWgDCj","rect":[92,222,86,76],"offset":[-25,22],"originalSize":[500,500],"capInsets":[0,0,0,0]}},{"__type__":"cc.SpriteFrame","content":{"name":"stand_3_part1_wing_5015_stand_png_part1_3_0008","texture":"6dS3F7NidBi66+hVBWgDCj","rect":[96,78,90,70],"offset":[-26,20],"originalSize":[500,500],"capInsets":[0,0,0,0]}},{"__type__":"cc.SpriteFrame","content":{"name":"stand_3_part1_wing_5015_stand_png_part1_3_0010","texture":"6dS3F7NidBi66+hVBWgDCj","rect":[2,78,92,74],"offset":[-27,22],"originalSize":[500,500],"capInsets":[0,0,0,0]}}]