[{"__type__":"cc.SpriteFrame","content":{"name":"run_1_sh_ride_shape_3005_sh_run_1_1","texture":"bawFrEj2FJpInDwhPHQb20","rect":[180,158,172,156],"offset":[-9,-84],"originalSize":[470,470],"rotated":1,"capInsets":[0,0,0,0]}},{"__type__":"cc.SpriteFrame","content":{"name":"run_1_sh_ride_shape_3005_sh_run_1_7","texture":"bawFrEj2FJpInDwhPHQb20","rect":[170,2,176,154],"offset":[-11,-84],"originalSize":[470,470],"capInsets":[0,0,0,0]}},{"__type__":"cc.SpriteAtlas","_name":"run_1.plist","_spriteFrames":{"run_1_sh_ride_shape_3005_sh_run_1_1":{"__uuid__":"1fED3MYCBOnZ3c6IKN1HTo"},"run_1_sh_ride_shape_3005_sh_run_1_2":{"__uuid__":"d3/r8mSAJCmo8yxw9NsHJP"},"run_1_sh_ride_shape_3005_sh_run_1_3":{"__uuid__":"84zsmH8tlIuKH62ov5I/wN"},"run_1_sh_ride_shape_3005_sh_run_1_4":{"__uuid__":"78ctOh0yZOQI08L3e74PXB"},"run_1_sh_ride_shape_3005_sh_run_1_5":{"__uuid__":"ebjEt6zM9Aoqkwa5jJZauo"},"run_1_sh_ride_shape_3005_sh_run_1_6":{"__uuid__":"e6gu5zmAhCWpCQxFxpEC0c"},"run_1_sh_ride_shape_3005_sh_run_1_7":{"__uuid__":"54w1F76SxN550ltiQv24xl"},"run_1_sh_ride_shape_3005_sh_run_1_8":{"__uuid__":"aeqlatzhZPe7RhaEZLp7pn"}}},{"__type__":"cc.SpriteFrame","content":{"name":"run_1_sh_ride_shape_3005_sh_run_1_4","texture":"bawFrEj2FJpInDwhPHQb20","rect":[2,330,164,170],"offset":[-6,-79],"originalSize":[470,470],"capInsets":[0,0,0,0]}},{"__type__":"cc.SpriteFrame","content":{"name":"run_1_sh_ride_shape_3005_sh_run_1_3","texture":"bawFrEj2FJpInDwhPHQb20","rect":[338,158,164,166],"offset":[-6,-81],"originalSize":[470,470],"capInsets":[0,0,0,0]}},{"__type__":"cc.SpriteFrame","content":{"name":"run_1_sh_ride_shape_3005_sh_run_1_8","texture":"bawFrEj2FJpInDwhPHQb20","rect":[2,172,176,156],"offset":[-11,-84],"originalSize":[470,470],"capInsets":[0,0,0,0]}},{"__type__":"cc.SpriteFrame","content":{"name":"run_1_sh_ride_shape_3005_sh_run_1_2","texture":"bawFrEj2FJpInDwhPHQb20","rect":[340,326,166,162],"offset":[-7,-83],"originalSize":[470,470],"rotated":1,"capInsets":[0,0,0,0]}},{"__type__":"cc.SpriteFrame","content":{"name":"run_1_sh_ride_shape_3005_sh_run_1_6","texture":"bawFrEj2FJpInDwhPHQb20","rect":[168,332,170,164],"offset":[-8,-80],"originalSize":[470,470],"capInsets":[0,0,0,0]}},{"__type__":"cc.SpriteFrame","content":{"name":"run_1_sh_ride_shape_3005_sh_run_1_5","texture":"bawFrEj2FJpInDwhPHQb20","rect":[2,2,166,168],"offset":[-6,-79],"originalSize":[470,470],"capInsets":[0,0,0,0]}}]