[{"__type__":"cc.SpriteFrame","content":{"name":"stand_1_part1_wing_5015_stand_png_part1_1_0010","texture":"c8fVls8mBIa4zzqZl3ZSYy","rect":[176,96,86,84],"offset":[-69,49],"originalSize":[500,500],"rotated":1,"capInsets":[0,0,0,0]}},{"__type__":"cc.SpriteFrame","content":{"name":"stand_1_part1_wing_5015_stand_png_part1_1_0011","texture":"c8fVls8mBIa4zzqZl3ZSYy","rect":[180,2,84,84],"offset":[-68,49],"originalSize":[500,500],"capInsets":[0,0,0,0]}},{"__type__":"cc.SpriteFrame","content":{"name":"stand_1_part1_wing_5015_stand_png_part1_1_0009","texture":"c8fVls8mBIa4zzqZl3ZSYy","rect":[2,104,100,84],"offset":[-76,49],"originalSize":[500,500],"rotated":1,"capInsets":[0,0,0,0]}},{"__type__":"cc.SpriteFrame","content":{"name":"stand_1_part1_wing_5015_stand_png_part1_1_0005","texture":"c8fVls8mBIa4zzqZl3ZSYy","rect":[88,104,94,86],"offset":[-73,43],"originalSize":[500,500],"rotated":1,"capInsets":[0,0,0,0]}},{"__type__":"cc.SpriteFrame","content":{"name":"stand_1_part1_wing_5015_stand_png_part1_1_0006","texture":"c8fVls8mBIa4zzqZl3ZSYy","rect":[86,206,98,90],"offset":[-75,43],"originalSize":[500,500],"rotated":1,"capInsets":[0,0,0,0]}},{"__type__":"cc.SpriteAtlas","_name":"stand_1_part1.plist","_spriteFrames":{"stand_1_part1_wing_5015_stand_png_part1_1_0000":{"__uuid__":"46/J62a8FC3rDS2md+IQP/"},"stand_1_part1_wing_5015_stand_png_part1_1_0001":{"__uuid__":"f0WsorOX9EWb2JQ9Kj34+y"},"stand_1_part1_wing_5015_stand_png_part1_1_0002":{"__uuid__":"2eu8aAJjhO+o1UhJzuBLJr"},"stand_1_part1_wing_5015_stand_png_part1_1_0003":{"__uuid__":"62iuLCAc5IrboqE1xdxuk8"},"stand_1_part1_wing_5015_stand_png_part1_1_0004":{"__uuid__":"44Xf6aI9VIkJD/bDjBtU/L"},"stand_1_part1_wing_5015_stand_png_part1_1_0005":{"__uuid__":"181qPUQzNHZIkMp4dt+BPa"},"stand_1_part1_wing_5015_stand_png_part1_1_0006":{"__uuid__":"1cGYbSsctDK6jBHxBrHjYh"},"stand_1_part1_wing_5015_stand_png_part1_1_0007":{"__uuid__":"24ovMOZLpCjbO7a5QzV0lI"},"stand_1_part1_wing_5015_stand_png_part1_1_0008":{"__uuid__":"6664dlItlN5bj//JNwF9gf"},"stand_1_part1_wing_5015_stand_png_part1_1_0009":{"__uuid__":"14+UlWhM9OgYdUBufJ05mH"},"stand_1_part1_wing_5015_stand_png_part1_1_0010":{"__uuid__":"0czLH77t1NPIfhogJzZMt+"},"stand_1_part1_wing_5015_stand_png_part1_1_0011":{"__uuid__":"0fQ6X7NwNLD6s8y0ZJP/DO"}}},{"__type__":"cc.SpriteFrame","content":{"name":"stand_1_part1_wing_5015_stand_png_part1_1_0007","texture":"c8fVls8mBIa4zzqZl3ZSYy","rect":[2,308,98,92],"offset":[-75,43],"originalSize":[500,500],"rotated":1,"capInsets":[0,0,0,0]}},{"__type__":"cc.SpriteFrame","content":{"name":"stand_1_part1_wing_5015_stand_png_part1_1_0002","texture":"c8fVls8mBIa4zzqZl3ZSYy","rect":[96,306,90,82],"offset":[-71,45],"originalSize":[500,500],"rotated":1,"capInsets":[0,0,0,0]}},{"__type__":"cc.SpriteFrame","content":{"name":"stand_1_part1_wing_5015_stand_png_part1_1_0004","texture":"c8fVls8mBIa4zzqZl3ZSYy","rect":[92,2,92,86],"offset":[-72,44],"originalSize":[500,500],"rotated":1,"capInsets":[0,0,0,0]}},{"__type__":"cc.SpriteFrame","content":{"name":"stand_1_part1_wing_5015_stand_png_part1_1_0000","texture":"c8fVls8mBIa4zzqZl3ZSYy","rect":[2,408,92,84],"offset":[-72,48],"originalSize":[500,500],"rotated":1,"capInsets":[0,0,0,0]}},{"__type__":"cc.SpriteFrame","content":{"name":"stand_1_part1_wing_5015_stand_png_part1_1_0003","texture":"c8fVls8mBIa4zzqZl3ZSYy","rect":[88,408,90,86],"offset":[-71,46],"originalSize":[500,500],"rotated":1,"capInsets":[0,0,0,0]}},{"__type__":"cc.SpriteFrame","content":{"name":"stand_1_part1_wing_5015_stand_png_part1_1_0008","texture":"c8fVls8mBIa4zzqZl3ZSYy","rect":[2,206,100,82],"offset":[-76,48],"originalSize":[500,500],"rotated":1,"capInsets":[0,0,0,0]}},{"__type__":"cc.SpriteFrame","content":{"name":"stand_1_part1_wing_5015_stand_png_part1_1_0001","texture":"c8fVls8mBIa4zzqZl3ZSYy","rect":[2,2,88,100],"offset":[-70,39],"originalSize":[500,500],"capInsets":[0,0,0,0]}}]