[{"__type__":"cc.SpriteFrame","content":{"name":"stand_3_sh_ride_shape_3015_sh_stand_3_2","texture":"ffbw23yvdM8rkiJFKnyBXI","rect":[295,1,144,170],"offset":[20,-29],"originalSize":[500,500],"capInsets":[0,0,0,0]}},{"__type__":"cc.SpriteAtlas","_name":"stand_3.plist","_spriteFrames":{"stand_3_sh_ride_shape_3015_sh_stand_3_1":{"__uuid__":"c2oaRMXhpC37M6kvSHS9bC"},"stand_3_sh_ride_shape_3015_sh_stand_3_2":{"__uuid__":"16EVhoUuFBMI6MtPVy5h4w"},"stand_3_sh_ride_shape_3015_sh_stand_3_3":{"__uuid__":"56rDOxCgpHtbtYuKUL2IfC"},"stand_3_sh_ride_shape_3015_sh_stand_3_4":{"__uuid__":"325x/w0kdACrrScKTxKBiM"},"stand_3_sh_ride_shape_3015_sh_stand_3_5":{"__uuid__":"8dQvfha0FMvLhK91T44RPR"},"stand_3_sh_ride_shape_3015_sh_stand_3_6":{"__uuid__":"26nxgYf4ZIYZy3X/l7K3yZ"},"stand_3_sh_ride_shape_3015_sh_stand_3_7":{"__uuid__":"6e2ddmh75KN6V4Yf18Q4ZE"},"stand_3_sh_ride_shape_3015_sh_stand_3_8":{"__uuid__":"cfYTgzEYBK8qqtuJAynI45"}}},{"__type__":"cc.SpriteFrame","content":{"name":"stand_3_sh_ride_shape_3015_sh_stand_3_6","texture":"ffbw23yvdM8rkiJFKnyBXI","rect":[293,345,142,170],"offset":[20,-28],"originalSize":[500,500],"capInsets":[0,0,0,0]}},{"__type__":"cc.SpriteFrame","content":{"name":"stand_3_sh_ride_shape_3015_sh_stand_3_4","texture":"ffbw23yvdM8rkiJFKnyBXI","rect":[149,175,142,170],"offset":[18,-28],"originalSize":[500,500],"capInsets":[0,0,0,0]}},{"__type__":"cc.SpriteFrame","content":{"name":"stand_3_sh_ride_shape_3015_sh_stand_3_3","texture":"ffbw23yvdM8rkiJFKnyBXI","rect":[295,173,144,170],"offset":[19,-28],"originalSize":[500,500],"capInsets":[0,0,0,0]}},{"__type__":"cc.SpriteFrame","content":{"name":"stand_3_sh_ride_shape_3015_sh_stand_3_7","texture":"ffbw23yvdM8rkiJFKnyBXI","rect":[149,1,144,172],"offset":[21,-28],"originalSize":[500,500],"capInsets":[0,0,0,0]}},{"__type__":"cc.SpriteFrame","content":{"name":"stand_3_sh_ride_shape_3015_sh_stand_3_5","texture":"ffbw23yvdM8rkiJFKnyBXI","rect":[149,347,142,170],"offset":[19,-27],"originalSize":[500,500],"capInsets":[0,0,0,0]}},{"__type__":"cc.SpriteFrame","content":{"name":"stand_3_sh_ride_shape_3015_sh_stand_3_1","texture":"ffbw23yvdM8rkiJFKnyBXI","rect":[1,1,146,172],"offset":[20,-29],"originalSize":[500,500],"capInsets":[0,0,0,0]}},{"__type__":"cc.SpriteFrame","content":{"name":"stand_3_sh_ride_shape_3015_sh_stand_3_8","texture":"ffbw23yvdM8rkiJFKnyBXI","rect":[1,175,146,172],"offset":[20,-28],"originalSize":[500,500],"capInsets":[0,0,0,0]}}]