[{"__type__":"cc.SpriteFrame","content":{"name":"run_1_rd1rd2_run_3_rd1rd2_ride_ride_9331_rd2_run_3_8","texture":"e1ZswHgxpCqLnR9UvjnYMx","rect":[183,347,170,136],"offset":[-75,45],"originalSize":[736,736],"capInsets":[0,0,0,0]}},{"__type__":"cc.SpriteFrame","content":{"name":"run_1_rd1rd2_run_3_rd1rd2_ride_ride_9331_rd2_run_3_4","texture":"e1ZswHgxpCqLnR9UvjnYMx","rect":[183,157,144,188],"offset":[-24,4],"originalSize":[736,736],"capInsets":[0,0,0,0]}},{"__type__":"cc.SpriteFrame","content":{"name":"run_1_rd1rd2_run_3_rd1rd2_ride_ride_9331_rd2_run_3_5","texture":"e1ZswHgxpCqLnR9UvjnYMx","rect":[1,1,178,188],"offset":[-11,4],"originalSize":[736,736],"capInsets":[0,0,0,0]}},{"__type__":"cc.SpriteFrame","content":{"name":"run_1_rd1rd2_run_3_rd1rd2_ride_ride_9331_rd2_run_3_2","texture":"e1ZswHgxpCqLnR9UvjnYMx","rect":[355,343,128,170],"offset":[-55,13],"originalSize":[736,736],"capInsets":[0,0,0,0]}},{"__type__":"cc.SpriteFrame","content":{"name":"run_1_rd1rd2_run_3_rd1rd2_ride_ride_9331_rd2_run_3_7","texture":"e1ZswHgxpCqLnR9UvjnYMx","rect":[181,1,194,154],"offset":[-29,36],"originalSize":[736,736],"capInsets":[0,0,0,0]}},{"__type__":"cc.SpriteFrame","content":{"name":"run_1_rd1rd2_run_3_rd1rd2_ride_ride_9331_rd2_run_3_6","texture":"e1ZswHgxpCqLnR9UvjnYMx","rect":[1,191,180,184],"offset":[-10,11],"originalSize":[736,736],"capInsets":[0,0,0,0]}},{"__type__":"cc.SpriteAtlas","_name":"run_3_b.plist","_spriteFrames":{"run_1_rd1rd2_run_3_rd1rd2_ride_ride_9331_rd2_run_3_1":{"__uuid__":"fect4BpfNCOLww6QR2PCpi"},"run_1_rd1rd2_run_3_rd1rd2_ride_ride_9331_rd2_run_3_2":{"__uuid__":"776++4IDxEGJPBDPMuZ7mU"},"run_1_rd1rd2_run_3_rd1rd2_ride_ride_9331_rd2_run_3_3":{"__uuid__":"f0FwnVX4JDdKUIliO+C/wj"},"run_1_rd1rd2_run_3_rd1rd2_ride_ride_9331_rd2_run_3_4":{"__uuid__":"20XKIp0o5PdK72ZK7hC3WS"},"run_1_rd1rd2_run_3_rd1rd2_ride_ride_9331_rd2_run_3_5":{"__uuid__":"5c3Wc+CmxIJ64/sHIe8xB8"},"run_1_rd1rd2_run_3_rd1rd2_ride_ride_9331_rd2_run_3_6":{"__uuid__":"dd0fjQGxVJI45LC9DHFvgT"},"run_1_rd1rd2_run_3_rd1rd2_ride_ride_9331_rd2_run_3_7":{"__uuid__":"9dc0icI69PMbfNRir+so9P"},"run_1_rd1rd2_run_3_rd1rd2_ride_ride_9331_rd2_run_3_8":{"__uuid__":"0ceuReI+xO1ayKpUrPICv8"}}},{"__type__":"cc.SpriteFrame","content":{"name":"run_1_rd1rd2_run_3_rd1rd2_ride_ride_9331_rd2_run_3_3","texture":"e1ZswHgxpCqLnR9UvjnYMx","rect":[377,1,134,180],"offset":[-32,12],"originalSize":[736,736],"capInsets":[0,0,0,0]}},{"__type__":"cc.SpriteFrame","content":{"name":"run_1_rd1rd2_run_3_rd1rd2_ride_ride_9331_rd2_run_3_1","texture":"e1ZswHgxpCqLnR9UvjnYMx","rect":[329,183,130,158],"offset":[-62,27],"originalSize":[736,736],"capInsets":[0,0,0,0]}}]