[{"__type__":"cc.SpriteFrame","content":{"name":"run_13_rd1rd2_ride_ride_9121_rd2_run_3_7","texture":"65MOXoVf1GvrJ5iwmfKxUG","rect":[261,237,248,228],"offset":[-30,49],"originalSize":[420,420],"capInsets":[0,0,0,0]}},{"__type__":"cc.SpriteFrame","content":{"name":"run_13_rd1rd2_ride_ride_9121_rd2_run_3_3","texture":"65MOXoVf1GvrJ5iwmfKxUG","rect":[501,485,254,248],"offset":[-25,38],"originalSize":[420,420],"capInsets":[0,0,0,0]}},{"__type__":"cc.SpriteFrame","content":{"name":"run_13_rd1rd2_ride_ride_9121_rd2_run_3_8","texture":"65MOXoVf1GvrJ5iwmfKxUG","rect":[273,1,262,234],"offset":[-22,45],"originalSize":[420,420],"capInsets":[0,0,0,0]}},{"__type__":"cc.SpriteFrame","content":{"name":"run_13_rd1rd2_ride_ride_9121_rd2_run_3_1","texture":"65MOXoVf1GvrJ5iwmfKxUG","rect":[1,1,270,230],"offset":[-16,47],"originalSize":[420,420],"capInsets":[0,0,0,0]}},{"__type__":"cc.SpriteFrame","content":{"name":"run_13_rd1rd2_ride_ride_9121_rd2_run_3_6","texture":"65MOXoVf1GvrJ5iwmfKxUG","rect":[511,237,246,246],"offset":[-32,39],"originalSize":[420,420],"capInsets":[0,0,0,0]}},{"__type__":"cc.SpriteAtlas","_name":"run_3_b.plist","_spriteFrames":{"run_13_rd1rd2_ride_ride_9121_rd2_run_3_1":{"__uuid__":"54W0vmXodLRoDWwPZysW2W"},"run_13_rd1rd2_ride_ride_9121_rd2_run_3_2":{"__uuid__":"d6JB8G8xtM5o29/qNZXEwU"},"run_13_rd1rd2_ride_ride_9121_rd2_run_3_3":{"__uuid__":"4aagR5i/RKz4I3O+6eFOMs"},"run_13_rd1rd2_ride_ride_9121_rd2_run_3_4":{"__uuid__":"eaplcJllRMP5jJBfYa6hPZ"},"run_13_rd1rd2_ride_ride_9121_rd2_run_3_5":{"__uuid__":"f8cEaPUMJDHbCoprItBkv4"},"run_13_rd1rd2_ride_ride_9121_rd2_run_3_6":{"__uuid__":"57yWELN4lDtYS33UMBGk8A"},"run_13_rd1rd2_ride_ride_9121_rd2_run_3_7":{"__uuid__":"08L2BHojJBQI0Xw8ngJ7OC"},"run_13_rd1rd2_ride_ride_9121_rd2_run_3_8":{"__uuid__":"4fIYvvRY5N5JX94xyo/otq"}}},{"__type__":"cc.SpriteFrame","content":{"name":"run_13_rd1rd2_ride_ride_9121_rd2_run_3_2","texture":"65MOXoVf1GvrJ5iwmfKxUG","rect":[1,233,258,240],"offset":[-22,42],"originalSize":[420,420],"capInsets":[0,0,0,0]}},{"__type__":"cc.SpriteFrame","content":{"name":"run_13_rd1rd2_ride_ride_9121_rd2_run_3_4","texture":"65MOXoVf1GvrJ5iwmfKxUG","rect":[1,475,252,256],"offset":[-29,35],"originalSize":[420,420],"capInsets":[0,0,0,0]}},{"__type__":"cc.SpriteFrame","content":{"name":"run_13_rd1rd2_ride_ride_9121_rd2_run_3_5","texture":"65MOXoVf1GvrJ5iwmfKxUG","rect":[255,475,244,254],"offset":[-32,36],"originalSize":[420,420],"capInsets":[0,0,0,0]}}]