[{"__type__":"cc.SpriteFrame","content":{"name":"run_13_sh_ride_shape_3006_sh_run_1_4","texture":"ceijnv/CNPYqMKNHKi6Sbu","rect":[297,161,92,158],"offset":[-13,-29],"originalSize":[500,500],"capInsets":[0,0,0,0]}},{"__type__":"cc.SpriteAtlas","_name":"run_1.plist","_spriteFrames":{"run_13_sh_ride_shape_3006_sh_run_1_1":{"__uuid__":"d2k2VurQlH/6DXIKmC703A"},"run_13_sh_ride_shape_3006_sh_run_1_2":{"__uuid__":"3eeRA4I4VHPbnPSVspvJwn"},"run_13_sh_ride_shape_3006_sh_run_1_3":{"__uuid__":"59mVvWlMlNvb3/REQkhBJ0"},"run_13_sh_ride_shape_3006_sh_run_1_4":{"__uuid__":"02K1MvLvhODJskbUPh7/oW"},"run_13_sh_ride_shape_3006_sh_run_1_5":{"__uuid__":"68kVo7AZ1P1I+0Q2zjq1cP"},"run_13_sh_ride_shape_3006_sh_run_1_6":{"__uuid__":"4aQOeUvdNCNLJlAnG5PjAc"},"run_13_sh_ride_shape_3006_sh_run_1_7":{"__uuid__":"c5j3gR76tLhqxjTuMaQQ5k"},"run_13_sh_ride_shape_3006_sh_run_1_8":{"__uuid__":"9dasiJMHtOwq5eYWZMDqmu"}}},{"__type__":"cc.SpriteFrame","content":{"name":"run_13_sh_ride_shape_3006_sh_run_1_2","texture":"ceijnv/CNPYqMKNHKi6Sbu","rect":[105,1,94,158],"offset":[-12,-29],"originalSize":[500,500],"capInsets":[0,0,0,0]}},{"__type__":"cc.SpriteFrame","content":{"name":"run_13_sh_ride_shape_3006_sh_run_1_6","texture":"ceijnv/CNPYqMKNHKi6Sbu","rect":[1,161,100,158],"offset":[-13,-30],"originalSize":[500,500],"capInsets":[0,0,0,0]}},{"__type__":"cc.SpriteFrame","content":{"name":"run_13_sh_ride_shape_3006_sh_run_1_3","texture":"ceijnv/CNPYqMKNHKi6Sbu","rect":[201,1,94,158],"offset":[-12,-29],"originalSize":[500,500],"capInsets":[0,0,0,0]}},{"__type__":"cc.SpriteFrame","content":{"name":"run_13_sh_ride_shape_3006_sh_run_1_5","texture":"ceijnv/CNPYqMKNHKi6Sbu","rect":[297,1,94,158],"offset":[-13,-29],"originalSize":[500,500],"capInsets":[0,0,0,0]}},{"__type__":"cc.SpriteFrame","content":{"name":"run_13_sh_ride_shape_3006_sh_run_1_8","texture":"ceijnv/CNPYqMKNHKi6Sbu","rect":[103,161,98,156],"offset":[-15,-30],"originalSize":[500,500],"capInsets":[0,0,0,0]}},{"__type__":"cc.SpriteFrame","content":{"name":"run_13_sh_ride_shape_3006_sh_run_1_7","texture":"ceijnv/CNPYqMKNHKi6Sbu","rect":[1,1,102,158],"offset":[-13,-30],"originalSize":[500,500],"capInsets":[0,0,0,0]}},{"__type__":"cc.SpriteFrame","content":{"name":"run_13_sh_ride_shape_3006_sh_run_1_1","texture":"ceijnv/CNPYqMKNHKi6Sbu","rect":[203,161,92,158],"offset":[-15,-29],"originalSize":[500,500],"capInsets":[0,0,0,0]}}]