[{"__type__":"cc.SpriteFrame","content":{"name":"stand_1_rd2_ride_ride_9311_rd2_stand_1_2","texture":"46XBPqySpArZT167LWI0L3","rect":[2,152,134,148],"offset":[-44,23],"originalSize":[500,500],"capInsets":[0,0,0,0]}},{"__type__":"cc.SpriteFrame","content":{"name":"stand_1_rd2_ride_ride_9311_rd2_stand_1_8","texture":"46XBPqySpArZT167LWI0L3","rect":[138,288,134,148],"offset":[-44,24],"originalSize":[500,500],"capInsets":[0,0,0,0]}},{"__type__":"cc.SpriteFrame","content":{"name":"stand_1_rd2_ride_ride_9311_rd2_stand_1_3","texture":"46XBPqySpArZT167LWI0L3","rect":[2,302,134,148],"offset":[-44,24],"originalSize":[500,500],"capInsets":[0,0,0,0]}},{"__type__":"cc.SpriteFrame","content":{"name":"stand_1_rd2_ride_ride_9311_rd2_stand_1_4","texture":"46XBPqySpArZT167LWI0L3","rect":[138,2,134,148],"offset":[-43,24],"originalSize":[500,500],"rotated":1,"capInsets":[0,0,0,0]}},{"__type__":"cc.SpriteFrame","content":{"name":"stand_1_rd2_ride_ride_9311_rd2_stand_1_1","texture":"46XBPqySpArZT167LWI0L3","rect":[2,2,134,148],"offset":[-44,23],"originalSize":[500,500],"capInsets":[0,0,0,0]}},{"__type__":"cc.SpriteFrame","content":{"name":"stand_1_rd2_ride_ride_9311_rd2_stand_1_7","texture":"46XBPqySpArZT167LWI0L3","rect":[138,138,134,148],"offset":[-43,24],"originalSize":[500,500],"capInsets":[0,0,0,0]}},{"__type__":"cc.SpriteFrame","content":{"name":"stand_1_rd2_ride_ride_9311_rd2_stand_1_5","texture":"46XBPqySpArZT167LWI0L3","rect":[274,138,132,146],"offset":[-43,24],"originalSize":[500,500],"rotated":1,"capInsets":[0,0,0,0]}},{"__type__":"cc.SpriteAtlas","_name":"stand_1_b.plist","_spriteFrames":{"stand_1_rd2_ride_ride_9311_rd2_stand_1_1":{"__uuid__":"71hhh5EHdOibZyiH51VKW4"},"stand_1_rd2_ride_ride_9311_rd2_stand_1_2":{"__uuid__":"14XN/8luVH9rEiAxcztOpn"},"stand_1_rd2_ride_ride_9311_rd2_stand_1_3":{"__uuid__":"318f3JkDxPO77rDlO+60jN"},"stand_1_rd2_ride_ride_9311_rd2_stand_1_4":{"__uuid__":"48Dgb5MdZJNLFkcgZ4Ztme"},"stand_1_rd2_ride_ride_9311_rd2_stand_1_5":{"__uuid__":"b7iCs/VgJKZLNjokH2M6FP"},"stand_1_rd2_ride_ride_9311_rd2_stand_1_6":{"__uuid__":"fecf43VyhCr4Amr9cSRmmo"},"stand_1_rd2_ride_ride_9311_rd2_stand_1_7":{"__uuid__":"7fCIT5uVlFkZXb4XKegIau"},"stand_1_rd2_ride_ride_9311_rd2_stand_1_8":{"__uuid__":"2diOOmtDBOVajqFqtl2GX+"}}},{"__type__":"cc.SpriteFrame","content":{"name":"stand_1_rd2_ride_ride_9311_rd2_stand_1_6","texture":"46XBPqySpArZT167LWI0L3","rect":[288,2,134,148],"offset":[-43,24],"originalSize":[500,500],"rotated":1,"capInsets":[0,0,0,0]}}]