[{"__type__":"cc.SpriteFrame","content":{"name":"run_13_sh_ride_shape_1001_sh_run_1_7","texture":"6e/xem88FPNryOH4FuTcZH","rect":[237,157,76,154],"offset":[-6,-34],"originalSize":[500,500],"capInsets":[0,0,0,0]}},{"__type__":"cc.SpriteFrame","content":{"name":"run_13_sh_ride_shape_1001_sh_run_1_6","texture":"6e/xem88FPNryOH4FuTcZH","rect":[161,1,76,154],"offset":[-6,-33],"originalSize":[500,500],"capInsets":[0,0,0,0]}},{"__type__":"cc.SpriteFrame","content":{"name":"run_13_sh_ride_shape_1001_sh_run_1_8","texture":"6e/xem88FPNryOH4FuTcZH","rect":[239,1,74,154],"offset":[-6,-35],"originalSize":[500,500],"capInsets":[0,0,0,0]}},{"__type__":"cc.SpriteFrame","content":{"name":"run_13_sh_ride_shape_1001_sh_run_1_3","texture":"6e/xem88FPNryOH4FuTcZH","rect":[1,157,78,154],"offset":[-8,-35],"originalSize":[500,500],"capInsets":[0,0,0,0]}},{"__type__":"cc.SpriteFrame","content":{"name":"run_13_sh_ride_shape_1001_sh_run_1_1","texture":"6e/xem88FPNryOH4FuTcZH","rect":[81,157,76,154],"offset":[-8,-36],"originalSize":[500,500],"capInsets":[0,0,0,0]}},{"__type__":"cc.SpriteFrame","content":{"name":"run_13_sh_ride_shape_1001_sh_run_1_2","texture":"6e/xem88FPNryOH4FuTcZH","rect":[1,1,80,154],"offset":[-9,-36],"originalSize":[500,500],"capInsets":[0,0,0,0]}},{"__type__":"cc.SpriteFrame","content":{"name":"run_13_sh_ride_shape_1001_sh_run_1_5","texture":"6e/xem88FPNryOH4FuTcZH","rect":[159,157,76,154],"offset":[-6,-34],"originalSize":[500,500],"capInsets":[0,0,0,0]}},{"__type__":"cc.SpriteAtlas","_name":"run_1.plist","_spriteFrames":{"run_13_sh_ride_shape_1001_sh_run_1_1":{"__uuid__":"89//8zFdtLxpHUAUJ4b3y8"},"run_13_sh_ride_shape_1001_sh_run_1_2":{"__uuid__":"901b8t3uVHi5xRtAOKplGI"},"run_13_sh_ride_shape_1001_sh_run_1_3":{"__uuid__":"78tYBj+sBBIKuPe8zVBG4A"},"run_13_sh_ride_shape_1001_sh_run_1_4":{"__uuid__":"e7b1owc0VCjoOnMtIHd/0k"},"run_13_sh_ride_shape_1001_sh_run_1_5":{"__uuid__":"b6/EoF/MRDkZrlFTMbaSDF"},"run_13_sh_ride_shape_1001_sh_run_1_6":{"__uuid__":"50tnUbLS9PzogPhSymtWEr"},"run_13_sh_ride_shape_1001_sh_run_1_7":{"__uuid__":"21FeN+RihC/rFrPiPjufi1"},"run_13_sh_ride_shape_1001_sh_run_1_8":{"__uuid__":"76Kls4mOxHOKINouMO2vEs"}}},{"__type__":"cc.SpriteFrame","content":{"name":"run_13_sh_ride_shape_1001_sh_run_1_4","texture":"6e/xem88FPNryOH4FuTcZH","rect":[83,1,76,154],"offset":[-7,-34],"originalSize":[500,500],"capInsets":[0,0,0,0]}}]