[{"__type__":"cc.SpriteFrame","content":{"name":"stand_1_rd1rd2_ride_ride_9431_rd2_stand_1_2","texture":"deCDAETWhD/4i7hKd5MdhX","rect":[235,175,214,172],"offset":[-72,51],"originalSize":[500,500],"capInsets":[0,0,0,0]}},{"__type__":"cc.SpriteFrame","content":{"name":"stand_1_rd1rd2_ride_ride_9431_rd2_stand_1_3","texture":"deCDAETWhD/4i7hKd5MdhX","rect":[243,1,228,172],"offset":[-80,51],"originalSize":[500,500],"capInsets":[0,0,0,0]}},{"__type__":"cc.SpriteFrame","content":{"name":"stand_1_rd1rd2_ride_ride_9431_rd2_stand_1_5","texture":"deCDAETWhD/4i7hKd5MdhX","rect":[451,175,198,170],"offset":[-66,50],"originalSize":[500,500],"capInsets":[0,0,0,0]}},{"__type__":"cc.SpriteFrame","content":{"name":"stand_1_rd1rd2_ride_ride_9431_rd2_stand_1_8","texture":"deCDAETWhD/4i7hKd5MdhX","rect":[1,175,232,170],"offset":[-80,50],"originalSize":[500,500],"capInsets":[0,0,0,0]}},{"__type__":"cc.SpriteFrame","content":{"name":"stand_1_rd1rd2_ride_ride_9431_rd2_stand_1_6","texture":"deCDAETWhD/4i7hKd5MdhX","rect":[225,349,210,170],"offset":[-70,50],"originalSize":[500,500],"capInsets":[0,0,0,0]}},{"__type__":"cc.SpriteAtlas","_name":"stand_1_b.plist","_spriteFrames":{"stand_1_rd1rd2_ride_ride_9431_rd2_stand_1_1":{"__uuid__":"b2EEXR0dZORo3ygop4q9DO"},"stand_1_rd1rd2_ride_ride_9431_rd2_stand_1_2":{"__uuid__":"0943zIhElAT7ILvGc3aPQH"},"stand_1_rd1rd2_ride_ride_9431_rd2_stand_1_3":{"__uuid__":"22W7uN/2FDLLaU4PGWlSCa"},"stand_1_rd1rd2_ride_ride_9431_rd2_stand_1_4":{"__uuid__":"c1AEJwzwxJ/oZDmgaW4efY"},"stand_1_rd1rd2_ride_ride_9431_rd2_stand_1_5":{"__uuid__":"49LamvKkhFwqavO1TPB1YK"},"stand_1_rd1rd2_ride_ride_9431_rd2_stand_1_6":{"__uuid__":"a6YlmT/SJPYKUEeaN+weUy"},"stand_1_rd1rd2_ride_ride_9431_rd2_stand_1_7":{"__uuid__":"b3G0n2QCFB9o0v43QyqDFw"},"stand_1_rd1rd2_ride_ride_9431_rd2_stand_1_8":{"__uuid__":"526su1XJZMKLjFe6ks2Hwr"}}},{"__type__":"cc.SpriteFrame","content":{"name":"stand_1_rd1rd2_ride_ride_9431_rd2_stand_1_1","texture":"deCDAETWhD/4i7hKd5MdhX","rect":[437,349,204,172],"offset":[-66,51],"originalSize":[500,500],"capInsets":[0,0,0,0]}},{"__type__":"cc.SpriteFrame","content":{"name":"stand_1_rd1rd2_ride_ride_9431_rd2_stand_1_7","texture":"deCDAETWhD/4i7hKd5MdhX","rect":[1,347,222,170],"offset":[-75,50],"originalSize":[500,500],"capInsets":[0,0,0,0]}},{"__type__":"cc.SpriteFrame","content":{"name":"stand_1_rd1rd2_ride_ride_9431_rd2_stand_1_4","texture":"deCDAETWhD/4i7hKd5MdhX","rect":[1,1,240,172],"offset":[-87,51],"originalSize":[500,500],"capInsets":[0,0,0,0]}}]