[{"__type__":"cc.SpriteAtlas","_name":"stand_3.plist","_spriteFrames":{"stand_13_sh_ride_shape_1002_sh_stand_3_1":{"__uuid__":"477RJMRclBrqV98amw2TBi"},"stand_13_sh_ride_shape_1002_sh_stand_3_2":{"__uuid__":"3c7G8972dFrKVgzMX+X05m"},"stand_13_sh_ride_shape_1002_sh_stand_3_3":{"__uuid__":"716VUqujBJGJEZXYkX2Qg0"},"stand_13_sh_ride_shape_1002_sh_stand_3_4":{"__uuid__":"0eOxgpIhNPC5Osnu98kzCl"},"stand_13_sh_ride_shape_1002_sh_stand_3_5":{"__uuid__":"0ehP3PWONFF4n45mGPEm0/"},"stand_13_sh_ride_shape_1002_sh_stand_3_6":{"__uuid__":"8blcWkY7lHE41UlYr+xE0V"},"stand_13_sh_ride_shape_1002_sh_stand_3_7":{"__uuid__":"6b3yILxvtP9b13TH27Sj+J"},"stand_13_sh_ride_shape_1002_sh_stand_3_8":{"__uuid__":"89WdPGsCNO+LLi9ecpD+z2"}}},{"__type__":"cc.SpriteFrame","content":{"name":"stand_13_sh_ride_shape_1002_sh_stand_3_4","texture":"9cH0H44jpNbqpOC6SR89P2","rect":[213,1,102,136],"offset":[-1,-32],"originalSize":[480,480],"capInsets":[0,0,0,0]}},{"__type__":"cc.SpriteFrame","content":{"name":"stand_13_sh_ride_shape_1002_sh_stand_3_5","texture":"9cH0H44jpNbqpOC6SR89P2","rect":[1,139,104,136],"offset":[0,-33],"originalSize":[480,480],"capInsets":[0,0,0,0]}},{"__type__":"cc.SpriteFrame","content":{"name":"stand_13_sh_ride_shape_1002_sh_stand_3_2","texture":"9cH0H44jpNbqpOC6SR89P2","rect":[107,139,104,134],"offset":[-2,-32],"originalSize":[480,480],"capInsets":[0,0,0,0]}},{"__type__":"cc.SpriteFrame","content":{"name":"stand_13_sh_ride_shape_1002_sh_stand_3_1","texture":"9cH0H44jpNbqpOC6SR89P2","rect":[213,139,106,130],"offset":[-1,-31],"originalSize":[480,480],"capInsets":[0,0,0,0]}},{"__type__":"cc.SpriteFrame","content":{"name":"stand_13_sh_ride_shape_1002_sh_stand_3_7","texture":"9cH0H44jpNbqpOC6SR89P2","rect":[215,271,106,130],"offset":[1,-30],"originalSize":[480,480],"capInsets":[0,0,0,0]}},{"__type__":"cc.SpriteFrame","content":{"name":"stand_13_sh_ride_shape_1002_sh_stand_3_3","texture":"9cH0H44jpNbqpOC6SR89P2","rect":[109,1,102,136],"offset":[-2,-32],"originalSize":[480,480],"capInsets":[0,0,0,0]}},{"__type__":"cc.SpriteFrame","content":{"name":"stand_13_sh_ride_shape_1002_sh_stand_3_8","texture":"9cH0H44jpNbqpOC6SR89P2","rect":[107,275,106,128],"offset":[0,-29],"originalSize":[480,480],"capInsets":[0,0,0,0]}},{"__type__":"cc.SpriteFrame","content":{"name":"stand_13_sh_ride_shape_1002_sh_stand_3_6","texture":"9cH0H44jpNbqpOC6SR89P2","rect":[1,1,106,136],"offset":[0,-32],"originalSize":[480,480],"capInsets":[0,0,0,0]}}]