[{"__type__":"cc.SpriteFrame","content":{"name":"stand_8_part2_wing_5001_stand_8_part2_0009","texture":"f6aChLgKBPZo04hqMvK6U/","rect":[2,104,46,98],"offset":[-48,68],"originalSize":[500,500],"capInsets":[0,0,0,0]}},{"__type__":"cc.SpriteFrame","content":{"name":"stand_8_part2_wing_5001_stand_8_part2_0002","texture":"f6aChLgKBPZo04hqMvK6U/","rect":[148,2,38,88],"offset":[-45,75],"originalSize":[500,500],"capInsets":[0,0,0,0]}},{"__type__":"cc.SpriteFrame","content":{"name":"stand_8_part2_wing_5001_stand_8_part2_0010","texture":"f6aChLgKBPZo04hqMvK6U/","rect":[2,2,44,100],"offset":[-47,66],"originalSize":[500,500],"capInsets":[0,0,0,0]}},{"__type__":"cc.SpriteFrame","content":{"name":"stand_8_part2_wing_5001_stand_8_part2_0006","texture":"f6aChLgKBPZo04hqMvK6U/","rect":[2,204,50,92],"offset":[-51,73],"originalSize":[500,500],"rotated":1,"capInsets":[0,0,0,0]}},{"__type__":"cc.SpriteFrame","content":{"name":"stand_8_part2_wing_5001_stand_8_part2_0004","texture":"f6aChLgKBPZo04hqMvK6U/","rect":[96,196,48,86],"offset":[-50,74],"originalSize":[500,500],"rotated":1,"capInsets":[0,0,0,0]}},{"__type__":"cc.SpriteFrame","content":{"name":"stand_8_part2_wing_5001_stand_8_part2_0003","texture":"f6aChLgKBPZo04hqMvK6U/","rect":[134,94,44,88],"offset":[-48,76],"originalSize":[500,500],"capInsets":[0,0,0,0]}},{"__type__":"cc.SpriteFrame","content":{"name":"stand_8_part2_wing_5001_stand_8_part2_0007","texture":"f6aChLgKBPZo04hqMvK6U/","rect":[50,100,48,94],"offset":[-50,71],"originalSize":[500,500],"capInsets":[0,0,0,0]}},{"__type__":"cc.SpriteFrame","content":{"name":"stand_8_part2_wing_5001_stand_8_part2_0011","texture":"f6aChLgKBPZo04hqMvK6U/","rect":[188,2,42,82],"offset":[-46,75],"originalSize":[500,500],"capInsets":[0,0,0,0]}},{"__type__":"cc.SpriteAtlas","_name":"stand_8_part2.plist","_spriteFrames":{"stand_8_part2_wing_5001_stand_8_part2_0001":{"__uuid__":"eaTAMtlfZFPbcl0cXTweas"},"stand_8_part2_wing_5001_stand_8_part2_0002":{"__uuid__":"18/SBG2/ZFQ5TutvoTW6bK"},"stand_8_part2_wing_5001_stand_8_part2_0003":{"__uuid__":"59GX7GJGtMI6VoeelKCuHV"},"stand_8_part2_wing_5001_stand_8_part2_0004":{"__uuid__":"4fpMTqXZxIb4r1g+60zHTq"},"stand_8_part2_wing_5001_stand_8_part2_0005":{"__uuid__":"c4mt0qhNdKFI9i6TfGomEB"},"stand_8_part2_wing_5001_stand_8_part2_0006":{"__uuid__":"49IY58dttHkoGrse87pzsi"},"stand_8_part2_wing_5001_stand_8_part2_0007":{"__uuid__":"77+y0S9KNFm7qrI6TBRCIl"},"stand_8_part2_wing_5001_stand_8_part2_0008":{"__uuid__":"b9iXohLb1KuZ6MfKrVVUNS"},"stand_8_part2_wing_5001_stand_8_part2_0009":{"__uuid__":"0cX4TfXOFGvIUh59lP3SC+"},"stand_8_part2_wing_5001_stand_8_part2_0010":{"__uuid__":"28tgBsoF1MnpwF8ev221Ko"},"stand_8_part2_wing_5001_stand_8_part2_0011":{"__uuid__":"a3DCd4pkZC0LXq0jBlRhQh"},"stand_8_part2_wing_5001_stand_8_part2_0012":{"__uuid__":"feb9JOphRAQbM2aY/FXAoI"}}},{"__type__":"cc.SpriteFrame","content":{"name":"stand_8_part2_wing_5001_stand_8_part2_0008","texture":"f6aChLgKBPZo04hqMvK6U/","rect":[48,2,48,96],"offset":[-49,71],"originalSize":[500,500],"capInsets":[0,0,0,0]}},{"__type__":"cc.SpriteFrame","content":{"name":"stand_8_part2_wing_5001_stand_8_part2_0005","texture":"f6aChLgKBPZo04hqMvK6U/","rect":[98,2,48,90],"offset":[-50,74],"originalSize":[500,500],"capInsets":[0,0,0,0]}},{"__type__":"cc.SpriteFrame","content":{"name":"stand_8_part2_wing_5001_stand_8_part2_0001","texture":"f6aChLgKBPZo04hqMvK6U/","rect":[100,94,32,90],"offset":[-42,75],"originalSize":[500,500],"capInsets":[0,0,0,0]}},{"__type__":"cc.SpriteFrame","content":{"name":"stand_8_part2_wing_5001_stand_8_part2_0012","texture":"f6aChLgKBPZo04hqMvK6U/","rect":[180,92,40,86],"offset":[-46,76],"originalSize":[500,500],"capInsets":[0,0,0,0]}}]