[{"__type__":"cc.SpriteFrame","content":{"name":"stand_13_sh_ride_shape_3035_sh_stand_3_0008","texture":"a7aMYFBEVLL6IC9nWQSSBC","rect":[169,171,82,168],"offset":[-5,30],"originalSize":[430,430],"capInsets":[0,0,0,0]}},{"__type__":"cc.SpriteFrame","content":{"name":"stand_13_sh_ride_shape_3035_sh_stand_3_0002","texture":"a7aMYFBEVLL6IC9nWQSSBC","rect":[85,171,82,168],"offset":[-5,29],"originalSize":[430,430],"capInsets":[0,0,0,0]}},{"__type__":"cc.SpriteFrame","content":{"name":"stand_13_sh_ride_shape_3035_sh_stand_3_0001","texture":"a7aMYFBEVLL6IC9nWQSSBC","rect":[1,171,82,168],"offset":[-5,29],"originalSize":[430,430],"capInsets":[0,0,0,0]}},{"__type__":"cc.SpriteFrame","content":{"name":"stand_13_sh_ride_shape_3035_sh_stand_3_0004","texture":"a7aMYFBEVLL6IC9nWQSSBC","rect":[1,1,84,168],"offset":[-6,30],"originalSize":[430,430],"capInsets":[0,0,0,0]}},{"__type__":"cc.SpriteFrame","content":{"name":"stand_13_sh_ride_shape_3035_sh_stand_3_0007","texture":"a7aMYFBEVLL6IC9nWQSSBC","rect":[257,1,82,166],"offset":[-6,30],"originalSize":[430,430],"capInsets":[0,0,0,0]}},{"__type__":"cc.SpriteFrame","content":{"name":"stand_13_sh_ride_shape_3035_sh_stand_3_0003","texture":"a7aMYFBEVLL6IC9nWQSSBC","rect":[87,1,82,168],"offset":[-5,29],"originalSize":[430,430],"capInsets":[0,0,0,0]}},{"__type__":"cc.SpriteAtlas","_name":"stand_3.plist","_spriteFrames":{"stand_13_sh_ride_shape_3035_sh_stand_3_0001":{"__uuid__":"2bpuQqMyNIEq/QXjH5nQjA"},"stand_13_sh_ride_shape_3035_sh_stand_3_0002":{"__uuid__":"1foz3mCPxHdqB1Xi2zZcdg"},"stand_13_sh_ride_shape_3035_sh_stand_3_0003":{"__uuid__":"69rpZt4lJKIovTubzpZgdJ"},"stand_13_sh_ride_shape_3035_sh_stand_3_0004":{"__uuid__":"34e+VyKHZBe4nqu5I6juFK"},"stand_13_sh_ride_shape_3035_sh_stand_3_0005":{"__uuid__":"db8bajp1VIqLjlAderJL8Q"},"stand_13_sh_ride_shape_3035_sh_stand_3_0006":{"__uuid__":"c2c1yMUXpBG4UnOpcao7Oi"},"stand_13_sh_ride_shape_3035_sh_stand_3_0007":{"__uuid__":"5bC31yh9lHkp7ANNDTAVKx"},"stand_13_sh_ride_shape_3035_sh_stand_3_0008":{"__uuid__":"18aqgKMYBMbLulHWC93mLJ"}}},{"__type__":"cc.SpriteFrame","content":{"name":"stand_13_sh_ride_shape_3035_sh_stand_3_0006","texture":"a7aMYFBEVLL6IC9nWQSSBC","rect":[253,169,84,166],"offset":[-7,30],"originalSize":[430,430],"capInsets":[0,0,0,0]}},{"__type__":"cc.SpriteFrame","content":{"name":"stand_13_sh_ride_shape_3035_sh_stand_3_0005","texture":"a7aMYFBEVLL6IC9nWQSSBC","rect":[171,1,84,166],"offset":[-7,30],"originalSize":[430,430],"capInsets":[0,0,0,0]}}]