[{"__type__":"cc.SpriteFrame","content":{"name":"standrun_3_rd1rd2_ride_ride_9421_rd1_run_3_5","texture":"7eFlu+k2VK84hbomt5r1BA","rect":[154,1,183,148],"offset":[75,-22],"originalSize":[721,630],"capInsets":[0,0,0,0]}},{"__type__":"cc.SpriteFrame","content":{"name":"standrun_3_rd1rd2_ride_ride_9421_rd1_run_3_4","texture":"7eFlu+k2VK84hbomt5r1BA","rect":[192,329,191,170],"offset":[74,-31],"originalSize":[721,630],"capInsets":[0,0,0,0]}},{"__type__":"cc.SpriteFrame","content":{"name":"standrun_3_rd1rd2_ride_ride_9421_rd1_run_3_1","texture":"7eFlu+k2VK84hbomt5r1BA","rect":[1,151,167,150],"offset":[86,-25],"originalSize":[721,630],"capInsets":[0,0,0,0]}},{"__type__":"cc.SpriteFrame","content":{"name":"standrun_3_rd1rd2_ride_ride_9421_rd1_run_3_7","texture":"7eFlu+k2VK84hbomt5r1BA","rect":[339,1,151,154],"offset":[83,-21],"originalSize":[721,630],"capInsets":[0,0,0,0]}},{"__type__":"cc.SpriteFrame","content":{"name":"standrun_3_rd1rd2_ride_ride_9421_rd1_run_3_8","texture":"7eFlu+k2VK84hbomt5r1BA","rect":[345,157,157,170],"offset":[83,-30],"originalSize":[721,630],"capInsets":[0,0,0,0]}},{"__type__":"cc.SpriteFrame","content":{"name":"standrun_3_rd1rd2_ride_ride_9421_rd1_run_3_3","texture":"7eFlu+k2VK84hbomt5r1BA","rect":[1,313,189,164],"offset":[74,-30],"originalSize":[721,630],"capInsets":[0,0,0,0]}},{"__type__":"cc.SpriteAtlas","_name":"run_3_f.plist","_spriteFrames":{"standrun_3_rd1rd2_ride_ride_9421_rd1_run_3_1":{"__uuid__":"23CCigE/dO5rk9PboQOjC/"},"standrun_3_rd1rd2_ride_ride_9421_rd1_run_3_2":{"__uuid__":"f2UfZpB6pHVr5FelCNEU+2"},"standrun_3_rd1rd2_ride_ride_9421_rd1_run_3_3":{"__uuid__":"98upGwPdlOWaskNLwTXH/W"},"standrun_3_rd1rd2_ride_ride_9421_rd1_run_3_4":{"__uuid__":"1dRtHtknRKUYbM44gxHTCd"},"standrun_3_rd1rd2_ride_ride_9421_rd1_run_3_5":{"__uuid__":"10l9O8wp9CmqHH++aakTmx"},"standrun_3_rd1rd2_ride_ride_9421_rd1_run_3_6":{"__uuid__":"f4Dk1EIDhHZaRfW4iy8umU"},"standrun_3_rd1rd2_ride_ride_9421_rd1_run_3_7":{"__uuid__":"48p6GRS1JO4ILwDxceTark"},"standrun_3_rd1rd2_ride_ride_9421_rd1_run_3_8":{"__uuid__":"4bbV5G0+RIsrG32aoPZS/R"}}},{"__type__":"cc.SpriteFrame","content":{"name":"standrun_3_rd1rd2_ride_ride_9421_rd1_run_3_2","texture":"7eFlu+k2VK84hbomt5r1BA","rect":[170,157,173,154],"offset":[83,-29],"originalSize":[721,630],"capInsets":[0,0,0,0]}},{"__type__":"cc.SpriteFrame","content":{"name":"standrun_3_rd1rd2_ride_ride_9421_rd1_run_3_6","texture":"7eFlu+k2VK84hbomt5r1BA","rect":[1,1,151,138],"offset":[82,-19],"originalSize":[721,630],"capInsets":[0,0,0,0]}}]