[{"__type__":"cc.SpriteAtlas","_name":"run_3.plist","_spriteFrames":{"run_13_sh_ride_shape_3036_sh_run_3_0001":{"__uuid__":"92Po+xsVNDLrox89p/d2vQ"},"run_13_sh_ride_shape_3036_sh_run_3_0002":{"__uuid__":"dd0rPtdSpNEpMF58EitEiM"},"run_13_sh_ride_shape_3036_sh_run_3_0003":{"__uuid__":"e8Wn/y8SpCU6QPFvSLaJL5"},"run_13_sh_ride_shape_3036_sh_run_3_0004":{"__uuid__":"b4QYrUIohODIfL08oBBuL+"},"run_13_sh_ride_shape_3036_sh_run_3_0005":{"__uuid__":"91v341SZ9N6rxA9juYxO2J"},"run_13_sh_ride_shape_3036_sh_run_3_0006":{"__uuid__":"8fc/McIV9P5aEkGEBkbKwR"},"run_13_sh_ride_shape_3036_sh_run_3_0007":{"__uuid__":"4b1jfNxjtM0KnmON6jxGrz"},"run_13_sh_ride_shape_3036_sh_run_3_0008":{"__uuid__":"37M5yHyctNo5f6yzD+iXf9"}}},{"__type__":"cc.SpriteFrame","content":{"name":"run_13_sh_ride_shape_3036_sh_run_3_0008","texture":"164ltUclNCrKmOqOazbEhg","rect":[223,141,108,136],"offset":[-15,22],"originalSize":[400,400],"capInsets":[0,0,0,0]}},{"__type__":"cc.SpriteFrame","content":{"name":"run_13_sh_ride_shape_3036_sh_run_3_0007","texture":"164ltUclNCrKmOqOazbEhg","rect":[1,1,110,142],"offset":[-15,20],"originalSize":[400,400],"capInsets":[0,0,0,0]}},{"__type__":"cc.SpriteFrame","content":{"name":"run_13_sh_ride_shape_3036_sh_run_3_0006","texture":"164ltUclNCrKmOqOazbEhg","rect":[113,1,108,142],"offset":[-15,20],"originalSize":[400,400],"capInsets":[0,0,0,0]}},{"__type__":"cc.SpriteFrame","content":{"name":"run_13_sh_ride_shape_3036_sh_run_3_0005","texture":"164ltUclNCrKmOqOazbEhg","rect":[223,1,104,138],"offset":[-13,21],"originalSize":[400,400],"capInsets":[0,0,0,0]}},{"__type__":"cc.SpriteFrame","content":{"name":"run_13_sh_ride_shape_3036_sh_run_3_0001","texture":"164ltUclNCrKmOqOazbEhg","rect":[207,279,104,132],"offset":[-13,24],"originalSize":[400,400],"capInsets":[0,0,0,0]}},{"__type__":"cc.SpriteFrame","content":{"name":"run_13_sh_ride_shape_3036_sh_run_3_0004","texture":"164ltUclNCrKmOqOazbEhg","rect":[313,279,100,134],"offset":[-12,24],"originalSize":[400,400],"capInsets":[0,0,0,0]}},{"__type__":"cc.SpriteFrame","content":{"name":"run_13_sh_ride_shape_3036_sh_run_3_0002","texture":"164ltUclNCrKmOqOazbEhg","rect":[1,145,102,134],"offset":[-13,25],"originalSize":[400,400],"capInsets":[0,0,0,0]}},{"__type__":"cc.SpriteFrame","content":{"name":"run_13_sh_ride_shape_3036_sh_run_3_0003","texture":"164ltUclNCrKmOqOazbEhg","rect":[105,145,100,134],"offset":[-12,25],"originalSize":[400,400],"capInsets":[0,0,0,0]}}]