[{"__type__":"cc.SpriteFrame","content":{"name":"stand_1_part2_wing_5014_stand_1_part2_0001","texture":"eeYL8zxxBOKosXcCyT8CzA","rect":[2,262,84,126],"offset":[13,100],"originalSize":[500,500],"rotated":1,"capInsets":[0,0,0,0]}},{"__type__":"cc.SpriteFrame","content":{"name":"stand_1_part2_wing_5014_stand_1_part2_0002","texture":"eeYL8zxxBOKosXcCyT8CzA","rect":[2,2,88,128],"offset":[15,100],"originalSize":[500,500],"rotated":1,"capInsets":[0,0,0,0]}},{"__type__":"cc.SpriteAtlas","_name":"stand_1_part2.plist","_spriteFrames":{"stand_1_part2_wing_5014_stand_1_part2_0001":{"__uuid__":"0b9RK+lTZPP4K/smANetUV"},"stand_1_part2_wing_5014_stand_1_part2_0002":{"__uuid__":"25bIq7WRRNHrzedb5t0cBn"},"stand_1_part2_wing_5014_stand_1_part2_0003":{"__uuid__":"534trWIg1DSLaLd25/4Qxp"},"stand_1_part2_wing_5014_stand_1_part2_0004":{"__uuid__":"f90xZDxCRKlrtaHNf8dCJ2"},"stand_1_part2_wing_5014_stand_1_part2_0005":{"__uuid__":"81OQRaVeNLHq9nZvB14QHj"},"stand_1_part2_wing_5014_stand_1_part2_0006":{"__uuid__":"e3QMAN0vND9ZV92/SGj3X6"},"stand_1_part2_wing_5014_stand_1_part2_0007":{"__uuid__":"ccnmLNE9JDXaZtNWxQKJo/"},"stand_1_part2_wing_5014_stand_1_part2_0008":{"__uuid__":"d0AR4i+ddJvqRfTint725v"},"stand_1_part2_wing_5014_stand_1_part2_0009":{"__uuid__":"ad2E2g44NMh79RfXxunNIr"},"stand_1_part2_wing_5014_stand_1_part2_0010":{"__uuid__":"5aQA2io5pGta6levzw1sf/"},"stand_1_part2_wing_5014_stand_1_part2_0011":{"__uuid__":"70cCxrR6FCs6xn7+papEq/"},"stand_1_part2_wing_5014_stand_1_part2_0012":{"__uuid__":"90rxLQtN9AH7r+p7m9L+KR"}}},{"__type__":"cc.SpriteFrame","content":{"name":"stand_1_part2_wing_5014_stand_1_part2_0003","texture":"eeYL8zxxBOKosXcCyT8CzA","rect":[2,92,88,128],"offset":[15,101],"originalSize":[500,500],"rotated":1,"capInsets":[0,0,0,0]}},{"__type__":"cc.SpriteFrame","content":{"name":"stand_1_part2_wing_5014_stand_1_part2_0010","texture":"eeYL8zxxBOKosXcCyT8CzA","rect":[132,90,76,122],"offset":[10,97],"originalSize":[500,500],"rotated":1,"capInsets":[0,0,0,0]}},{"__type__":"cc.SpriteFrame","content":{"name":"stand_1_part2_wing_5014_stand_1_part2_0011","texture":"eeYL8zxxBOKosXcCyT8CzA","rect":[2,182,78,128],"offset":[11,99],"originalSize":[500,500],"rotated":1,"capInsets":[0,0,0,0]}},{"__type__":"cc.SpriteFrame","content":{"name":"stand_1_part2_wing_5014_stand_1_part2_0005","texture":"eeYL8zxxBOKosXcCyT8CzA","rect":[132,168,90,120],"offset":[16,99],"originalSize":[500,500],"rotated":1,"capInsets":[0,0,0,0]}},{"__type__":"cc.SpriteFrame","content":{"name":"stand_1_part2_wing_5014_stand_1_part2_0012","texture":"eeYL8zxxBOKosXcCyT8CzA","rect":[2,348,76,126],"offset":[9,99],"originalSize":[500,500],"rotated":1,"capInsets":[0,0,0,0]}},{"__type__":"cc.SpriteFrame","content":{"name":"stand_1_part2_wing_5014_stand_1_part2_0009","texture":"eeYL8zxxBOKosXcCyT8CzA","rect":[130,338,76,124],"offset":[10,96],"originalSize":[500,500],"rotated":1,"capInsets":[0,0,0,0]}},{"__type__":"cc.SpriteFrame","content":{"name":"stand_1_part2_wing_5014_stand_1_part2_0007","texture":"eeYL8zxxBOKosXcCyT8CzA","rect":[130,416,74,118],"offset":[9,96],"originalSize":[500,500],"rotated":1,"capInsets":[0,0,0,0]}},{"__type__":"cc.SpriteFrame","content":{"name":"stand_1_part2_wing_5014_stand_1_part2_0008","texture":"eeYL8zxxBOKosXcCyT8CzA","rect":[132,260,76,120],"offset":[9,97],"originalSize":[500,500],"rotated":1,"capInsets":[0,0,0,0]}},{"__type__":"cc.SpriteFrame","content":{"name":"stand_1_part2_wing_5014_stand_1_part2_0006","texture":"eeYL8zxxBOKosXcCyT8CzA","rect":[2,426,72,116],"offset":[8,95],"originalSize":[500,500],"rotated":1,"capInsets":[0,0,0,0]}},{"__type__":"cc.SpriteFrame","content":{"name":"stand_1_part2_wing_5014_stand_1_part2_0004","texture":"eeYL8zxxBOKosXcCyT8CzA","rect":[132,2,86,122],"offset":[14,99],"originalSize":[500,500],"rotated":1,"capInsets":[0,0,0,0]}}]