[{"__type__":"cc.SpriteAtlas","_name":"run_3.plist","_spriteFrames":{"run_3_sh_ride_shape_3015_sh_run_3_1":{"__uuid__":"6bsYS6OxtNkaLItocvy9O5"},"run_3_sh_ride_shape_3015_sh_run_3_2":{"__uuid__":"fbKL2FJcdJ3rTR+ejXE7cH"},"run_3_sh_ride_shape_3015_sh_run_3_3":{"__uuid__":"5cikJJRB5KRpkgGJWKPY/c"},"run_3_sh_ride_shape_3015_sh_run_3_4":{"__uuid__":"37r9/rlbVIrb0Fwl8Ong+/"},"run_3_sh_ride_shape_3015_sh_run_3_5":{"__uuid__":"cb9sP65mpGM4dab1A3UcQ2"},"run_3_sh_ride_shape_3015_sh_run_3_6":{"__uuid__":"3051qheIFGZqKl1pKGoDnp"},"run_3_sh_ride_shape_3015_sh_run_3_7":{"__uuid__":"25XgwfFqdNVJxd6z5YgU0V"},"run_3_sh_ride_shape_3015_sh_run_3_8":{"__uuid__":"b48c/6WMpNfpKO72WTXY2y"}}},{"__type__":"cc.SpriteFrame","content":{"name":"run_3_sh_ride_shape_3015_sh_run_3_7","texture":"07wg7igH9FFqVOau0kC1Eh","rect":[1,351,140,178],"offset":[19,-29],"originalSize":[500,500],"capInsets":[0,0,0,0]}},{"__type__":"cc.SpriteFrame","content":{"name":"run_3_sh_ride_shape_3015_sh_run_3_6","texture":"07wg7igH9FFqVOau0kC1Eh","rect":[291,181,138,178],"offset":[18,-30],"originalSize":[500,500],"capInsets":[0,0,0,0]}},{"__type__":"cc.SpriteFrame","content":{"name":"run_3_sh_ride_shape_3015_sh_run_3_4","texture":"07wg7igH9FFqVOau0kC1Eh","rect":[147,175,142,174],"offset":[20,-30],"originalSize":[500,500],"capInsets":[0,0,0,0]}},{"__type__":"cc.SpriteFrame","content":{"name":"run_3_sh_ride_shape_3015_sh_run_3_3","texture":"07wg7igH9FFqVOau0kC1Eh","rect":[1,175,144,174],"offset":[21,-29],"originalSize":[500,500],"capInsets":[0,0,0,0]}},{"__type__":"cc.SpriteFrame","content":{"name":"run_3_sh_ride_shape_3015_sh_run_3_1","texture":"07wg7igH9FFqVOau0kC1Eh","rect":[1,1,146,172],"offset":[21,-27],"originalSize":[500,500],"capInsets":[0,0,0,0]}},{"__type__":"cc.SpriteFrame","content":{"name":"run_3_sh_ride_shape_3015_sh_run_3_8","texture":"07wg7igH9FFqVOau0kC1Eh","rect":[143,351,142,176],"offset":[21,-28],"originalSize":[500,500],"capInsets":[0,0,0,0]}},{"__type__":"cc.SpriteFrame","content":{"name":"run_3_sh_ride_shape_3015_sh_run_3_5","texture":"07wg7igH9FFqVOau0kC1Eh","rect":[295,1,138,178],"offset":[18,-30],"originalSize":[500,500],"capInsets":[0,0,0,0]}},{"__type__":"cc.SpriteFrame","content":{"name":"run_3_sh_ride_shape_3015_sh_run_3_2","texture":"07wg7igH9FFqVOau0kC1Eh","rect":[149,1,144,172],"offset":[21,-28],"originalSize":[500,500],"capInsets":[0,0,0,0]}}]