[{"__type__":"cc.SpriteFrame","content":{"name":"stand_13_sh_ride_shape_1001_sh_stand_3_4","texture":"9bc9y3/GZDK72hBtsbqRxd","rect":[237,157,74,156],"offset":[-5,-33],"originalSize":[500,500],"capInsets":[0,0,0,0]}},{"__type__":"cc.SpriteFrame","content":{"name":"stand_13_sh_ride_shape_1001_sh_stand_3_6","texture":"9bc9y3/GZDK72hBtsbqRxd","rect":[1,159,78,156],"offset":[-4,-33],"originalSize":[500,500],"capInsets":[0,0,0,0]}},{"__type__":"cc.SpriteFrame","content":{"name":"stand_13_sh_ride_shape_1001_sh_stand_3_2","texture":"9bc9y3/GZDK72hBtsbqRxd","rect":[81,159,76,156],"offset":[-5,-34],"originalSize":[500,500],"capInsets":[0,0,0,0]}},{"__type__":"cc.SpriteAtlas","_name":"stand_3.plist","_spriteFrames":{"stand_13_sh_ride_shape_1001_sh_stand_3_1":{"__uuid__":"d76xGyjuhIhaA6FzfBWu5p"},"stand_13_sh_ride_shape_1001_sh_stand_3_2":{"__uuid__":"3brKs0vH5Lt49xos6kppeo"},"stand_13_sh_ride_shape_1001_sh_stand_3_3":{"__uuid__":"dc2lWAgylByKNcQ4qt2DiI"},"stand_13_sh_ride_shape_1001_sh_stand_3_4":{"__uuid__":"17UPFUczpC87ItxLQt005s"},"stand_13_sh_ride_shape_1001_sh_stand_3_5":{"__uuid__":"d5obqghk1KaozOXG5gJfdt"},"stand_13_sh_ride_shape_1001_sh_stand_3_6":{"__uuid__":"28xZvDYw9KYYlgRhxSZHe8"},"stand_13_sh_ride_shape_1001_sh_stand_3_7":{"__uuid__":"69B+euQ0lO1YY/HEDUdBxn"},"stand_13_sh_ride_shape_1001_sh_stand_3_8":{"__uuid__":"c4x9+W8vtCSJEdT6nwU9pf"}}},{"__type__":"cc.SpriteFrame","content":{"name":"stand_13_sh_ride_shape_1001_sh_stand_3_7","texture":"9bc9y3/GZDK72hBtsbqRxd","rect":[237,1,78,154],"offset":[-3,-34],"originalSize":[500,500],"capInsets":[0,0,0,0]}},{"__type__":"cc.SpriteFrame","content":{"name":"stand_13_sh_ride_shape_1001_sh_stand_3_8","texture":"9bc9y3/GZDK72hBtsbqRxd","rect":[81,1,78,156],"offset":[-3,-34],"originalSize":[500,500],"capInsets":[0,0,0,0]}},{"__type__":"cc.SpriteFrame","content":{"name":"stand_13_sh_ride_shape_1001_sh_stand_3_5","texture":"9bc9y3/GZDK72hBtsbqRxd","rect":[159,159,76,156],"offset":[-5,-33],"originalSize":[500,500],"capInsets":[0,0,0,0]}},{"__type__":"cc.SpriteFrame","content":{"name":"stand_13_sh_ride_shape_1001_sh_stand_3_1","texture":"9bc9y3/GZDK72hBtsbqRxd","rect":[1,1,78,156],"offset":[-4,-34],"originalSize":[500,500],"capInsets":[0,0,0,0]}},{"__type__":"cc.SpriteFrame","content":{"name":"stand_13_sh_ride_shape_1001_sh_stand_3_3","texture":"9bc9y3/GZDK72hBtsbqRxd","rect":[161,1,74,156],"offset":[-5,-34],"originalSize":[500,500],"capInsets":[0,0,0,0]}}]