[{"__type__":"cc.SpriteFrame","content":{"name":"ride_ride_9241_rd1_stand_1_5","texture":"53erWnLmpABpQMBcC21ftG","rect":[287,617,274,188],"offset":[-52,-4],"originalSize":[720,720],"capInsets":[0,0,0,0]}},{"__type__":"cc.SpriteFrame","content":{"name":"ride_ride_9241_rd1_stand_1_4","texture":"53erWnLmpABpQMBcC21ftG","rect":[301,439,286,176],"offset":[-59,5],"originalSize":[720,720],"capInsets":[0,0,0,0]}},{"__type__":"cc.SpriteFrame","content":{"name":"ride_ride_9241_rd1_stand_1_6","texture":"53erWnLmpABpQMBcC21ftG","rect":[543,1,262,202],"offset":[-46,-8],"originalSize":[720,720],"capInsets":[0,0,0,0]}},{"__type__":"cc.SpriteFrame","content":{"name":"ride_ride_9241_rd1_stand_1_7","texture":"53erWnLmpABpQMBcC21ftG","rect":[1,1,266,250],"offset":[-48,-33],"originalSize":[720,720],"capInsets":[0,0,0,0]}},{"__type__":"cc.SpriteFrame","content":{"name":"ride_ride_9241_rd1_stand_1_8","texture":"53erWnLmpABpQMBcC21ftG","rect":[269,1,272,242],"offset":[-51,-27],"originalSize":[720,720],"capInsets":[0,0,0,0]}},{"__type__":"cc.SpriteFrame","content":{"name":"ride_ride_9241_rd1_stand_1_2","texture":"53erWnLmpABpQMBcC21ftG","rect":[1,461,284,194],"offset":[-58,-12],"originalSize":[720,720],"capInsets":[0,0,0,0]}},{"__type__":"cc.SpriteAtlas","_name":"stand_1_f.plist","_spriteFrames":{"ride_ride_9241_rd1_stand_1_1":{"__uuid__":"f8bV2mtOJKhqTn7AUE2/z1"},"ride_ride_9241_rd1_stand_1_2":{"__uuid__":"89DGhMh11C6rpj1QcDkzTK"},"ride_ride_9241_rd1_stand_1_3":{"__uuid__":"d0RbRg+b5AXKxrFuXnzGad"},"ride_ride_9241_rd1_stand_1_4":{"__uuid__":"53OyxGzq9HP6rQOBvnH6bg"},"ride_ride_9241_rd1_stand_1_5":{"__uuid__":"36RQxdnslBRaJN5/rqvT1h"},"ride_ride_9241_rd1_stand_1_6":{"__uuid__":"6dGLqD48RPrK+ukGgpZXyD"},"ride_ride_9241_rd1_stand_1_7":{"__uuid__":"6dbrrhtoRI3KVTjxKz8zh9"},"ride_ride_9241_rd1_stand_1_8":{"__uuid__":"7bFCnHV7pOfZJQsJm4r/eV"}}},{"__type__":"cc.SpriteFrame","content":{"name":"ride_ride_9241_rd1_stand_1_3","texture":"53erWnLmpABpQMBcC21ftG","rect":[1,253,298,206],"offset":[-66,-7],"originalSize":[720,720],"capInsets":[0,0,0,0]}},{"__type__":"cc.SpriteFrame","content":{"name":"ride_ride_9241_rd1_stand_1_1","texture":"53erWnLmpABpQMBcC21ftG","rect":[301,245,274,192],"offset":[-53,-34],"originalSize":[720,720],"capInsets":[0,0,0,0]}}]