[{"__type__":"cc.SpriteFrame","content":{"name":"stand_13_sh_ride_shape_3006_sh_stand_1_7","texture":"e1h6nvhLZDSL8Yx6AlJrZ3","rect":[209,1,98,142],"offset":[-13,-24],"originalSize":[470,470],"capInsets":[0,0,0,0]}},{"__type__":"cc.SpriteFrame","content":{"name":"stand_13_sh_ride_shape_3006_sh_stand_1_4","texture":"e1h6nvhLZDSL8Yx6AlJrZ3","rect":[207,145,96,142],"offset":[-15,-23],"originalSize":[470,470],"capInsets":[0,0,0,0]}},{"__type__":"cc.SpriteFrame","content":{"name":"stand_13_sh_ride_shape_3006_sh_stand_1_5","texture":"e1h6nvhLZDSL8Yx6AlJrZ3","rect":[309,1,94,142],"offset":[-15,-23],"originalSize":[470,470],"capInsets":[0,0,0,0]}},{"__type__":"cc.SpriteFrame","content":{"name":"stand_13_sh_ride_shape_3006_sh_stand_1_3","texture":"e1h6nvhLZDSL8Yx6AlJrZ3","rect":[105,145,100,142],"offset":[-12,-23],"originalSize":[470,470],"capInsets":[0,0,0,0]}},{"__type__":"cc.SpriteAtlas","_name":"stand_1.plist","_spriteFrames":{"stand_13_sh_ride_shape_3006_sh_stand_1_1":{"__uuid__":"d2c0xxmgZJFL3h4JHpj+OP"},"stand_13_sh_ride_shape_3006_sh_stand_1_2":{"__uuid__":"ffaZWc56ZFW5GREuxHVMkq"},"stand_13_sh_ride_shape_3006_sh_stand_1_3":{"__uuid__":"4eSrIlgEdBiKg1cJ1sJapg"},"stand_13_sh_ride_shape_3006_sh_stand_1_4":{"__uuid__":"13sJURiuZC8ot4Hih+74jc"},"stand_13_sh_ride_shape_3006_sh_stand_1_5":{"__uuid__":"28FpFzjQlC5aLjuPvF50ug"},"stand_13_sh_ride_shape_3006_sh_stand_1_6":{"__uuid__":"77xoo8KzBIwbPBbgtE0yhe"},"stand_13_sh_ride_shape_3006_sh_stand_1_7":{"__uuid__":"05o1fZarZNN6L5OJrJFcuI"},"stand_13_sh_ride_shape_3006_sh_stand_1_8":{"__uuid__":"7eEBhoU+tCB5FSkNu3tySQ"}}},{"__type__":"cc.SpriteFrame","content":{"name":"stand_13_sh_ride_shape_3006_sh_stand_1_6","texture":"e1h6nvhLZDSL8Yx6AlJrZ3","rect":[305,145,96,142],"offset":[-14,-23],"originalSize":[470,470],"capInsets":[0,0,0,0]}},{"__type__":"cc.SpriteFrame","content":{"name":"stand_13_sh_ride_shape_3006_sh_stand_1_8","texture":"e1h6nvhLZDSL8Yx6AlJrZ3","rect":[107,1,100,142],"offset":[-12,-24],"originalSize":[470,470],"capInsets":[0,0,0,0]}},{"__type__":"cc.SpriteFrame","content":{"name":"stand_13_sh_ride_shape_3006_sh_stand_1_1","texture":"e1h6nvhLZDSL8Yx6AlJrZ3","rect":[1,145,102,142],"offset":[-12,-24],"originalSize":[470,470],"capInsets":[0,0,0,0]}},{"__type__":"cc.SpriteFrame","content":{"name":"stand_13_sh_ride_shape_3006_sh_stand_1_2","texture":"e1h6nvhLZDSL8Yx6AlJrZ3","rect":[1,1,104,142],"offset":[-11,-24],"originalSize":[470,470],"capInsets":[0,0,0,0]}}]