[{"__type__":"cc.SpriteFrame","content":{"name":"stand_8_part1_wing_5017_stand_8_part1_0001","texture":"24k89VGLtN6LUx7D8BZo5j","rect":[2,2,62,96],"offset":[-48,16],"originalSize":[500,500],"rotated":1,"capInsets":[0,0,0,0]}},{"__type__":"cc.SpriteFrame","content":{"name":"stand_8_part1_wing_5017_stand_8_part1_0002","texture":"24k89VGLtN6LUx7D8BZo5j","rect":[176,154,62,78],"offset":[-48,26],"originalSize":[500,500],"rotated":1,"capInsets":[0,0,0,0]}},{"__type__":"cc.SpriteFrame","content":{"name":"stand_8_part1_wing_5017_stand_8_part1_0004","texture":"24k89VGLtN6LUx7D8BZo5j","rect":[90,130,66,84],"offset":[-48,25],"originalSize":[500,500],"rotated":1,"capInsets":[0,0,0,0]}},{"__type__":"cc.SpriteFrame","content":{"name":"stand_8_part1_wing_5017_stand_8_part1_0007","texture":"24k89VGLtN6LUx7D8BZo5j","rect":[90,68,60,86],"offset":[-48,21],"originalSize":[500,500],"rotated":1,"capInsets":[0,0,0,0]}},{"__type__":"cc.SpriteFrame","content":{"name":"stand_8_part1_wing_5017_stand_8_part1_0006","texture":"24k89VGLtN6LUx7D8BZo5j","rect":[100,2,64,88],"offset":[-47,23],"originalSize":[500,500],"rotated":1,"capInsets":[0,0,0,0]}},{"__type__":"cc.SpriteFrame","content":{"name":"stand_8_part1_wing_5017_stand_8_part1_0009","texture":"24k89VGLtN6LUx7D8BZo5j","rect":[2,138,66,72],"offset":[-50,26],"originalSize":[500,500],"rotated":1,"capInsets":[0,0,0,0]}},{"__type__":"cc.SpriteFrame","content":{"name":"stand_8_part1_wing_5017_stand_8_part1_0010","texture":"24k89VGLtN6LUx7D8BZo5j","rect":[2,206,68,70],"offset":[-50,26],"originalSize":[500,500],"rotated":1,"capInsets":[0,0,0,0]}},{"__type__":"cc.SpriteFrame","content":{"name":"stand_8_part1_wing_5017_stand_8_part1_0011","texture":"24k89VGLtN6LUx7D8BZo5j","rect":[150,218,60,70],"offset":[-46,26],"originalSize":[500,500],"rotated":1,"capInsets":[0,0,0,0]}},{"__type__":"cc.SpriteAtlas","_name":"stand_8_part1.plist","_spriteFrames":{"stand_8_part1_wing_5017_stand_8_part1_0000":{"__uuid__":"d523YgxTdHUInGOBBeIKhE"},"stand_8_part1_wing_5017_stand_8_part1_0001":{"__uuid__":"00HMDi8j5H6aYlrN/UamK1"},"stand_8_part1_wing_5017_stand_8_part1_0002":{"__uuid__":"1a24zxcHZL659OowFMQfbg"},"stand_8_part1_wing_5017_stand_8_part1_0003":{"__uuid__":"e2vLUOvr5Ev4b702sHg+Yq"},"stand_8_part1_wing_5017_stand_8_part1_0004":{"__uuid__":"1eHgMzf79B+oySnSLg5tWP"},"stand_8_part1_wing_5017_stand_8_part1_0005":{"__uuid__":"79nGO++E9DQoR5JqFas1Iw"},"stand_8_part1_wing_5017_stand_8_part1_0006":{"__uuid__":"274WqcPRxGxpjB0HtutGYT"},"stand_8_part1_wing_5017_stand_8_part1_0007":{"__uuid__":"22wSyHd+9Kb4vF/JVQJSFA"},"stand_8_part1_wing_5017_stand_8_part1_0008":{"__uuid__":"basB36UzBAFo7u6VODlz92"},"stand_8_part1_wing_5017_stand_8_part1_0009":{"__uuid__":"2bdO65qp9ExLNkzBc/kHKx"},"stand_8_part1_wing_5017_stand_8_part1_0010":{"__uuid__":"2ecJ0g4gVBPZEKCwkeRcIn"},"stand_8_part1_wing_5017_stand_8_part1_0011":{"__uuid__":"45BjeEXGpMd74eWfBUrnbm"}}},{"__type__":"cc.SpriteFrame","content":{"name":"stand_8_part1_wing_5017_stand_8_part1_0005","texture":"24k89VGLtN6LUx7D8BZo5j","rect":[2,66,70,86],"offset":[-49,24],"originalSize":[500,500],"rotated":1,"capInsets":[0,0,0,0]}},{"__type__":"cc.SpriteFrame","content":{"name":"stand_8_part1_wing_5017_stand_8_part1_0008","texture":"24k89VGLtN6LUx7D8BZo5j","rect":[178,86,66,72],"offset":[-49,27],"originalSize":[500,500],"rotated":1,"capInsets":[0,0,0,0]}},{"__type__":"cc.SpriteFrame","content":{"name":"stand_8_part1_wing_5017_stand_8_part1_0000","texture":"24k89VGLtN6LUx7D8BZo5j","rect":[76,198,60,72],"offset":[-46,26],"originalSize":[500,500],"rotated":1,"capInsets":[0,0,0,0]}},{"__type__":"cc.SpriteFrame","content":{"name":"stand_8_part1_wing_5017_stand_8_part1_0003","texture":"24k89VGLtN6LUx7D8BZo5j","rect":[190,2,64,82],"offset":[-48,26],"originalSize":[500,500],"capInsets":[0,0,0,0]}}]