[{"__type__":"cc.SpriteFrame","content":{"name":"ride_ride_9131_rd2_run_1_1","texture":"30SuuUcSdI0YaNNIpJ/OnD","rect":[171,339,164,152],"offset":[-36,37],"originalSize":[500,500],"capInsets":[0,0,0,0]}},{"__type__":"cc.SpriteFrame","content":{"name":"ride_ride_9131_rd2_run_1_7","texture":"30SuuUcSdI0YaNNIpJ/OnD","rect":[171,171,168,166],"offset":[-41,36],"originalSize":[500,500],"capInsets":[0,0,0,0]}},{"__type__":"cc.SpriteFrame","content":{"name":"ride_ride_9131_rd2_run_1_4","texture":"30SuuUcSdI0YaNNIpJ/OnD","rect":[337,1,160,164],"offset":[-38,34],"originalSize":[500,500],"capInsets":[0,0,0,0]}},{"__type__":"cc.SpriteFrame","content":{"name":"ride_ride_9131_rd2_run_1_6","texture":"30SuuUcSdI0YaNNIpJ/OnD","rect":[1,1,168,168],"offset":[-40,35],"originalSize":[500,500],"capInsets":[0,0,0,0]}},{"__type__":"cc.SpriteFrame","content":{"name":"ride_ride_9131_rd2_run_1_3","texture":"30SuuUcSdI0YaNNIpJ/OnD","rect":[341,337,154,164],"offset":[-37,33],"originalSize":[500,500],"capInsets":[0,0,0,0]}},{"__type__":"cc.SpriteFrame","content":{"name":"ride_ride_9131_rd2_run_1_5","texture":"30SuuUcSdI0YaNNIpJ/OnD","rect":[171,1,164,168],"offset":[-39,35],"originalSize":[500,500],"capInsets":[0,0,0,0]}},{"__type__":"cc.SpriteFrame","content":{"name":"ride_ride_9131_rd2_run_1_2","texture":"30SuuUcSdI0YaNNIpJ/OnD","rect":[341,167,156,168],"offset":[-36,34],"originalSize":[500,500],"capInsets":[0,0,0,0]}},{"__type__":"cc.SpriteFrame","content":{"name":"ride_ride_9131_rd2_run_1_8","texture":"30SuuUcSdI0YaNNIpJ/OnD","rect":[1,171,168,168],"offset":[-41,32],"originalSize":[500,500],"capInsets":[0,0,0,0]}},{"__type__":"cc.SpriteAtlas","_name":"run_1_b.plist","_spriteFrames":{"ride_ride_9131_rd2_run_1_1":{"__uuid__":"061JhMZq5OzqJaF0CbOPgY"},"ride_ride_9131_rd2_run_1_2":{"__uuid__":"ccvsWSUl1L8a1eWkjUI3/V"},"ride_ride_9131_rd2_run_1_3":{"__uuid__":"aedBn5ukxBVq3r21YArtiO"},"ride_ride_9131_rd2_run_1_4":{"__uuid__":"55toJajqFG56i/K7RR2mNP"},"ride_ride_9131_rd2_run_1_5":{"__uuid__":"c3C5Cgx6VE7Z5w4wUehqGC"},"ride_ride_9131_rd2_run_1_6":{"__uuid__":"a5ahLnAmZBf5FpcsYqhOgN"},"ride_ride_9131_rd2_run_1_7":{"__uuid__":"52a1hoeqtKVIMUT+8Sv6yp"},"ride_ride_9131_rd2_run_1_8":{"__uuid__":"cdBoNFK0JD97kZpd6rUyvV"}}}]