[{"__type__":"cc.SpriteFrame","content":{"name":"stand_3_rd1rd2_ride_ride_9341_rd1_stand_3_6","texture":"afyQu+aPdGZ74i1wr3k1nN","rect":[1,1,186,262],"offset":[-79,-44],"originalSize":[500,500],"capInsets":[0,0,0,0]}},{"__type__":"cc.SpriteFrame","content":{"name":"stand_3_rd1rd2_ride_ride_9341_rd1_stand_3_4","texture":"afyQu+aPdGZ74i1wr3k1nN","rect":[345,295,190,108],"offset":[-98,45],"originalSize":[500,500],"capInsets":[0,0,0,0]}},{"__type__":"cc.SpriteFrame","content":{"name":"stand_3_rd1rd2_ride_ride_9341_rd1_stand_3_8","texture":"afyQu+aPdGZ74i1wr3k1nN","rect":[161,295,182,166],"offset":[-77,21],"originalSize":[500,500],"capInsets":[0,0,0,0]}},{"__type__":"cc.SpriteFrame","content":{"name":"stand_3_rd1rd2_ride_ride_9341_rd1_stand_3_7","texture":"afyQu+aPdGZ74i1wr3k1nN","rect":[189,1,178,206],"offset":[-74,-17],"originalSize":[500,500],"capInsets":[0,0,0,0]}},{"__type__":"cc.SpriteFrame","content":{"name":"stand_3_rd1rd2_ride_ride_9341_rd1_stand_3_3","texture":"afyQu+aPdGZ74i1wr3k1nN","rect":[189,209,180,84],"offset":[-92,63],"originalSize":[500,500],"capInsets":[0,0,0,0]}},{"__type__":"cc.SpriteFrame","content":{"name":"stand_3_rd1rd2_ride_ride_9341_rd1_stand_3_5","texture":"afyQu+aPdGZ74i1wr3k1nN","rect":[1,265,158,232],"offset":[-76,-31],"originalSize":[500,500],"capInsets":[0,0,0,0]}},{"__type__":"cc.SpriteAtlas","_name":"stand_3_f.plist","_spriteFrames":{"stand_3_rd1rd2_ride_ride_9341_rd1_stand_3_1":{"__uuid__":"f8MEKpSPtIs4vUvkg2IkMj"},"stand_3_rd1rd2_ride_ride_9341_rd1_stand_3_2":{"__uuid__":"ddagUrn61I+5Hyy19QJaVN"},"stand_3_rd1rd2_ride_ride_9341_rd1_stand_3_3":{"__uuid__":"c9aKt+6c1D7qsqREASFkps"},"stand_3_rd1rd2_ride_ride_9341_rd1_stand_3_4":{"__uuid__":"49oktgTghG6qeXOMHbmSyy"},"stand_3_rd1rd2_ride_ride_9341_rd1_stand_3_5":{"__uuid__":"d17EA1ShhO/rR5j0jBZbf4"},"stand_3_rd1rd2_ride_ride_9341_rd1_stand_3_6":{"__uuid__":"37++HbzqRPVJqxa4ONUecM"},"stand_3_rd1rd2_ride_ride_9341_rd1_stand_3_7":{"__uuid__":"9boG/Z9dhJ4o6QVv92cHL1"},"stand_3_rd1rd2_ride_ride_9341_rd1_stand_3_8":{"__uuid__":"551OEGGtpEqqhje6ppaKpd"}}},{"__type__":"cc.SpriteFrame","content":{"name":"stand_3_rd1rd2_ride_ride_9341_rd1_stand_3_2","texture":"afyQu+aPdGZ74i1wr3k1nN","rect":[345,405,174,100],"offset":[-84,66],"originalSize":[500,500],"capInsets":[0,0,0,0]}},{"__type__":"cc.SpriteFrame","content":{"name":"stand_3_rd1rd2_ride_ride_9341_rd1_stand_3_1","texture":"afyQu+aPdGZ74i1wr3k1nN","rect":[369,1,162,110],"offset":[-70,68],"originalSize":[500,500],"capInsets":[0,0,0,0]}}]