[{"__type__":"cc.SpriteFrame","content":{"name":"stand_3_rd1_ride_ride_9141_rd1_stand_3_3","texture":"13jaxLq4ZMBpg+ggWCXeRQ","rect":[314,342,144,168],"offset":[46,-4],"originalSize":[500,500],"capInsets":[0,0,0,0]}},{"__type__":"cc.SpriteFrame","content":{"name":"stand_3_rd1_ride_ride_9141_rd1_stand_3_2","texture":"13jaxLq4ZMBpg+ggWCXeRQ","rect":[172,172,148,168],"offset":[49,-4],"originalSize":[500,500],"capInsets":[0,0,0,0]}},{"__type__":"cc.SpriteFrame","content":{"name":"stand_3_rd1_ride_ride_9141_rd1_stand_3_1","texture":"13jaxLq4ZMBpg+ggWCXeRQ","rect":[350,2,160,168],"offset":[53,-4],"originalSize":[500,500],"capInsets":[0,0,0,0]}},{"__type__":"cc.SpriteFrame","content":{"name":"stand_3_rd1_ride_ride_9141_rd1_stand_3_8","texture":"13jaxLq4ZMBpg+ggWCXeRQ","rect":[178,2,170,168],"offset":[57,-4],"originalSize":[500,500],"capInsets":[0,0,0,0]}},{"__type__":"cc.SpriteAtlas","_name":"stand_3_f.plist","_spriteFrames":{"stand_3_rd1_ride_ride_9141_rd1_stand_3_1":{"__uuid__":"36XKykallMBrYDaHYo8xFw"},"stand_3_rd1_ride_ride_9141_rd1_stand_3_2":{"__uuid__":"35vqfTvYlLTItSSce7PqSu"},"stand_3_rd1_ride_ride_9141_rd1_stand_3_3":{"__uuid__":"1cuw8ohJlHG7bVJDX/g2mQ"},"stand_3_rd1_ride_ride_9141_rd1_stand_3_4":{"__uuid__":"86BETmNBxOKL/RGQGHelFw"},"stand_3_rd1_ride_ride_9141_rd1_stand_3_5":{"__uuid__":"7dbxQeSYBGzJ7Y5y+cYLih"},"stand_3_rd1_ride_ride_9141_rd1_stand_3_6":{"__uuid__":"a1qCFeUoJJ8pVBVXxT64y9"},"stand_3_rd1_ride_ride_9141_rd1_stand_3_7":{"__uuid__":"c1hO3mIiNCIr8JepeZlIN/"},"stand_3_rd1_ride_ride_9141_rd1_stand_3_8":{"__uuid__":"5fvuh9yapCRZPfY/f4oJUu"}}},{"__type__":"cc.SpriteFrame","content":{"name":"stand_3_rd1_ride_ride_9141_rd1_stand_3_5","texture":"13jaxLq4ZMBpg+ggWCXeRQ","rect":[2,342,158,168],"offset":[51,-4],"originalSize":[500,500],"capInsets":[0,0,0,0]}},{"__type__":"cc.SpriteFrame","content":{"name":"stand_3_rd1_ride_ride_9141_rd1_stand_3_4","texture":"13jaxLq4ZMBpg+ggWCXeRQ","rect":[162,342,150,168],"offset":[48,-4],"originalSize":[500,500],"capInsets":[0,0,0,0]}},{"__type__":"cc.SpriteFrame","content":{"name":"stand_3_rd1_ride_ride_9141_rd1_stand_3_6","texture":"13jaxLq4ZMBpg+ggWCXeRQ","rect":[2,172,168,168],"offset":[54,-4],"originalSize":[500,500],"capInsets":[0,0,0,0]}},{"__type__":"cc.SpriteFrame","content":{"name":"stand_3_rd1_ride_ride_9141_rd1_stand_3_7","texture":"13jaxLq4ZMBpg+ggWCXeRQ","rect":[2,2,174,168],"offset":[58,-4],"originalSize":[500,500],"capInsets":[0,0,0,0]}}]