[{"__type__":"cc.SpriteAtlas","_name":"stand_3.plist","_spriteFrames":{"stand_13_sh_ride_shape_1031_sh_stand_3_0001":{"__uuid__":"9eXZR6Y1NC5oljSlc9sX81"},"stand_13_sh_ride_shape_1031_sh_stand_3_0002":{"__uuid__":"a79Z2qvZ9I2YrrHAtTQRbE"},"stand_13_sh_ride_shape_1031_sh_stand_3_0003":{"__uuid__":"4dfK9PMrdB3bSHKh/OHQGD"},"stand_13_sh_ride_shape_1031_sh_stand_3_0004":{"__uuid__":"50o6GvzpNAEa4WbDxjrJaY"},"stand_13_sh_ride_shape_1031_sh_stand_3_0005":{"__uuid__":"fbY6ZVsIBISLzb4y5S5veq"},"stand_13_sh_ride_shape_1031_sh_stand_3_0006":{"__uuid__":"f5kwZGOLhOzojHGmRrBYLa"},"stand_13_sh_ride_shape_1031_sh_stand_3_0007":{"__uuid__":"fbzMK9EUpK4LHtsUNmBMvS"},"stand_13_sh_ride_shape_1031_sh_stand_3_0008":{"__uuid__":"38lPs8djxGeaKlBi9uZ7T6"}}},{"__type__":"cc.SpriteFrame","content":{"name":"stand_13_sh_ride_shape_1031_sh_stand_3_0008","texture":"13P/5KyCFEIKzMuukaQK8N","rect":[201,145,96,142],"offset":[-2,22],"originalSize":[450,450],"capInsets":[0,0,0,0]}},{"__type__":"cc.SpriteFrame","content":{"name":"stand_13_sh_ride_shape_1031_sh_stand_3_0003","texture":"13P/5KyCFEIKzMuukaQK8N","rect":[103,1,98,142],"offset":[-1,22],"originalSize":[450,450],"capInsets":[0,0,0,0]}},{"__type__":"cc.SpriteFrame","content":{"name":"stand_13_sh_ride_shape_1031_sh_stand_3_0004","texture":"13P/5KyCFEIKzMuukaQK8N","rect":[103,145,96,142],"offset":[-2,22],"originalSize":[450,450],"capInsets":[0,0,0,0]}},{"__type__":"cc.SpriteFrame","content":{"name":"stand_13_sh_ride_shape_1031_sh_stand_3_0001","texture":"13P/5KyCFEIKzMuukaQK8N","rect":[1,1,100,142],"offset":[-1,22],"originalSize":[450,450],"capInsets":[0,0,0,0]}},{"__type__":"cc.SpriteFrame","content":{"name":"stand_13_sh_ride_shape_1031_sh_stand_3_0002","texture":"13P/5KyCFEIKzMuukaQK8N","rect":[1,145,100,142],"offset":[-1,22],"originalSize":[450,450],"capInsets":[0,0,0,0]}},{"__type__":"cc.SpriteFrame","content":{"name":"stand_13_sh_ride_shape_1031_sh_stand_3_0006","texture":"13P/5KyCFEIKzMuukaQK8N","rect":[299,1,94,142],"offset":[-3,22],"originalSize":[450,450],"capInsets":[0,0,0,0]}},{"__type__":"cc.SpriteFrame","content":{"name":"stand_13_sh_ride_shape_1031_sh_stand_3_0005","texture":"13P/5KyCFEIKzMuukaQK8N","rect":[203,1,94,142],"offset":[-2,22],"originalSize":[450,450],"capInsets":[0,0,0,0]}},{"__type__":"cc.SpriteFrame","content":{"name":"stand_13_sh_ride_shape_1031_sh_stand_3_0007","texture":"13P/5KyCFEIKzMuukaQK8N","rect":[299,145,94,142],"offset":[-3,22],"originalSize":[450,450],"capInsets":[0,0,0,0]}}]