[{"__type__":"cc.SpriteFrame","content":{"name":"run_13_sh_ride_shape_4038_sh_run_3_0005","texture":"de2TieX8JJXp07Rn4mjcDe","rect":[195,255,94,128],"offset":[7,36],"originalSize":[470,470],"capInsets":[0,0,0,0]}},{"__type__":"cc.SpriteFrame","content":{"name":"run_13_sh_ride_shape_4038_sh_run_3_0003","texture":"de2TieX8JJXp07Rn4mjcDe","rect":[1,133,92,130],"offset":[3,37],"originalSize":[470,470],"capInsets":[0,0,0,0]}},{"__type__":"cc.SpriteFrame","content":{"name":"run_13_sh_ride_shape_4038_sh_run_3_0004","texture":"de2TieX8JJXp07Rn4mjcDe","rect":[1,1,94,130],"offset":[6,37],"originalSize":[470,470],"capInsets":[0,0,0,0]}},{"__type__":"cc.SpriteFrame","content":{"name":"run_13_sh_ride_shape_4038_sh_run_3_0002","texture":"de2TieX8JJXp07Rn4mjcDe","rect":[97,1,96,128],"offset":[2,37],"originalSize":[470,470],"capInsets":[0,0,0,0]}},{"__type__":"cc.SpriteAtlas","_name":"run_3.plist","_spriteFrames":{"run_13_sh_ride_shape_4038_sh_run_3_0001":{"__uuid__":"ca/GH1t5pFka93vpyVAN7i"},"run_13_sh_ride_shape_4038_sh_run_3_0002":{"__uuid__":"1e+uqDvZNMlbhl4BtGHuEg"},"run_13_sh_ride_shape_4038_sh_run_3_0003":{"__uuid__":"14rs4qJUJIU6QA2JregcuV"},"run_13_sh_ride_shape_4038_sh_run_3_0004":{"__uuid__":"1cE4HX4Q9F3aG2VgiaMwbu"},"run_13_sh_ride_shape_4038_sh_run_3_0005":{"__uuid__":"00AaIAv2hJza70b0+Ol0z/"},"run_13_sh_ride_shape_4038_sh_run_3_0006":{"__uuid__":"d1stQgWetKWL2E1bfTIBR2"},"run_13_sh_ride_shape_4038_sh_run_3_0007":{"__uuid__":"a2mZkVMepMzLilzgqez0JJ"},"run_13_sh_ride_shape_4038_sh_run_3_0008":{"__uuid__":"fdpxSjPSVB+ZrU0f1uAUyR"}}},{"__type__":"cc.SpriteFrame","content":{"name":"run_13_sh_ride_shape_4038_sh_run_3_0007","texture":"de2TieX8JJXp07Rn4mjcDe","rect":[195,129,96,124],"offset":[5,35],"originalSize":[470,470],"capInsets":[0,0,0,0]}},{"__type__":"cc.SpriteFrame","content":{"name":"run_13_sh_ride_shape_4038_sh_run_3_0001","texture":"de2TieX8JJXp07Rn4mjcDe","rect":[95,133,98,128],"offset":[4,36],"originalSize":[470,470],"capInsets":[0,0,0,0]}},{"__type__":"cc.SpriteFrame","content":{"name":"run_13_sh_ride_shape_4038_sh_run_3_0006","texture":"de2TieX8JJXp07Rn4mjcDe","rect":[291,255,94,126],"offset":[6,36],"originalSize":[470,470],"capInsets":[0,0,0,0]}},{"__type__":"cc.SpriteFrame","content":{"name":"run_13_sh_ride_shape_4038_sh_run_3_0008","texture":"de2TieX8JJXp07Rn4mjcDe","rect":[195,1,100,126],"offset":[4,36],"originalSize":[470,470],"capInsets":[0,0,0,0]}}]