[{"__type__":"cc.SpriteAtlas","_name":"stand_1_part1.plist","_spriteFrames":{"stand_1_part1_wing_5016_stand_1_part1_0000":{"__uuid__":"8evF+Wh1ZIKZjZMistIzPQ"},"stand_1_part1_wing_5016_stand_1_part1_0001":{"__uuid__":"7f252NhPhBQLOYcQoQ+210"},"stand_1_part1_wing_5016_stand_1_part1_0002":{"__uuid__":"2fV8zD/sBO4oaxA2NNY3xl"},"stand_1_part1_wing_5016_stand_1_part1_0003":{"__uuid__":"1ccQ3kK1tADYKurjHyBXIC"},"stand_1_part1_wing_5016_stand_1_part1_0004":{"__uuid__":"b6e3mcN35NJronkJum7evo"},"stand_1_part1_wing_5016_stand_1_part1_0005":{"__uuid__":"2e295WS7xM0KeSy33Dh9QA"},"stand_1_part1_wing_5016_stand_1_part1_0006":{"__uuid__":"abUfRmqixBfZZ2AfKyWO6A"},"stand_1_part1_wing_5016_stand_1_part1_0007":{"__uuid__":"caGUDVERdCCqTkbFgUM1Pm"},"stand_1_part1_wing_5016_stand_1_part1_0008":{"__uuid__":"e4CqtDvpdMfobJrK7RqfrT"},"stand_1_part1_wing_5016_stand_1_part1_0009":{"__uuid__":"aaMS4iqFhNV7ZMwYURgJwn"},"stand_1_part1_wing_5016_stand_1_part1_0010":{"__uuid__":"9568S/VB5Iv7+7O9MYBtdh"},"stand_1_part1_wing_5016_stand_1_part1_0011":{"__uuid__":"6a5mx0nllDeYQFQjy8i6G9"}}},{"__type__":"cc.SpriteFrame","content":{"name":"stand_1_part1_wing_5016_stand_1_part1_0003","texture":"7eksLjpYRGvrcJFhr1vxfh","rect":[96,274,90,86],"offset":[-71,46],"originalSize":[500,500],"capInsets":[0,0,0,0]}},{"__type__":"cc.SpriteFrame","content":{"name":"stand_1_part1_wing_5016_stand_1_part1_0005","texture":"7eksLjpYRGvrcJFhr1vxfh","rect":[2,176,94,86],"offset":[-73,43],"originalSize":[500,500],"capInsets":[0,0,0,0]}},{"__type__":"cc.SpriteFrame","content":{"name":"stand_1_part1_wing_5016_stand_1_part1_0002","texture":"7eksLjpYRGvrcJFhr1vxfh","rect":[2,344,90,80],"offset":[-71,45],"originalSize":[500,500],"capInsets":[0,0,0,0]}},{"__type__":"cc.SpriteFrame","content":{"name":"stand_1_part1_wing_5016_stand_1_part1_0011","texture":"7eksLjpYRGvrcJFhr1vxfh","rect":[84,426,82,76],"offset":[-67,47],"originalSize":[500,500],"rotated":1,"capInsets":[0,0,0,0]}},{"__type__":"cc.SpriteFrame","content":{"name":"stand_1_part1_wing_5016_stand_1_part1_0001","texture":"7eksLjpYRGvrcJFhr1vxfh","rect":[102,96,88,96],"offset":[-70,37],"originalSize":[500,500],"rotated":1,"capInsets":[0,0,0,0]}},{"__type__":"cc.SpriteFrame","content":{"name":"stand_1_part1_wing_5016_stand_1_part1_0000","texture":"7eksLjpYRGvrcJFhr1vxfh","rect":[2,264,92,78],"offset":[-72,47],"originalSize":[500,500],"capInsets":[0,0,0,0]}},{"__type__":"cc.SpriteFrame","content":{"name":"stand_1_part1_wing_5016_stand_1_part1_0010","texture":"7eksLjpYRGvrcJFhr1vxfh","rect":[162,362,80,78],"offset":[-66,49],"originalSize":[500,500],"capInsets":[0,0,0,0]}},{"__type__":"cc.SpriteFrame","content":{"name":"stand_1_part1_wing_5016_stand_1_part1_0009","texture":"7eksLjpYRGvrcJFhr1vxfh","rect":[2,426,84,80],"offset":[-68,50],"originalSize":[500,500],"rotated":1,"capInsets":[0,0,0,0]}},{"__type__":"cc.SpriteFrame","content":{"name":"stand_1_part1_wing_5016_stand_1_part1_0006","texture":"7eksLjpYRGvrcJFhr1vxfh","rect":[2,84,98,90],"offset":[-75,43],"originalSize":[500,500],"capInsets":[0,0,0,0]}},{"__type__":"cc.SpriteFrame","content":{"name":"stand_1_part1_wing_5016_stand_1_part1_0004","texture":"7eksLjpYRGvrcJFhr1vxfh","rect":[98,186,92,86],"offset":[-72,44],"originalSize":[500,500],"capInsets":[0,0,0,0]}},{"__type__":"cc.SpriteFrame","content":{"name":"stand_1_part1_wing_5016_stand_1_part1_0007","texture":"7eksLjpYRGvrcJFhr1vxfh","rect":[104,2,98,92],"offset":[-75,43],"originalSize":[500,500],"capInsets":[0,0,0,0]}},{"__type__":"cc.SpriteFrame","content":{"name":"stand_1_part1_wing_5016_stand_1_part1_0008","texture":"7eksLjpYRGvrcJFhr1vxfh","rect":[2,2,100,80],"offset":[-76,51],"originalSize":[500,500],"capInsets":[0,0,0,0]}}]