[{"__type__":"cc.SpriteFrame","content":{"name":"stand_3_rd1_ride_ride_9311_rd1_stand_3_3","texture":"3egSMEUTVCFKfyYN1+j995","rect":[166,156,160,152],"offset":[20,-10],"originalSize":[500,500],"capInsets":[0,0,0,0]}},{"__type__":"cc.SpriteFrame","content":{"name":"stand_3_rd1_ride_ride_9311_rd1_stand_3_6","texture":"3egSMEUTVCFKfyYN1+j995","rect":[2,154,162,152],"offset":[19,-10],"originalSize":[500,500],"capInsets":[0,0,0,0]}},{"__type__":"cc.SpriteFrame","content":{"name":"stand_3_rd1_ride_ride_9311_rd1_stand_3_5","texture":"3egSMEUTVCFKfyYN1+j995","rect":[358,2,162,152],"offset":[19,-10],"originalSize":[500,500],"rotated":1,"capInsets":[0,0,0,0]}},{"__type__":"cc.SpriteFrame","content":{"name":"stand_3_rd1_ride_ride_9311_rd1_stand_3_7","texture":"3egSMEUTVCFKfyYN1+j995","rect":[2,308,160,152],"offset":[20,-10],"originalSize":[500,500],"capInsets":[0,0,0,0]}},{"__type__":"cc.SpriteFrame","content":{"name":"stand_3_rd1_ride_ride_9311_rd1_stand_3_1","texture":"3egSMEUTVCFKfyYN1+j995","rect":[2,2,190,150],"offset":[5,-11],"originalSize":[500,500],"capInsets":[0,0,0,0]}},{"__type__":"cc.SpriteAtlas","_name":"stand_3_f.plist","_spriteFrames":{"stand_3_rd1_ride_ride_9311_rd1_stand_3_1":{"__uuid__":"5fBbZANlBHSYbMtjJmNjPE"},"stand_3_rd1_ride_ride_9311_rd1_stand_3_2":{"__uuid__":"f5zOKL4rdNvYtlMJFbhAgt"},"stand_3_rd1_ride_ride_9311_rd1_stand_3_3":{"__uuid__":"062dNK8zBF65JGPV2xENfC"},"stand_3_rd1_ride_ride_9311_rd1_stand_3_4":{"__uuid__":"ccpu+a2alH340TM2wlvvey"},"stand_3_rd1_ride_ride_9311_rd1_stand_3_5":{"__uuid__":"17a+uDj0lKe46GqVcFdfoC"},"stand_3_rd1_ride_ride_9311_rd1_stand_3_6":{"__uuid__":"0eOqq1pMxOoYISBfiPelrV"},"stand_3_rd1_ride_ride_9311_rd1_stand_3_7":{"__uuid__":"3aJIGKc85LIbToSfDx/5EY"},"stand_3_rd1_ride_ride_9311_rd1_stand_3_8":{"__uuid__":"f4HlwVaD9Ho4ORTLLhSkjO"}}},{"__type__":"cc.SpriteFrame","content":{"name":"stand_3_rd1_ride_ride_9311_rd1_stand_3_4","texture":"3egSMEUTVCFKfyYN1+j995","rect":[194,2,162,152],"offset":[19,-10],"originalSize":[500,500],"capInsets":[0,0,0,0]}},{"__type__":"cc.SpriteFrame","content":{"name":"stand_3_rd1_ride_ride_9311_rd1_stand_3_8","texture":"3egSMEUTVCFKfyYN1+j995","rect":[328,304,136,152],"offset":[32,-10],"originalSize":[500,500],"rotated":1,"capInsets":[0,0,0,0]}},{"__type__":"cc.SpriteFrame","content":{"name":"stand_3_rd1_ride_ride_9311_rd1_stand_3_2","texture":"3egSMEUTVCFKfyYN1+j995","rect":[328,166,136,152],"offset":[32,-10],"originalSize":[500,500],"rotated":1,"capInsets":[0,0,0,0]}}]