[{"__type__":"cc.SpriteFrame","content":{"name":"stand_1_rd1rd2_stand_3_rd1rd2_ride_ride_9321_rd1_stand_3_3","texture":"85dMRqwcxE8ZwElX43pRDV","rect":[173,137,170,136],"offset":[57,-13],"originalSize":[480,480],"capInsets":[0,0,0,0]}},{"__type__":"cc.SpriteFrame","content":{"name":"stand_1_rd1rd2_stand_3_rd1rd2_ride_ride_9321_rd1_stand_3_7","texture":"85dMRqwcxE8ZwElX43pRDV","rect":[1,267,156,138],"offset":[49,-14],"originalSize":[480,480],"capInsets":[0,0,0,0]}},{"__type__":"cc.SpriteFrame","content":{"name":"stand_1_rd1rd2_stand_3_rd1rd2_ride_ride_9321_rd1_stand_3_6","texture":"85dMRqwcxE8ZwElX43pRDV","rect":[321,275,160,150],"offset":[52,-21],"originalSize":[480,480],"capInsets":[0,0,0,0]}},{"__type__":"cc.SpriteFrame","content":{"name":"stand_1_rd1rd2_stand_3_rd1rd2_ride_ride_9321_rd1_stand_3_4","texture":"85dMRqwcxE8ZwElX43pRDV","rect":[319,1,164,134],"offset":[54,-13],"originalSize":[480,480],"capInsets":[0,0,0,0]}},{"__type__":"cc.SpriteFrame","content":{"name":"stand_1_rd1rd2_stand_3_rd1rd2_ride_ride_9321_rd1_stand_3_2","texture":"85dMRqwcxE8ZwElX43pRDV","rect":[1,133,170,132],"offset":[57,-10],"originalSize":[480,480],"capInsets":[0,0,0,0]}},{"__type__":"cc.SpriteAtlas","_name":"stand_3_f.plist","_spriteFrames":{"stand_1_rd1rd2_stand_3_rd1rd2_ride_ride_9321_rd1_stand_3_1":{"__uuid__":"d4ZsJXVoFMHZirWpl4H3SW"},"stand_1_rd1rd2_stand_3_rd1rd2_ride_ride_9321_rd1_stand_3_2":{"__uuid__":"84G3kqYl5NBYreFpPQVEJz"},"stand_1_rd1rd2_stand_3_rd1rd2_ride_ride_9321_rd1_stand_3_3":{"__uuid__":"16JCGSaYdP3brSMMRDeyxJ"},"stand_1_rd1rd2_stand_3_rd1rd2_ride_ride_9321_rd1_stand_3_4":{"__uuid__":"807NuwSxFMdrlQ/UOx6zEv"},"stand_1_rd1rd2_stand_3_rd1rd2_ride_ride_9321_rd1_stand_3_5":{"__uuid__":"b2gMjk0NhPHqVNDCepQITx"},"stand_1_rd1rd2_stand_3_rd1rd2_ride_ride_9321_rd1_stand_3_6":{"__uuid__":"74gBeEeJdKWbzBRS3jq2D1"},"stand_1_rd1rd2_stand_3_rd1rd2_ride_ride_9321_rd1_stand_3_7":{"__uuid__":"4b0gNE/qROWrw/P6edI5J1"},"stand_1_rd1rd2_stand_3_rd1rd2_ride_ride_9321_rd1_stand_3_8":{"__uuid__":"afpWdpHgtA6q2vyDdBtJEB"}}},{"__type__":"cc.SpriteFrame","content":{"name":"stand_1_rd1rd2_stand_3_rd1rd2_ride_ride_9321_rd1_stand_3_8","texture":"85dMRqwcxE8ZwElX43pRDV","rect":[165,1,152,130],"offset":[47,-10],"originalSize":[480,480],"capInsets":[0,0,0,0]}},{"__type__":"cc.SpriteFrame","content":{"name":"stand_1_rd1rd2_stand_3_rd1rd2_ride_ride_9321_rd1_stand_3_5","texture":"85dMRqwcxE8ZwElX43pRDV","rect":[159,275,160,148],"offset":[52,-20],"originalSize":[480,480],"capInsets":[0,0,0,0]}},{"__type__":"cc.SpriteFrame","content":{"name":"stand_1_rd1rd2_stand_3_rd1rd2_ride_ride_9321_rd1_stand_3_1","texture":"85dMRqwcxE8ZwElX43pRDV","rect":[1,1,162,130],"offset":[54,-10],"originalSize":[480,480],"capInsets":[0,0,0,0]}}]