[{"__type__":"cc.SpriteAtlas","_name":"stand_3_part2.plist","_spriteFrames":{"stand_3_part2_wing_5013_stand_3_part2_0001":{"__uuid__":"0eKUGOqy9ORI91/HEGdudS"},"stand_3_part2_wing_5013_stand_3_part2_0002":{"__uuid__":"faQyS7EYtN3qlPpsengHpm"},"stand_3_part2_wing_5013_stand_3_part2_0003":{"__uuid__":"e8a+bH42lOfaPj0NxNtyIL"},"stand_3_part2_wing_5013_stand_3_part2_0004":{"__uuid__":"398TRfZZ5I24IJEtAGWlE0"},"stand_3_part2_wing_5013_stand_3_part2_0005":{"__uuid__":"bbbkpiujNOyY8iy/e7RoXR"},"stand_3_part2_wing_5013_stand_3_part2_0006":{"__uuid__":"7alA0LG6ZKaokbrPqwKPNX"},"stand_3_part2_wing_5013_stand_3_part2_0007":{"__uuid__":"f85Zfgg1FOhL2D/XzWwqWK"},"stand_3_part2_wing_5013_stand_3_part2_0008":{"__uuid__":"fc1AeJhZFNr7jHLCg8IMqf"},"stand_3_part2_wing_5013_stand_3_part2_0009":{"__uuid__":"9cFjmYUF9I76o4oLTMkSYH"},"stand_3_part2_wing_5013_stand_3_part2_0010":{"__uuid__":"07ksp9CxtI2ZuBRlvvZ4VG"},"stand_3_part2_wing_5013_stand_3_part2_0011":{"__uuid__":"34KrTEuFBAjbrH6oCJLOHw"},"stand_3_part2_wing_5013_stand_3_part2_0012":{"__uuid__":"4b9O1wzO9OdoarD6mP2TMu"}}},{"__type__":"cc.SpriteFrame","content":{"name":"stand_3_part2_wing_5013_stand_3_part2_0010","texture":"81nZaC2FJEZr4W38YbyBdX","rect":[104,82,80,94],"offset":[50,60],"originalSize":[500,500],"rotated":1,"capInsets":[0,0,0,0]}},{"__type__":"cc.SpriteFrame","content":{"name":"stand_3_part2_wing_5013_stand_3_part2_0001","texture":"81nZaC2FJEZr4W38YbyBdX","rect":[104,2,78,102],"offset":[49,70],"originalSize":[500,500],"rotated":1,"capInsets":[0,0,0,0]}},{"__type__":"cc.SpriteFrame","content":{"name":"stand_3_part2_wing_5013_stand_3_part2_0011","texture":"81nZaC2FJEZr4W38YbyBdX","rect":[2,80,80,100],"offset":[49,68],"originalSize":[500,500],"rotated":1,"capInsets":[0,0,0,0]}},{"__type__":"cc.SpriteFrame","content":{"name":"stand_3_part2_wing_5013_stand_3_part2_0004","texture":"81nZaC2FJEZr4W38YbyBdX","rect":[2,162,82,96],"offset":[51,63],"originalSize":[500,500],"rotated":1,"capInsets":[0,0,0,0]}},{"__type__":"cc.SpriteFrame","content":{"name":"stand_3_part2_wing_5013_stand_3_part2_0012","texture":"81nZaC2FJEZr4W38YbyBdX","rect":[2,2,76,100],"offset":[47,69],"originalSize":[500,500],"rotated":1,"capInsets":[0,0,0,0]}},{"__type__":"cc.SpriteFrame","content":{"name":"stand_3_part2_wing_5013_stand_3_part2_0006","texture":"81nZaC2FJEZr4W38YbyBdX","rect":[96,422,88,92],"offset":[54,60],"originalSize":[500,500],"rotated":1,"capInsets":[0,0,0,0]}},{"__type__":"cc.SpriteFrame","content":{"name":"stand_3_part2_wing_5013_stand_3_part2_0009","texture":"81nZaC2FJEZr4W38YbyBdX","rect":[2,246,82,88],"offset":[49,59],"originalSize":[500,500],"rotated":1,"capInsets":[0,0,0,0]}},{"__type__":"cc.SpriteFrame","content":{"name":"stand_3_part2_wing_5013_stand_3_part2_0005","texture":"81nZaC2FJEZr4W38YbyBdX","rect":[2,422,88,92],"offset":[50,60],"originalSize":[500,500],"rotated":1,"capInsets":[0,0,0,0]}},{"__type__":"cc.SpriteFrame","content":{"name":"stand_3_part2_wing_5013_stand_3_part2_0003","texture":"81nZaC2FJEZr4W38YbyBdX","rect":[92,248,84,100],"offset":[50,66],"originalSize":[500,500],"rotated":1,"capInsets":[0,0,0,0]}},{"__type__":"cc.SpriteFrame","content":{"name":"stand_3_part2_wing_5013_stand_3_part2_0007","texture":"81nZaC2FJEZr4W38YbyBdX","rect":[90,334,86,86],"offset":[52,57],"originalSize":[500,500],"capInsets":[0,0,0,0]}},{"__type__":"cc.SpriteFrame","content":{"name":"stand_3_part2_wing_5013_stand_3_part2_0002","texture":"81nZaC2FJEZr4W38YbyBdX","rect":[100,164,82,108],"offset":[50,72],"originalSize":[500,500],"rotated":1,"capInsets":[0,0,0,0]}},{"__type__":"cc.SpriteFrame","content":{"name":"stand_3_part2_wing_5013_stand_3_part2_0008","texture":"81nZaC2FJEZr4W38YbyBdX","rect":[2,330,84,86],"offset":[51,56],"originalSize":[500,500],"rotated":1,"capInsets":[0,0,0,0]}}]