[{"__type__":"cc.SpriteFrame","content":{"name":"stand_3_part2_wing_5002_stand_3_part2_0009","texture":"f5ptJLW/9Fgp54hpe1bTWr","rect":[2,58,76,56],"offset":[50,52],"originalSize":[460,460],"capInsets":[0,0,0,0]}},{"__type__":"cc.SpriteFrame","content":{"name":"stand_3_part2_wing_5002_stand_3_part2_0008","texture":"f5ptJLW/9Fgp54hpe1bTWr","rect":[80,118,74,60],"offset":[49,53],"originalSize":[460,460],"capInsets":[0,0,0,0]}},{"__type__":"cc.SpriteAtlas","_name":"stand_3_part2.plist","_spriteFrames":{"stand_3_part2_wing_5002_stand_3_part2_0001":{"__uuid__":"b7W1Z7q1dHPYwKxBUZsO9B"},"stand_3_part2_wing_5002_stand_3_part2_0002":{"__uuid__":"fbhXAwJ/dIRrAeSuQVq9Hx"},"stand_3_part2_wing_5002_stand_3_part2_0003":{"__uuid__":"85mQSta41BSKB+z6OM9l68"},"stand_3_part2_wing_5002_stand_3_part2_0004":{"__uuid__":"bd/7RIRYBHm7Rxc28hU5Kb"},"stand_3_part2_wing_5002_stand_3_part2_0005":{"__uuid__":"3fLFGzbL9BwZ7uaOKcYtUg"},"stand_3_part2_wing_5002_stand_3_part2_0006":{"__uuid__":"48AG7zcgtMk7WhVX9lIP+/"},"stand_3_part2_wing_5002_stand_3_part2_0007":{"__uuid__":"d67w3azptN44+biq8q0U+J"},"stand_3_part2_wing_5002_stand_3_part2_0008":{"__uuid__":"36i72ZCfVBqLYHK+wZ3/Jh"},"stand_3_part2_wing_5002_stand_3_part2_0009":{"__uuid__":"2e8FRT85ZJ0IZz1MnS+mQG"},"stand_3_part2_wing_5002_stand_3_part2_0010":{"__uuid__":"97eR3bWadNZbwP28jtmQn5"},"stand_3_part2_wing_5002_stand_3_part2_0011":{"__uuid__":"72sAacyQZGWIbQ3TFYneBe"},"stand_3_part2_wing_5002_stand_3_part2_0012":{"__uuid__":"a4C2RFQTBEMLuSek+/9rtl"}}},{"__type__":"cc.SpriteFrame","content":{"name":"stand_3_part2_wing_5002_stand_3_part2_0005","texture":"f5ptJLW/9Fgp54hpe1bTWr","rect":[156,122,78,60],"offset":[50,53],"originalSize":[460,460],"capInsets":[0,0,0,0]}},{"__type__":"cc.SpriteFrame","content":{"name":"stand_3_part2_wing_5002_stand_3_part2_0006","texture":"f5ptJLW/9Fgp54hpe1bTWr","rect":[158,60,80,60],"offset":[51,52],"originalSize":[460,460],"capInsets":[0,0,0,0]}},{"__type__":"cc.SpriteFrame","content":{"name":"stand_3_part2_wing_5002_stand_3_part2_0011","texture":"f5ptJLW/9Fgp54hpe1bTWr","rect":[74,180,74,64],"offset":[50,49],"originalSize":[460,460],"capInsets":[0,0,0,0]}},{"__type__":"cc.SpriteFrame","content":{"name":"stand_3_part2_wing_5002_stand_3_part2_0003","texture":"f5ptJLW/9Fgp54hpe1bTWr","rect":[158,2,78,56],"offset":[51,53],"originalSize":[460,460],"capInsets":[0,0,0,0]}},{"__type__":"cc.SpriteFrame","content":{"name":"stand_3_part2_wing_5002_stand_3_part2_0010","texture":"f5ptJLW/9Fgp54hpe1bTWr","rect":[150,184,70,70],"offset":[52,47],"originalSize":[460,460],"capInsets":[0,0,0,0]}},{"__type__":"cc.SpriteFrame","content":{"name":"stand_3_part2_wing_5002_stand_3_part2_0012","texture":"f5ptJLW/9Fgp54hpe1bTWr","rect":[82,2,74,54],"offset":[51,53],"originalSize":[460,460],"capInsets":[0,0,0,0]}},{"__type__":"cc.SpriteFrame","content":{"name":"stand_3_part2_wing_5002_stand_3_part2_0001","texture":"f5ptJLW/9Fgp54hpe1bTWr","rect":[80,58,76,58],"offset":[51,53],"originalSize":[460,460],"capInsets":[0,0,0,0]}},{"__type__":"cc.SpriteFrame","content":{"name":"stand_3_part2_wing_5002_stand_3_part2_0004","texture":"f5ptJLW/9Fgp54hpe1bTWr","rect":[2,116,76,60],"offset":[51,55],"originalSize":[460,460],"capInsets":[0,0,0,0]}},{"__type__":"cc.SpriteFrame","content":{"name":"stand_3_part2_wing_5002_stand_3_part2_0007","texture":"f5ptJLW/9Fgp54hpe1bTWr","rect":[2,178,70,60],"offset":[50,52],"originalSize":[460,460],"capInsets":[0,0,0,0]}},{"__type__":"cc.SpriteFrame","content":{"name":"stand_3_part2_wing_5002_stand_3_part2_0002","texture":"f5ptJLW/9Fgp54hpe1bTWr","rect":[2,2,78,54],"offset":[51,52],"originalSize":[460,460],"capInsets":[0,0,0,0]}}]