[{"__type__":"cc.SpriteFrame","content":{"name":"stand_3_part1_wing_5010_stand_3_part1_0003","texture":"230ZgW/lZBUocL/A5qs47R","rect":[2,92,94,94],"offset":[-16,34],"originalSize":[500,500],"capInsets":[0,0,0,0]}},{"__type__":"cc.SpriteFrame","content":{"name":"stand_3_part1_wing_5010_stand_3_part1_0006","texture":"230ZgW/lZBUocL/A5qs47R","rect":[2,346,76,92],"offset":[-7,31],"originalSize":[500,500],"rotated":1,"capInsets":[0,0,0,0]}},{"__type__":"cc.SpriteFrame","content":{"name":"stand_3_part1_wing_5010_stand_3_part1_0012","texture":"230ZgW/lZBUocL/A5qs47R","rect":[106,2,80,98],"offset":[-9,34],"originalSize":[500,500],"rotated":1,"capInsets":[0,0,0,0]}},{"__type__":"cc.SpriteFrame","content":{"name":"stand_3_part1_wing_5010_stand_3_part1_0007","texture":"230ZgW/lZBUocL/A5qs47R","rect":[2,266,78,92],"offset":[-8,31],"originalSize":[500,500],"rotated":1,"capInsets":[0,0,0,0]}},{"__type__":"cc.SpriteFrame","content":{"name":"stand_3_part1_wing_5010_stand_3_part1_0001","texture":"230ZgW/lZBUocL/A5qs47R","rect":[2,2,88,102],"offset":[-13,36],"originalSize":[500,500],"rotated":1,"capInsets":[0,0,0,0]}},{"__type__":"cc.SpriteAtlas","_name":"stand_3_part1.plist","_spriteFrames":{"stand_3_part1_wing_5010_stand_3_part1_0001":{"__uuid__":"24ghdewxZL5r2d0c3RRKO4"},"stand_3_part1_wing_5010_stand_3_part1_0002":{"__uuid__":"d1Jc/0wC1Gzpkao+WKan6d"},"stand_3_part1_wing_5010_stand_3_part1_0003":{"__uuid__":"0dwDG3W+9Cx44B5gGtDliy"},"stand_3_part1_wing_5010_stand_3_part1_0004":{"__uuid__":"71durQ/zRGu7xqlAl7m2Nj"},"stand_3_part1_wing_5010_stand_3_part1_0005":{"__uuid__":"6aJYwTgItO14qxPdUcUBiN"},"stand_3_part1_wing_5010_stand_3_part1_0006":{"__uuid__":"13XygNusVOW5498ZksrzR5"},"stand_3_part1_wing_5010_stand_3_part1_0007":{"__uuid__":"1dAqPbqfVCpJ1CW7Z7R6Ef"},"stand_3_part1_wing_5010_stand_3_part1_0008":{"__uuid__":"9fLER8tiBIJ4BCE169V2gb"},"stand_3_part1_wing_5010_stand_3_part1_0009":{"__uuid__":"b9JuOBVzlA4p+BaYT+BKdB"},"stand_3_part1_wing_5010_stand_3_part1_0010":{"__uuid__":"a3cXvPH4hJOqkuYcAVo4/k"},"stand_3_part1_wing_5010_stand_3_part1_0011":{"__uuid__":"99BzPcQLJLK6pBiwzSLwAz"},"stand_3_part1_wing_5010_stand_3_part1_0012":{"__uuid__":"17ohhPlJlDsak4sOYKvOLW"}}},{"__type__":"cc.SpriteFrame","content":{"name":"stand_3_part1_wing_5010_stand_3_part1_0005","texture":"230ZgW/lZBUocL/A5qs47R","rect":[2,188,76,94],"offset":[-7,32],"originalSize":[500,500],"rotated":1,"capInsets":[0,0,0,0]}},{"__type__":"cc.SpriteFrame","content":{"name":"stand_3_part1_wing_5010_stand_3_part1_0004","texture":"230ZgW/lZBUocL/A5qs47R","rect":[98,176,92,94],"offset":[-15,32],"originalSize":[500,500],"rotated":1,"capInsets":[0,0,0,0]}},{"__type__":"cc.SpriteFrame","content":{"name":"stand_3_part1_wing_5010_stand_3_part1_0011","texture":"230ZgW/lZBUocL/A5qs47R","rect":[96,350,72,88],"offset":[-5,30],"originalSize":[500,500],"rotated":1,"capInsets":[0,0,0,0]}},{"__type__":"cc.SpriteFrame","content":{"name":"stand_3_part1_wing_5010_stand_3_part1_0008","texture":"230ZgW/lZBUocL/A5qs47R","rect":[96,270,78,92],"offset":[-8,31],"originalSize":[500,500],"rotated":1,"capInsets":[0,0,0,0]}},{"__type__":"cc.SpriteFrame","content":{"name":"stand_3_part1_wing_5010_stand_3_part1_0010","texture":"230ZgW/lZBUocL/A5qs47R","rect":[2,424,72,86],"offset":[-5,28],"originalSize":[500,500],"capInsets":[0,0,0,0]}},{"__type__":"cc.SpriteFrame","content":{"name":"stand_3_part1_wing_5010_stand_3_part1_0009","texture":"230ZgW/lZBUocL/A5qs47R","rect":[76,424,78,88],"offset":[-8,30],"originalSize":[500,500],"rotated":1,"capInsets":[0,0,0,0]}},{"__type__":"cc.SpriteFrame","content":{"name":"stand_3_part1_wing_5010_stand_3_part1_0002","texture":"230ZgW/lZBUocL/A5qs47R","rect":[106,84,90,96],"offset":[-14,37],"originalSize":[500,500],"rotated":1,"capInsets":[0,0,0,0]}}]