[{"__type__":"cc.SpriteAtlas","_name":"stand_1_b.plist","_spriteFrames":{"stand_13_rd1rd2_ride_ride_9411_rd2_stand_1_1":{"__uuid__":"50y4vHbX9AVaTk/fb53m04"},"stand_13_rd1rd2_ride_ride_9411_rd2_stand_1_2":{"__uuid__":"a2Qdz9NuFC9bkIarihbsjv"},"stand_13_rd1rd2_ride_ride_9411_rd2_stand_1_3":{"__uuid__":"33bi9rKzZOXqTnA7J4lTFw"},"stand_13_rd1rd2_ride_ride_9411_rd2_stand_1_4":{"__uuid__":"27Z/k/apdKyp7OLPMdvXn7"},"stand_13_rd1rd2_ride_ride_9411_rd2_stand_1_5":{"__uuid__":"efIdMnkmNAt7lYnNV1fImZ"},"stand_13_rd1rd2_ride_ride_9411_rd2_stand_1_6":{"__uuid__":"a96orEF5FAALE0Qn58486f"},"stand_13_rd1rd2_ride_ride_9411_rd2_stand_1_7":{"__uuid__":"5aYdjmM6FMx7naBNyHbeD7"},"stand_13_rd1rd2_ride_ride_9411_rd2_stand_1_8":{"__uuid__":"fbbRmsVxBG9JZ3hMbKUGnM"}}},{"__type__":"cc.SpriteFrame","content":{"name":"stand_13_rd1rd2_ride_ride_9411_rd2_stand_1_4","texture":"38r09nOTZHVLbkiTm0mM5A","rect":[1,393,216,192],"offset":[-41,12],"originalSize":[450,450],"capInsets":[0,0,0,0]}},{"__type__":"cc.SpriteFrame","content":{"name":"stand_13_rd1rd2_ride_ride_9411_rd2_stand_1_3","texture":"38r09nOTZHVLbkiTm0mM5A","rect":[229,1,206,182],"offset":[-36,7],"originalSize":[450,450],"capInsets":[0,0,0,0]}},{"__type__":"cc.SpriteFrame","content":{"name":"stand_13_rd1rd2_ride_ride_9411_rd2_stand_1_1","texture":"38r09nOTZHVLbkiTm0mM5A","rect":[435,383,188,190],"offset":[-26,11],"originalSize":[450,450],"capInsets":[0,0,0,0]}},{"__type__":"cc.SpriteFrame","content":{"name":"stand_13_rd1rd2_ride_ride_9411_rd2_stand_1_7","texture":"38r09nOTZHVLbkiTm0mM5A","rect":[219,393,214,188],"offset":[-38,10],"originalSize":[450,450],"capInsets":[0,0,0,0]}},{"__type__":"cc.SpriteFrame","content":{"name":"stand_13_rd1rd2_ride_ride_9411_rd2_stand_1_2","texture":"38r09nOTZHVLbkiTm0mM5A","rect":[229,185,202,174],"offset":[-33,8],"originalSize":[450,450],"capInsets":[0,0,0,0]}},{"__type__":"cc.SpriteFrame","content":{"name":"stand_13_rd1rd2_ride_ride_9411_rd2_stand_1_6","texture":"38r09nOTZHVLbkiTm0mM5A","rect":[1,199,226,192],"offset":[-45,12],"originalSize":[450,450],"capInsets":[0,0,0,0]}},{"__type__":"cc.SpriteFrame","content":{"name":"stand_13_rd1rd2_ride_ride_9411_rd2_stand_1_5","texture":"38r09nOTZHVLbkiTm0mM5A","rect":[1,1,226,196],"offset":[-46,14],"originalSize":[450,450],"capInsets":[0,0,0,0]}},{"__type__":"cc.SpriteFrame","content":{"name":"stand_13_rd1rd2_ride_ride_9411_rd2_stand_1_8","texture":"38r09nOTZHVLbkiTm0mM5A","rect":[433,185,194,196],"offset":[-29,14],"originalSize":[450,450],"capInsets":[0,0,0,0]}}]