[{"__type__":"cc.SpriteFrame","content":{"name":"stand_3_rd2_ride_ride_9111_rd2_stand_3_5","texture":"8fYYB+Fl1NYolRyzhpPhlB","rect":[2,2,123,209],"offset":[-40,73],"originalSize":[465,465],"capInsets":[0,0,0,0]}},{"__type__":"cc.SpriteFrame","content":{"name":"stand_3_rd2_ride_ride_9111_rd2_stand_3_3","texture":"8fYYB+Fl1NYolRyzhpPhlB","rect":[127,252,123,207],"offset":[-40,72],"originalSize":[465,465],"rotated":1,"capInsets":[0,0,0,0]}},{"__type__":"cc.SpriteAtlas","_name":"stand_3_b.plist","_spriteFrames":{"stand_3_rd2_ride_ride_9111_rd2_stand_3_1":{"__uuid__":"9631h2YElHlIazjh2vudLh"},"stand_3_rd2_ride_ride_9111_rd2_stand_3_2":{"__uuid__":"a7zcSg0IZBPb34DKwRNDqC"},"stand_3_rd2_ride_ride_9111_rd2_stand_3_3":{"__uuid__":"33NNyEmHdItYd6I1vGmJK6"},"stand_3_rd2_ride_ride_9111_rd2_stand_3_4":{"__uuid__":"4ftBJwHh5Pe5iEyBqbdHbq"},"stand_3_rd2_ride_ride_9111_rd2_stand_3_5":{"__uuid__":"151JhO1RdBqJg2TdNlGZtB"},"stand_3_rd2_ride_ride_9111_rd2_stand_3_6":{"__uuid__":"b2p9NI8LdHhqclZYb5y/F/"},"stand_3_rd2_ride_ride_9111_rd2_stand_3_7":{"__uuid__":"69yWJ5dfNLnrkaYgUBDm32"},"stand_3_rd2_ride_ride_9111_rd2_stand_3_8":{"__uuid__":"6biYOgwpxPWoKmj6n8qmqa"}}},{"__type__":"cc.SpriteFrame","content":{"name":"stand_3_rd2_ride_ride_9111_rd2_stand_3_4","texture":"8fYYB+Fl1NYolRyzhpPhlB","rect":[127,377,123,207],"offset":[-41,72],"originalSize":[465,465],"rotated":1,"capInsets":[0,0,0,0]}},{"__type__":"cc.SpriteFrame","content":{"name":"stand_3_rd2_ride_ride_9111_rd2_stand_3_7","texture":"8fYYB+Fl1NYolRyzhpPhlB","rect":[127,2,123,209],"offset":[-40,74],"originalSize":[465,465],"rotated":1,"capInsets":[0,0,0,0]}},{"__type__":"cc.SpriteFrame","content":{"name":"stand_3_rd2_ride_ride_9111_rd2_stand_3_8","texture":"8fYYB+Fl1NYolRyzhpPhlB","rect":[338,2,123,209],"offset":[-40,73],"originalSize":[465,465],"capInsets":[0,0,0,0]}},{"__type__":"cc.SpriteFrame","content":{"name":"stand_3_rd2_ride_ride_9111_rd2_stand_3_1","texture":"8fYYB+Fl1NYolRyzhpPhlB","rect":[127,127,123,207],"offset":[-40,72],"originalSize":[465,465],"rotated":1,"capInsets":[0,0,0,0]}},{"__type__":"cc.SpriteFrame","content":{"name":"stand_3_rd2_ride_ride_9111_rd2_stand_3_2","texture":"8fYYB+Fl1NYolRyzhpPhlB","rect":[336,213,123,207],"offset":[-40,72],"originalSize":[465,465],"capInsets":[0,0,0,0]}},{"__type__":"cc.SpriteFrame","content":{"name":"stand_3_rd2_ride_ride_9111_rd2_stand_3_6","texture":"8fYYB+Fl1NYolRyzhpPhlB","rect":[2,213,123,209],"offset":[-40,73],"originalSize":[465,465],"capInsets":[0,0,0,0]}}]