[{"__type__":"cc.SpriteFrame","content":{"name":"stand_13_sh_ride_shape_4008_sh_stand_3_1","texture":"2eoEQeOZpE0rmLm1i7ftkn","rect":[237,125,76,120],"offset":[-4,-22],"originalSize":[500,500],"capInsets":[0,0,0,0]}},{"__type__":"cc.SpriteFrame","content":{"name":"stand_13_sh_ride_shape_4008_sh_stand_3_5","texture":"2eoEQeOZpE0rmLm1i7ftkn","rect":[81,1,78,122],"offset":[-4,-22],"originalSize":[500,500],"capInsets":[0,0,0,0]}},{"__type__":"cc.SpriteFrame","content":{"name":"stand_13_sh_ride_shape_4008_sh_stand_3_4","texture":"2eoEQeOZpE0rmLm1i7ftkn","rect":[81,125,76,122],"offset":[-3,-22],"originalSize":[500,500],"capInsets":[0,0,0,0]}},{"__type__":"cc.SpriteFrame","content":{"name":"stand_13_sh_ride_shape_4008_sh_stand_3_7","texture":"2eoEQeOZpE0rmLm1i7ftkn","rect":[239,1,74,122],"offset":[-4,-22],"originalSize":[500,500],"capInsets":[0,0,0,0]}},{"__type__":"cc.SpriteAtlas","_name":"stand_3.plist","_spriteFrames":{"stand_13_sh_ride_shape_4008_sh_stand_3_1":{"__uuid__":"03Mj6qEclFM6pRR9ZSAmXB"},"stand_13_sh_ride_shape_4008_sh_stand_3_2":{"__uuid__":"eaKhMx0ZREnp9BKFnWIMTP"},"stand_13_sh_ride_shape_4008_sh_stand_3_3":{"__uuid__":"5fov39+xdKJKbF8eNcfmWR"},"stand_13_sh_ride_shape_4008_sh_stand_3_4":{"__uuid__":"33IVk1OLhOqYCVlDTbjyI6"},"stand_13_sh_ride_shape_4008_sh_stand_3_5":{"__uuid__":"1eNq+SDQNPU4KY+FPbngEu"},"stand_13_sh_ride_shape_4008_sh_stand_3_6":{"__uuid__":"c0545hugBA17zayLNOF6J+"},"stand_13_sh_ride_shape_4008_sh_stand_3_7":{"__uuid__":"367DiWIJhJVqChPeFZyN8j"},"stand_13_sh_ride_shape_4008_sh_stand_3_8":{"__uuid__":"56UnlZpotECYUoTHWNKpuD"}}},{"__type__":"cc.SpriteFrame","content":{"name":"stand_13_sh_ride_shape_4008_sh_stand_3_8","texture":"2eoEQeOZpE0rmLm1i7ftkn","rect":[161,1,76,122],"offset":[-4,-22],"originalSize":[500,500],"capInsets":[0,0,0,0]}},{"__type__":"cc.SpriteFrame","content":{"name":"stand_13_sh_ride_shape_4008_sh_stand_3_3","texture":"2eoEQeOZpE0rmLm1i7ftkn","rect":[1,125,78,122],"offset":[-3,-22],"originalSize":[500,500],"capInsets":[0,0,0,0]}},{"__type__":"cc.SpriteFrame","content":{"name":"stand_13_sh_ride_shape_4008_sh_stand_3_6","texture":"2eoEQeOZpE0rmLm1i7ftkn","rect":[159,125,76,122],"offset":[-4,-22],"originalSize":[500,500],"capInsets":[0,0,0,0]}},{"__type__":"cc.SpriteFrame","content":{"name":"stand_13_sh_ride_shape_4008_sh_stand_3_2","texture":"2eoEQeOZpE0rmLm1i7ftkn","rect":[1,1,78,122],"offset":[-3,-22],"originalSize":[500,500],"capInsets":[0,0,0,0]}}]