[{"__type__":"cc.SpriteFrame","content":{"name":"stand_3_part2_wing_5010_stand_3_part2_0002","texture":"b76pvQW4tDMbM6jP8oZZ7T","rect":[182,2,72,138],"offset":[47,81],"originalSize":[500,500],"capInsets":[0,0,0,0]}},{"__type__":"cc.SpriteFrame","content":{"name":"stand_3_part2_wing_5010_stand_3_part2_0006","texture":"b76pvQW4tDMbM6jP8oZZ7T","rect":[2,312,90,146],"offset":[55,82],"originalSize":[500,500],"capInsets":[0,0,0,0]}},{"__type__":"cc.SpriteFrame","content":{"name":"stand_3_part2_wing_5010_stand_3_part2_0009","texture":"b76pvQW4tDMbM6jP8oZZ7T","rect":[184,296,86,104],"offset":[53,60],"originalSize":[500,500],"capInsets":[0,0,0,0]}},{"__type__":"cc.SpriteAtlas","_name":"stand_3_part2.plist","_spriteFrames":{"stand_3_part2_wing_5010_stand_3_part2_0001":{"__uuid__":"349KzSZ0JCR6o6EBTaxg54"},"stand_3_part2_wing_5010_stand_3_part2_0002":{"__uuid__":"06wIK5l9hHFYluY6h2neHH"},"stand_3_part2_wing_5010_stand_3_part2_0003":{"__uuid__":"40nZhagrVBl5a6QbJc7eec"},"stand_3_part2_wing_5010_stand_3_part2_0004":{"__uuid__":"ceU0qd1HZKK4f/I5KLRsx/"},"stand_3_part2_wing_5010_stand_3_part2_0005":{"__uuid__":"d75KPisjdH2qmWGOpo1cvC"},"stand_3_part2_wing_5010_stand_3_part2_0006":{"__uuid__":"09xJ3k509AuLoZbiFJC24d"},"stand_3_part2_wing_5010_stand_3_part2_0007":{"__uuid__":"f2xqV9ZVNCsICFuQML6zNr"},"stand_3_part2_wing_5010_stand_3_part2_0008":{"__uuid__":"94gqITBvNAwpe+p1Eqd9n8"},"stand_3_part2_wing_5010_stand_3_part2_0009":{"__uuid__":"1aBSMcBfdLzbpw2AY8mYna"},"stand_3_part2_wing_5010_stand_3_part2_0010":{"__uuid__":"b8mYwjemRJR79QRw1BPymG"},"stand_3_part2_wing_5010_stand_3_part2_0011":{"__uuid__":"caBPH+iXFGnancuuaWtXYs"},"stand_3_part2_wing_5010_stand_3_part2_0012":{"__uuid__":"aezAdiMMVE4KBFZE1WatnC"}}},{"__type__":"cc.SpriteFrame","content":{"name":"stand_3_part2_wing_5010_stand_3_part2_0001","texture":"b76pvQW4tDMbM6jP8oZZ7T","rect":[2,2,86,158],"offset":[53,56],"originalSize":[500,500],"capInsets":[0,0,0,0]}},{"__type__":"cc.SpriteFrame","content":{"name":"stand_3_part2_wing_5010_stand_3_part2_0003","texture":"b76pvQW4tDMbM6jP8oZZ7T","rect":[180,152,76,142],"offset":[48,83],"originalSize":[500,500],"capInsets":[0,0,0,0]}},{"__type__":"cc.SpriteFrame","content":{"name":"stand_3_part2_wing_5010_stand_3_part2_0008","texture":"b76pvQW4tDMbM6jP8oZZ7T","rect":[90,2,90,148],"offset":[55,82],"originalSize":[500,500],"capInsets":[0,0,0,0]}},{"__type__":"cc.SpriteFrame","content":{"name":"stand_3_part2_wing_5010_stand_3_part2_0012","texture":"b76pvQW4tDMbM6jP8oZZ7T","rect":[256,2,86,124],"offset":[54,73],"originalSize":[500,500],"capInsets":[0,0,0,0]}},{"__type__":"cc.SpriteFrame","content":{"name":"stand_3_part2_wing_5010_stand_3_part2_0010","texture":"b76pvQW4tDMbM6jP8oZZ7T","rect":[344,88,88,114],"offset":[54,65],"originalSize":[500,500],"rotated":1,"capInsets":[0,0,0,0]}},{"__type__":"cc.SpriteFrame","content":{"name":"stand_3_part2_wing_5010_stand_3_part2_0011","texture":"b76pvQW4tDMbM6jP8oZZ7T","rect":[344,2,84,120],"offset":[53,70],"originalSize":[500,500],"rotated":1,"capInsets":[0,0,0,0]}},{"__type__":"cc.SpriteFrame","content":{"name":"stand_3_part2_wing_5010_stand_3_part2_0004","texture":"b76pvQW4tDMbM6jP8oZZ7T","rect":[96,152,82,144],"offset":[51,83],"originalSize":[500,500],"capInsets":[0,0,0,0]}},{"__type__":"cc.SpriteFrame","content":{"name":"stand_3_part2_wing_5010_stand_3_part2_0005","texture":"b76pvQW4tDMbM6jP8oZZ7T","rect":[94,312,88,144],"offset":[54,81],"originalSize":[500,500],"capInsets":[0,0,0,0]}},{"__type__":"cc.SpriteFrame","content":{"name":"stand_3_part2_wing_5010_stand_3_part2_0007","texture":"b76pvQW4tDMbM6jP8oZZ7T","rect":[2,162,92,148],"offset":[56,82],"originalSize":[500,500],"capInsets":[0,0,0,0]}}]