[{"__type__":"cc.SpriteFrame","content":{"name":"run_1_rd1rd2_ride_ride_9231_rd1_run_1_6","texture":"35hm+Ycl1JxIgN9L/THyUa","rect":[1,267,306,258],"offset":[-30,37],"originalSize":[424,424],"capInsets":[0,0,0,0]}},{"__type__":"cc.SpriteAtlas","_name":"run_1_f.plist","_spriteFrames":{"run_1_rd1rd2_ride_ride_9231_rd1_run_1_1":{"__uuid__":"40wgRJpjdL74ZUjg8rmk8X"},"run_1_rd1rd2_ride_ride_9231_rd1_run_1_2":{"__uuid__":"54UwcVzNVGMqeAVdEJRnjU"},"run_1_rd1rd2_ride_ride_9231_rd1_run_1_3":{"__uuid__":"82CoQnSahEP4PiE+vvksjZ"},"run_1_rd1rd2_ride_ride_9231_rd1_run_1_4":{"__uuid__":"9faCa2xixCCbeH64xXXAWY"},"run_1_rd1rd2_ride_ride_9231_rd1_run_1_5":{"__uuid__":"a7ealj4vJIto1E5qbwJ5zv"},"run_1_rd1rd2_ride_ride_9231_rd1_run_1_6":{"__uuid__":"04Jvg/QCRGaZ7KQBYid9Ye"},"run_1_rd1rd2_ride_ride_9231_rd1_run_1_7":{"__uuid__":"95hLnRIW5P9qqXgMM7z7Mp"},"run_1_rd1rd2_ride_ride_9231_rd1_run_1_8":{"__uuid__":"9dw7M3QlZCPKis6khhtSeY"}}},{"__type__":"cc.SpriteFrame","content":{"name":"run_1_rd1rd2_ride_ride_9231_rd1_run_1_1","texture":"35hm+Ycl1JxIgN9L/THyUa","rect":[609,257,288,244],"offset":[-24,44],"originalSize":[424,424],"capInsets":[0,0,0,0]}},{"__type__":"cc.SpriteFrame","content":{"name":"run_1_rd1rd2_ride_ride_9231_rd1_run_1_2","texture":"35hm+Ycl1JxIgN9L/THyUa","rect":[605,505,292,240],"offset":[-26,47],"originalSize":[424,424],"capInsets":[0,0,0,0]}},{"__type__":"cc.SpriteFrame","content":{"name":"run_1_rd1rd2_ride_ride_9231_rd1_run_1_3","texture":"35hm+Ycl1JxIgN9L/THyUa","rect":[309,257,298,246],"offset":[-26,43],"originalSize":[424,424],"capInsets":[0,0,0,0]}},{"__type__":"cc.SpriteFrame","content":{"name":"run_1_rd1rd2_ride_ride_9231_rd1_run_1_7","texture":"35hm+Ycl1JxIgN9L/THyUa","rect":[309,1,304,254],"offset":[-31,40],"originalSize":[424,424],"capInsets":[0,0,0,0]}},{"__type__":"cc.SpriteFrame","content":{"name":"run_1_rd1rd2_ride_ride_9231_rd1_run_1_8","texture":"35hm+Ycl1JxIgN9L/THyUa","rect":[309,505,294,248],"offset":[-28,42],"originalSize":[424,424],"capInsets":[0,0,0,0]}},{"__type__":"cc.SpriteFrame","content":{"name":"run_1_rd1rd2_ride_ride_9231_rd1_run_1_4","texture":"35hm+Ycl1JxIgN9L/THyUa","rect":[1,527,296,252],"offset":[-30,40],"originalSize":[424,424],"capInsets":[0,0,0,0]}},{"__type__":"cc.SpriteFrame","content":{"name":"run_1_rd1rd2_ride_ride_9231_rd1_run_1_5","texture":"35hm+Ycl1JxIgN9L/THyUa","rect":[1,1,306,264],"offset":[-28,33],"originalSize":[424,424],"capInsets":[0,0,0,0]}}]