[{"__type__":"cc.SpriteFrame","content":{"name":"stand_13_sh_ride_shape_2033_sh_stand_3_0001","texture":"109cv6cVVEWIK+MGMfbois","rect":[1,123,100,118],"offset":[-4,40],"originalSize":[490,490],"capInsets":[0,0,0,0]}},{"__type__":"cc.SpriteFrame","content":{"name":"stand_13_sh_ride_shape_2033_sh_stand_3_0002","texture":"109cv6cVVEWIK+MGMfbois","rect":[203,123,96,118],"offset":[-4,40],"originalSize":[490,490],"capInsets":[0,0,0,0]}},{"__type__":"cc.SpriteFrame","content":{"name":"stand_13_sh_ride_shape_2033_sh_stand_3_0003","texture":"109cv6cVVEWIK+MGMfbois","rect":[1,243,96,118],"offset":[-3,41],"originalSize":[490,490],"capInsets":[0,0,0,0]}},{"__type__":"cc.SpriteFrame","content":{"name":"stand_13_sh_ride_shape_2033_sh_stand_3_0006","texture":"109cv6cVVEWIK+MGMfbois","rect":[209,1,100,120],"offset":[-2,40],"originalSize":[490,490],"capInsets":[0,0,0,0]}},{"__type__":"cc.SpriteFrame","content":{"name":"stand_13_sh_ride_shape_2033_sh_stand_3_0005","texture":"109cv6cVVEWIK+MGMfbois","rect":[103,123,98,118],"offset":[-2,40],"originalSize":[490,490],"capInsets":[0,0,0,0]}},{"__type__":"cc.SpriteFrame","content":{"name":"stand_13_sh_ride_shape_2033_sh_stand_3_0007","texture":"109cv6cVVEWIK+MGMfbois","rect":[1,1,102,120],"offset":[-2,40],"originalSize":[490,490],"capInsets":[0,0,0,0]}},{"__type__":"cc.SpriteFrame","content":{"name":"stand_13_sh_ride_shape_2033_sh_stand_3_0004","texture":"109cv6cVVEWIK+MGMfbois","rect":[99,243,96,118],"offset":[-2,41],"originalSize":[490,490],"capInsets":[0,0,0,0]}},{"__type__":"cc.SpriteAtlas","_name":"stand_3.plist","_spriteFrames":{"stand_13_sh_ride_shape_2033_sh_stand_3_0001":{"__uuid__":"37nx18OZ9Ier1q+LSyjg/0"},"stand_13_sh_ride_shape_2033_sh_stand_3_0002":{"__uuid__":"4fArh2ReJLlYM60D89Ec9B"},"stand_13_sh_ride_shape_2033_sh_stand_3_0003":{"__uuid__":"63eKvbTDhH4ZqUjOeBEY8Q"},"stand_13_sh_ride_shape_2033_sh_stand_3_0004":{"__uuid__":"b7yyG7l/VEBaKHhGgS6zat"},"stand_13_sh_ride_shape_2033_sh_stand_3_0005":{"__uuid__":"8aNtu0N4lLqIhBNJlT1XbO"},"stand_13_sh_ride_shape_2033_sh_stand_3_0006":{"__uuid__":"78DwRzOepMmqhyD/0U0uPS"},"stand_13_sh_ride_shape_2033_sh_stand_3_0007":{"__uuid__":"a2HXVTN91OlaZLlBKi/mfp"},"stand_13_sh_ride_shape_2033_sh_stand_3_0008":{"__uuid__":"e8cDi2lclAsK+CUQwgUF3S"}}},{"__type__":"cc.SpriteFrame","content":{"name":"stand_13_sh_ride_shape_2033_sh_stand_3_0008","texture":"109cv6cVVEWIK+MGMfbois","rect":[105,1,102,120],"offset":[-3,40],"originalSize":[490,490],"capInsets":[0,0,0,0]}}]