[{"__type__":"cc.SpriteFrame","content":{"name":"stand_8_part1_wing_5001_stand_8_part1_0001","texture":"f2jL2l4BZErYKVJPyFN7/R","rect":[102,104,34,62],"offset":[-42,40],"originalSize":[500,500],"rotated":1,"capInsets":[0,0,0,0]}},{"__type__":"cc.SpriteFrame","content":{"name":"stand_8_part1_wing_5001_stand_8_part1_0012","texture":"f2jL2l4BZErYKVJPyFN7/R","rect":[104,54,48,64],"offset":[-49,39],"originalSize":[500,500],"rotated":1,"capInsets":[0,0,0,0]}},{"__type__":"cc.SpriteFrame","content":{"name":"stand_8_part1_wing_5001_stand_8_part1_0010","texture":"f2jL2l4BZErYKVJPyFN7/R","rect":[54,2,48,74],"offset":[-49,38],"originalSize":[500,500],"capInsets":[0,0,0,0]}},{"__type__":"cc.SpriteFrame","content":{"name":"stand_8_part1_wing_5001_stand_8_part1_0008","texture":"f2jL2l4BZErYKVJPyFN7/R","rect":[170,102,50,62],"offset":[-50,46],"originalSize":[500,500],"rotated":1,"capInsets":[0,0,0,0]}},{"__type__":"cc.SpriteFrame","content":{"name":"stand_8_part1_wing_5001_stand_8_part1_0005","texture":"f2jL2l4BZErYKVJPyFN7/R","rect":[2,2,50,78],"offset":[-50,35],"originalSize":[500,500],"capInsets":[0,0,0,0]}},{"__type__":"cc.SpriteFrame","content":{"name":"stand_8_part1_wing_5001_stand_8_part1_0002","texture":"f2jL2l4BZErYKVJPyFN7/R","rect":[102,140,38,60],"offset":[-44,36],"originalSize":[500,500],"rotated":1,"capInsets":[0,0,0,0]}},{"__type__":"cc.SpriteFrame","content":{"name":"stand_8_part1_wing_5001_stand_8_part1_0009","texture":"f2jL2l4BZErYKVJPyFN7/R","rect":[104,2,50,70],"offset":[-50,40],"originalSize":[500,500],"rotated":1,"capInsets":[0,0,0,0]}},{"__type__":"cc.SpriteFrame","content":{"name":"stand_8_part1_wing_5001_stand_8_part1_0004","texture":"f2jL2l4BZErYKVJPyFN7/R","rect":[176,2,48,64],"offset":[-49,35],"originalSize":[500,500],"rotated":1,"capInsets":[0,0,0,0]}},{"__type__":"cc.SpriteAtlas","_name":"stand_8_part1.plist","_spriteFrames":{"stand_8_part1_wing_5001_stand_8_part1_0001":{"__uuid__":"27Z9elrolF/pXKFRaxB1aX"},"stand_8_part1_wing_5001_stand_8_part1_0002":{"__uuid__":"681B8uDD9JMpYXXo42ONQq"},"stand_8_part1_wing_5001_stand_8_part1_0003":{"__uuid__":"d7Gs4SszpLaLOs3xEDCjin"},"stand_8_part1_wing_5001_stand_8_part1_0004":{"__uuid__":"9bQz5cttpPM4bjt2URw+J+"},"stand_8_part1_wing_5001_stand_8_part1_0005":{"__uuid__":"65IM2xwj1BZII23cl/tWL3"},"stand_8_part1_wing_5001_stand_8_part1_0006":{"__uuid__":"b3NHTSAVhDMowBLM2+Rk3w"},"stand_8_part1_wing_5001_stand_8_part1_0007":{"__uuid__":"dfm4ouiUhJ3ZNsjhJVtrXg"},"stand_8_part1_wing_5001_stand_8_part1_0008":{"__uuid__":"54s6so9tBCXbznnhnqr+z8"},"stand_8_part1_wing_5001_stand_8_part1_0009":{"__uuid__":"8crWrqpjhC7qLBYfIGpnN1"},"stand_8_part1_wing_5001_stand_8_part1_0010":{"__uuid__":"38luGP9VRMYrFet8d+BryW"},"stand_8_part1_wing_5001_stand_8_part1_0011":{"__uuid__":"fdKokjmPNF8b+tbgBt/9ly"},"stand_8_part1_wing_5001_stand_8_part1_0012":{"__uuid__":"30CGtFIYtG0adVX6FK/Qcn"}}},{"__type__":"cc.SpriteFrame","content":{"name":"stand_8_part1_wing_5001_stand_8_part1_0006","texture":"f2jL2l4BZErYKVJPyFN7/R","rect":[2,82,52,74],"offset":[-51,49],"originalSize":[500,500],"capInsets":[0,0,0,0]}},{"__type__":"cc.SpriteFrame","content":{"name":"stand_8_part1_wing_5001_stand_8_part1_0003","texture":"f2jL2l4BZErYKVJPyFN7/R","rect":[56,78,44,64],"offset":[-47,35],"originalSize":[500,500],"capInsets":[0,0,0,0]}},{"__type__":"cc.SpriteFrame","content":{"name":"stand_8_part1_wing_5001_stand_8_part1_0007","texture":"f2jL2l4BZErYKVJPyFN7/R","rect":[2,158,52,70],"offset":[-51,43],"originalSize":[500,500],"capInsets":[0,0,0,0]}},{"__type__":"cc.SpriteFrame","content":{"name":"stand_8_part1_wing_5001_stand_8_part1_0011","texture":"f2jL2l4BZErYKVJPyFN7/R","rect":[176,52,48,64],"offset":[-49,41],"originalSize":[500,500],"rotated":1,"capInsets":[0,0,0,0]}}]