[{"__type__":"cc.SpriteFrame","content":{"name":"stand_8_part1_wing_5013_stand_8_part1_0012","texture":"f5vbXf+XVBy7eMnmrCHQRu","rect":[176,84,40,78],"offset":[-37,40],"originalSize":[500,500],"rotated":1,"capInsets":[0,0,0,0]}},{"__type__":"cc.SpriteAtlas","_name":"stand_8_part1.plist","_spriteFrames":{"stand_8_part1_wing_5013_stand_8_part1_0001":{"__uuid__":"fa/HwAiEZCwI0IXF93o2AU"},"stand_8_part1_wing_5013_stand_8_part1_0002":{"__uuid__":"e5L/kJkWxI7IJ3KFLN2nQT"},"stand_8_part1_wing_5013_stand_8_part1_0003":{"__uuid__":"ccIZbhS/dEYqP+z4OVoj0U"},"stand_8_part1_wing_5013_stand_8_part1_0004":{"__uuid__":"cfCkYudzpBTLQXzBGmJABq"},"stand_8_part1_wing_5013_stand_8_part1_0005":{"__uuid__":"daqnMgZHFMapHmVqWg1k9V"},"stand_8_part1_wing_5013_stand_8_part1_0006":{"__uuid__":"4eXMo+IEpL34OViXhzZinb"},"stand_8_part1_wing_5013_stand_8_part1_0007":{"__uuid__":"edu/jXJGFJZIoplUlUkZjs"},"stand_8_part1_wing_5013_stand_8_part1_0008":{"__uuid__":"ad0PHOzbVCVpgWKLUoDozP"},"stand_8_part1_wing_5013_stand_8_part1_0009":{"__uuid__":"b3JcQFmVBP+pchyuSX4lNq"},"stand_8_part1_wing_5013_stand_8_part1_0010":{"__uuid__":"957Cxsc31MKrBPjc+sCMNX"},"stand_8_part1_wing_5013_stand_8_part1_0011":{"__uuid__":"d5v4h2JU5NPYN5bFias+zb"},"stand_8_part1_wing_5013_stand_8_part1_0012":{"__uuid__":"21GEUKHnJFLbx3HOW0JyPn"}}},{"__type__":"cc.SpriteFrame","content":{"name":"stand_8_part1_wing_5013_stand_8_part1_0006","texture":"f5vbXf+XVBy7eMnmrCHQRu","rect":[2,148,66,80],"offset":[-53,49],"originalSize":[500,500],"rotated":1,"capInsets":[0,0,0,0]}},{"__type__":"cc.SpriteFrame","content":{"name":"stand_8_part1_wing_5013_stand_8_part1_0010","texture":"f5vbXf+XVBy7eMnmrCHQRu","rect":[2,80,66,88],"offset":[-49,43],"originalSize":[500,500],"rotated":1,"capInsets":[0,0,0,0]}},{"__type__":"cc.SpriteFrame","content":{"name":"stand_8_part1_wing_5013_stand_8_part1_0008","texture":"f5vbXf+XVBy7eMnmrCHQRu","rect":[94,2,80,88],"offset":[-57,51],"originalSize":[500,500],"rotated":1,"capInsets":[0,0,0,0]}},{"__type__":"cc.SpriteFrame","content":{"name":"stand_8_part1_wing_5013_stand_8_part1_0009","texture":"f5vbXf+XVBy7eMnmrCHQRu","rect":[2,2,76,90],"offset":[-55,52],"originalSize":[500,500],"rotated":1,"capInsets":[0,0,0,0]}},{"__type__":"cc.SpriteFrame","content":{"name":"stand_8_part1_wing_5013_stand_8_part1_0003","texture":"f5vbXf+XVBy7eMnmrCHQRu","rect":[166,192,48,74],"offset":[-42,43],"originalSize":[500,500],"rotated":1,"capInsets":[0,0,0,0]}},{"__type__":"cc.SpriteFrame","content":{"name":"stand_8_part1_wing_5013_stand_8_part1_0004","texture":"f5vbXf+XVBy7eMnmrCHQRu","rect":[176,126,64,76],"offset":[-52,44],"originalSize":[500,500],"rotated":1,"capInsets":[0,0,0,0]}},{"__type__":"cc.SpriteFrame","content":{"name":"stand_8_part1_wing_5013_stand_8_part1_0011","texture":"f5vbXf+XVBy7eMnmrCHQRu","rect":[84,160,48,80],"offset":[-43,39],"originalSize":[500,500],"rotated":1,"capInsets":[0,0,0,0]}},{"__type__":"cc.SpriteFrame","content":{"name":"stand_8_part1_wing_5013_stand_8_part1_0005","texture":"f5vbXf+XVBy7eMnmrCHQRu","rect":[184,2,68,80],"offset":[-53,48],"originalSize":[500,500],"capInsets":[0,0,0,0]}},{"__type__":"cc.SpriteFrame","content":{"name":"stand_8_part1_wing_5013_stand_8_part1_0002","texture":"f5vbXf+XVBy7eMnmrCHQRu","rect":[2,216,42,72],"offset":[-39,38],"originalSize":[500,500],"rotated":1,"capInsets":[0,0,0,0]}},{"__type__":"cc.SpriteFrame","content":{"name":"stand_8_part1_wing_5013_stand_8_part1_0007","texture":"f5vbXf+XVBy7eMnmrCHQRu","rect":[92,84,74,82],"offset":[-59,51],"originalSize":[500,500],"rotated":1,"capInsets":[0,0,0,0]}},{"__type__":"cc.SpriteFrame","content":{"name":"stand_8_part1_wing_5013_stand_8_part1_0001","texture":"f5vbXf+XVBy7eMnmrCHQRu","rect":[84,210,42,74],"offset":[-40,36],"originalSize":[500,500],"rotated":1,"capInsets":[0,0,0,0]}}]