[{"__type__":"cc.SpriteFrame","content":{"name":"stand_5_part1_wing_5014_stand_5_part1_0002","texture":"c4KxzWow1Crqz75/F0u2PD","rect":[310,2,118,106],"offset":[-61,77],"originalSize":[500,500],"capInsets":[0,0,0,0]}},{"__type__":"cc.SpriteFrame","content":{"name":"stand_5_part1_wing_5014_stand_5_part1_0007","texture":"c4KxzWow1Crqz75/F0u2PD","rect":[108,258,104,124],"offset":[-55,85],"originalSize":[500,500],"capInsets":[0,0,0,0]}},{"__type__":"cc.SpriteFrame","content":{"name":"stand_5_part1_wing_5014_stand_5_part1_0006","texture":"c4KxzWow1Crqz75/F0u2PD","rect":[210,110,102,116],"offset":[-54,83],"originalSize":[500,500],"capInsets":[0,0,0,0]}},{"__type__":"cc.SpriteFrame","content":{"name":"stand_5_part1_wing_5014_stand_5_part1_0004","texture":"c4KxzWow1Crqz75/F0u2PD","rect":[2,258,126,104],"offset":[-66,76],"originalSize":[500,500],"rotated":1,"capInsets":[0,0,0,0]}},{"__type__":"cc.SpriteFrame","content":{"name":"stand_5_part1_wing_5014_stand_5_part1_0009","texture":"c4KxzWow1Crqz75/F0u2PD","rect":[110,384,88,124],"offset":[-47,85],"originalSize":[500,500],"capInsets":[0,0,0,0]}},{"__type__":"cc.SpriteFrame","content":{"name":"stand_5_part1_wing_5014_stand_5_part1_0003","texture":"c4KxzWow1Crqz75/F0u2PD","rect":[200,384,122,108],"offset":[-64,78],"originalSize":[500,500],"rotated":1,"capInsets":[0,0,0,0]}},{"__type__":"cc.SpriteFrame","content":{"name":"stand_5_part1_wing_5014_stand_5_part1_0010","texture":"c4KxzWow1Crqz75/F0u2PD","rect":[118,2,90,124],"offset":[-47,85],"originalSize":[500,500],"capInsets":[0,0,0,0]}},{"__type__":"cc.SpriteFrame","content":{"name":"stand_5_part1_wing_5014_stand_5_part1_0001","texture":"c4KxzWow1Crqz75/F0u2PD","rect":[2,2,114,126],"offset":[-59,87],"originalSize":[500,500],"capInsets":[0,0,0,0]}},{"__type__":"cc.SpriteFrame","content":{"name":"stand_5_part1_wing_5014_stand_5_part1_0012","texture":"c4KxzWow1Crqz75/F0u2PD","rect":[2,130,106,126],"offset":[-55,87],"originalSize":[500,500],"capInsets":[0,0,0,0]}},{"__type__":"cc.SpriteFrame","content":{"name":"stand_5_part1_wing_5014_stand_5_part1_0008","texture":"c4KxzWow1Crqz75/F0u2PD","rect":[2,386,106,124],"offset":[-56,85],"originalSize":[500,500],"capInsets":[0,0,0,0]}},{"__type__":"cc.SpriteFrame","content":{"name":"stand_5_part1_wing_5014_stand_5_part1_0011","texture":"c4KxzWow1Crqz75/F0u2PD","rect":[110,130,98,124],"offset":[-51,86],"originalSize":[500,500],"capInsets":[0,0,0,0]}},{"__type__":"cc.SpriteFrame","content":{"name":"stand_5_part1_wing_5014_stand_5_part1_0005","texture":"c4KxzWow1Crqz75/F0u2PD","rect":[214,228,100,110],"offset":[-53,79],"originalSize":[500,500],"capInsets":[0,0,0,0]}},{"__type__":"cc.SpriteAtlas","_name":"stand_5_part1.plist","_spriteFrames":{"stand_5_part1_wing_5014_stand_5_part1_0001":{"__uuid__":"7fCwFTgzBHS7muliQ3yhcM"},"stand_5_part1_wing_5014_stand_5_part1_0002":{"__uuid__":"03FcaKqElN0Iy4fZFIN7rI"},"stand_5_part1_wing_5014_stand_5_part1_0003":{"__uuid__":"51PhQ9qOpJKojop6mOpYju"},"stand_5_part1_wing_5014_stand_5_part1_0004":{"__uuid__":"22ZGI5Dc5Ll4yVkD8rR9N8"},"stand_5_part1_wing_5014_stand_5_part1_0005":{"__uuid__":"faZPUljMlPnI0zFKwmwEtC"},"stand_5_part1_wing_5014_stand_5_part1_0006":{"__uuid__":"1egWB1nnFP/5NHnGZojB8o"},"stand_5_part1_wing_5014_stand_5_part1_0007":{"__uuid__":"0aJtuN1CdO/JnQ37eNVLKa"},"stand_5_part1_wing_5014_stand_5_part1_0008":{"__uuid__":"caUEFyLktD74eYvCCkulrB"},"stand_5_part1_wing_5014_stand_5_part1_0009":{"__uuid__":"51EYGRB21AhrLDpIX//wCU"},"stand_5_part1_wing_5014_stand_5_part1_0010":{"__uuid__":"74qVOaKFJO4prNdnQAsSw2"},"stand_5_part1_wing_5014_stand_5_part1_0011":{"__uuid__":"d28Utka+pN75Te8ubH4q2w"},"stand_5_part1_wing_5014_stand_5_part1_0012":{"__uuid__":"835tPyOqlIerLnD2C5w4+H"}}}]