[{"__type__":"cc.SpriteFrame","content":{"name":"stand_8_part1_wing_5002_stand_8_part1_0011","texture":"31iPC6wXZFqKsVzIp2zWZo","rect":[2,60,68,56],"offset":[-57,37],"originalSize":[500,500],"capInsets":[0,0,0,0]}},{"__type__":"cc.SpriteFrame","content":{"name":"stand_8_part1_wing_5002_stand_8_part1_0007","texture":"31iPC6wXZFqKsVzIp2zWZo","rect":[120,178,58,56],"offset":[-51,36],"originalSize":[500,500],"rotated":1,"capInsets":[0,0,0,0]}},{"__type__":"cc.SpriteFrame","content":{"name":"stand_8_part1_wing_5002_stand_8_part1_0003","texture":"31iPC6wXZFqKsVzIp2zWZo","rect":[118,118,56,58],"offset":[-49,34],"originalSize":[500,500],"capInsets":[0,0,0,0]}},{"__type__":"cc.SpriteFrame","content":{"name":"stand_8_part1_wing_5002_stand_8_part1_0009","texture":"31iPC6wXZFqKsVzIp2zWZo","rect":[2,118,62,58],"offset":[-53,37],"originalSize":[500,500],"rotated":1,"capInsets":[0,0,0,0]}},{"__type__":"cc.SpriteFrame","content":{"name":"stand_8_part1_wing_5002_stand_8_part1_0004","texture":"31iPC6wXZFqKsVzIp2zWZo","rect":[2,182,60,58],"offset":[-50,35],"originalSize":[500,500],"rotated":1,"capInsets":[0,0,0,0]}},{"__type__":"cc.SpriteFrame","content":{"name":"stand_8_part1_wing_5002_stand_8_part1_0010","texture":"31iPC6wXZFqKsVzIp2zWZo","rect":[148,2,68,58],"offset":[-57,37],"originalSize":[500,500],"capInsets":[0,0,0,0]}},{"__type__":"cc.SpriteFrame","content":{"name":"stand_8_part1_wing_5002_stand_8_part1_0006","texture":"31iPC6wXZFqKsVzIp2zWZo","rect":[2,2,72,56],"offset":[-56,36],"originalSize":[500,500],"capInsets":[0,0,0,0]}},{"__type__":"cc.SpriteFrame","content":{"name":"stand_8_part1_wing_5002_stand_8_part1_0008","texture":"31iPC6wXZFqKsVzIp2zWZo","rect":[62,118,60,54],"offset":[-52,37],"originalSize":[500,500],"rotated":1,"capInsets":[0,0,0,0]}},{"__type__":"cc.SpriteAtlas","_name":"stand_8_part1.plist","_spriteFrames":{"stand_8_part1_wing_5002_stand_8_part1_0001":{"__uuid__":"aai0EnIBNC75DsEdwZ7eEG"},"stand_8_part1_wing_5002_stand_8_part1_0002":{"__uuid__":"d4aOfOE61OgJah/5dcDsnu"},"stand_8_part1_wing_5002_stand_8_part1_0003":{"__uuid__":"312Z8N0OpMUrh3GbDiavNR"},"stand_8_part1_wing_5002_stand_8_part1_0004":{"__uuid__":"3er//O8WhOsJvtMLkMoWbi"},"stand_8_part1_wing_5002_stand_8_part1_0005":{"__uuid__":"f6Cz3SKbJJ9J2Rf0xfie1y"},"stand_8_part1_wing_5002_stand_8_part1_0006":{"__uuid__":"6bNIUpkORBaYwinalrOxXq"},"stand_8_part1_wing_5002_stand_8_part1_0007":{"__uuid__":"16T/MkqUVJRKnaFxqn2ZYc"},"stand_8_part1_wing_5002_stand_8_part1_0008":{"__uuid__":"6flEh6LZ9GUIm+0FpvtOSr"},"stand_8_part1_wing_5002_stand_8_part1_0009":{"__uuid__":"38pANaU/xEHqGfGsfsNRAK"},"stand_8_part1_wing_5002_stand_8_part1_0010":{"__uuid__":"4fATRmi4VJzZ0bOBXcnlV7"},"stand_8_part1_wing_5002_stand_8_part1_0011":{"__uuid__":"0evygCOIFAbrfjCf3to1rI"},"stand_8_part1_wing_5002_stand_8_part1_0012":{"__uuid__":"f3KsYP5U9ABbyGT8wrkINg"}}},{"__type__":"cc.SpriteFrame","content":{"name":"stand_8_part1_wing_5002_stand_8_part1_0001","texture":"31iPC6wXZFqKsVzIp2zWZo","rect":[76,2,70,56],"offset":[-56,35],"originalSize":[500,500],"capInsets":[0,0,0,0]}},{"__type__":"cc.SpriteFrame","content":{"name":"stand_8_part1_wing_5002_stand_8_part1_0002","texture":"31iPC6wXZFqKsVzIp2zWZo","rect":[62,180,56,58],"offset":[-49,35],"originalSize":[500,500],"capInsets":[0,0,0,0]}},{"__type__":"cc.SpriteFrame","content":{"name":"stand_8_part1_wing_5002_stand_8_part1_0012","texture":"31iPC6wXZFqKsVzIp2zWZo","rect":[72,60,68,56],"offset":[-56,37],"originalSize":[500,500],"capInsets":[0,0,0,0]}},{"__type__":"cc.SpriteFrame","content":{"name":"stand_8_part1_wing_5002_stand_8_part1_0005","texture":"31iPC6wXZFqKsVzIp2zWZo","rect":[142,62,66,54],"offset":[-53,35],"originalSize":[500,500],"capInsets":[0,0,0,0]}}]