[{"__type__":"cc.SpriteFrame","content":{"name":"stand_5_part2_wing_5010_stand_5_part2_0003","texture":"c9LuqS/TxEtqXKs/JmS2I/","rect":[400,2,104,106],"offset":[46,77],"originalSize":[500,500],"rotated":1,"capInsets":[0,0,0,0]}},{"__type__":"cc.SpriteFrame","content":{"name":"stand_5_part2_wing_5010_stand_5_part2_0005","texture":"c9LuqS/TxEtqXKs/JmS2I/","rect":[290,2,88,108],"offset":[39,79],"originalSize":[500,500],"rotated":1,"capInsets":[0,0,0,0]}},{"__type__":"cc.SpriteFrame","content":{"name":"stand_5_part2_wing_5010_stand_5_part2_0011","texture":"c9LuqS/TxEtqXKs/JmS2I/","rect":[2,356,92,114],"offset":[41,82],"originalSize":[500,500],"capInsets":[0,0,0,0]}},{"__type__":"cc.SpriteAtlas","_name":"stand_5_part2.plist","_spriteFrames":{"stand_5_part2_wing_5010_stand_5_part2_0001":{"__uuid__":"834ueHfaVOoZsvk++7tQMm"},"stand_5_part2_wing_5010_stand_5_part2_0002":{"__uuid__":"c1AyN2bchDjb+1tYCAUBZg"},"stand_5_part2_wing_5010_stand_5_part2_0003":{"__uuid__":"263Px0V/VPEKz4JaioH41N"},"stand_5_part2_wing_5010_stand_5_part2_0004":{"__uuid__":"93kjDsDWRPQLFvrrpB39MJ"},"stand_5_part2_wing_5010_stand_5_part2_0005":{"__uuid__":"28l7ioEldHc7AlXNPVWGAn"},"stand_5_part2_wing_5010_stand_5_part2_0006":{"__uuid__":"b1GLuIz6VD+LY5Kxp5TL+U"},"stand_5_part2_wing_5010_stand_5_part2_0007":{"__uuid__":"8a51yoJapOIrc9pEgtO33X"},"stand_5_part2_wing_5010_stand_5_part2_0008":{"__uuid__":"c0MGGHWHxIWLC13FT0MzrC"},"stand_5_part2_wing_5010_stand_5_part2_0009":{"__uuid__":"6fpk5/kYZGUrSmkqv1wrBe"},"stand_5_part2_wing_5010_stand_5_part2_0010":{"__uuid__":"48y//xuhlAGYSAnG6SqdhB"},"stand_5_part2_wing_5010_stand_5_part2_0011":{"__uuid__":"39QA00FiJFsbnBuguYBtdf"},"stand_5_part2_wing_5010_stand_5_part2_0012":{"__uuid__":"d44ZitBGpH3ICUa8SIQL/1"}}},{"__type__":"cc.SpriteFrame","content":{"name":"stand_5_part2_wing_5010_stand_5_part2_0010","texture":"c9LuqS/TxEtqXKs/JmS2I/","rect":[2,238,92,116],"offset":[40,83],"originalSize":[500,500],"capInsets":[0,0,0,0]}},{"__type__":"cc.SpriteFrame","content":{"name":"stand_5_part2_wing_5010_stand_5_part2_0009","texture":"c9LuqS/TxEtqXKs/JmS2I/","rect":[104,2,90,114],"offset":[40,82],"originalSize":[500,500],"capInsets":[0,0,0,0]}},{"__type__":"cc.SpriteFrame","content":{"name":"stand_5_part2_wing_5010_stand_5_part2_0001","texture":"c9LuqS/TxEtqXKs/JmS2I/","rect":[2,2,100,116],"offset":[44,82],"originalSize":[500,500],"capInsets":[0,0,0,0]}},{"__type__":"cc.SpriteFrame","content":{"name":"stand_5_part2_wing_5010_stand_5_part2_0007","texture":"c9LuqS/TxEtqXKs/JmS2I/","rect":[96,238,90,114],"offset":[39,82],"originalSize":[500,500],"capInsets":[0,0,0,0]}},{"__type__":"cc.SpriteFrame","content":{"name":"stand_5_part2_wing_5010_stand_5_part2_0004","texture":"c9LuqS/TxEtqXKs/JmS2I/","rect":[290,92,94,106],"offset":[42,78],"originalSize":[500,500],"rotated":1,"capInsets":[0,0,0,0]}},{"__type__":"cc.SpriteFrame","content":{"name":"stand_5_part2_wing_5010_stand_5_part2_0006","texture":"c9LuqS/TxEtqXKs/JmS2I/","rect":[196,2,92,112],"offset":[41,81],"originalSize":[500,500],"capInsets":[0,0,0,0]}},{"__type__":"cc.SpriteFrame","content":{"name":"stand_5_part2_wing_5010_stand_5_part2_0008","texture":"c9LuqS/TxEtqXKs/JmS2I/","rect":[96,354,90,114],"offset":[40,82],"originalSize":[500,500],"capInsets":[0,0,0,0]}},{"__type__":"cc.SpriteFrame","content":{"name":"stand_5_part2_wing_5010_stand_5_part2_0002","texture":"c9LuqS/TxEtqXKs/JmS2I/","rect":[104,118,102,112],"offset":[45,80],"originalSize":[500,500],"capInsets":[0,0,0,0]}},{"__type__":"cc.SpriteFrame","content":{"name":"stand_5_part2_wing_5010_stand_5_part2_0012","texture":"c9LuqS/TxEtqXKs/JmS2I/","rect":[2,120,100,116],"offset":[45,82],"originalSize":[500,500],"capInsets":[0,0,0,0]}}]