[{"__type__":"cc.SpriteFrame","content":{"name":"stand_3_rd1rd2_ride_ride_9331_rd1_stand_3_2","texture":"ffAsEoUg5I3rYL3ssNNMLU","rect":[201,1,218,170],"offset":[88,-41],"originalSize":[800,800],"capInsets":[0,0,0,0]}},{"__type__":"cc.SpriteAtlas","_name":"stand_3_f.plist","_spriteFrames":{"stand_3_rd1rd2_ride_ride_9331_rd1_stand_3_1":{"__uuid__":"72KvkW6J5N5qU8DcwEH78P"},"stand_3_rd1rd2_ride_ride_9331_rd1_stand_3_2":{"__uuid__":"43zn1E/dxIvIxO9NjQgD7p"},"stand_3_rd1rd2_ride_ride_9331_rd1_stand_3_3":{"__uuid__":"91bFlce7FKG6BICDVsAPrH"},"stand_3_rd1rd2_ride_ride_9331_rd1_stand_3_4":{"__uuid__":"97gYDJFAdL9Yq7x9MCA1Aj"},"stand_3_rd1rd2_ride_ride_9331_rd1_stand_3_5":{"__uuid__":"67Afr8vyRLQY3m04Onu6B5"},"stand_3_rd1rd2_ride_ride_9331_rd1_stand_3_6":{"__uuid__":"5cCpnADPpCy7i4rC7a6Qv7"},"stand_3_rd1rd2_ride_ride_9331_rd1_stand_3_7":{"__uuid__":"e5S9+uemZNQ49i/2EzyivW"},"stand_3_rd1rd2_ride_ride_9331_rd1_stand_3_8":{"__uuid__":"d133n60SxCMI0OeP9xqhX8"}}},{"__type__":"cc.SpriteFrame","content":{"name":"stand_3_rd1rd2_ride_ride_9331_rd1_stand_3_6","texture":"ffAsEoUg5I3rYL3ssNNMLU","rect":[1,345,226,170],"offset":[93,-41],"originalSize":[800,800],"capInsets":[0,0,0,0]}},{"__type__":"cc.SpriteFrame","content":{"name":"stand_3_rd1rd2_ride_ride_9331_rd1_stand_3_5","texture":"ffAsEoUg5I3rYL3ssNNMLU","rect":[421,1,224,170],"offset":[90,-41],"originalSize":[800,800],"capInsets":[0,0,0,0]}},{"__type__":"cc.SpriteFrame","content":{"name":"stand_3_rd1rd2_ride_ride_9331_rd1_stand_3_1","texture":"ffAsEoUg5I3rYL3ssNNMLU","rect":[1,1,198,170],"offset":[77,-41],"originalSize":[800,800],"capInsets":[0,0,0,0]}},{"__type__":"cc.SpriteFrame","content":{"name":"stand_3_rd1rd2_ride_ride_9331_rd1_stand_3_3","texture":"ffAsEoUg5I3rYL3ssNNMLU","rect":[1,173,230,170],"offset":[93,-41],"originalSize":[800,800],"capInsets":[0,0,0,0]}},{"__type__":"cc.SpriteFrame","content":{"name":"stand_3_rd1rd2_ride_ride_9331_rd1_stand_3_4","texture":"ffAsEoUg5I3rYL3ssNNMLU","rect":[233,173,230,170],"offset":[93,-41],"originalSize":[800,800],"capInsets":[0,0,0,0]}},{"__type__":"cc.SpriteFrame","content":{"name":"stand_3_rd1rd2_ride_ride_9331_rd1_stand_3_8","texture":"ffAsEoUg5I3rYL3ssNNMLU","rect":[435,345,204,174],"offset":[81,-44],"originalSize":[800,800],"capInsets":[0,0,0,0]}},{"__type__":"cc.SpriteFrame","content":{"name":"stand_3_rd1rd2_ride_ride_9331_rd1_stand_3_7","texture":"ffAsEoUg5I3rYL3ssNNMLU","rect":[229,345,204,174],"offset":[81,-44],"originalSize":[800,800],"capInsets":[0,0,0,0]}}]