[{"__type__":"cc.SpriteFrame","content":{"name":"stand_3_rd1rd2rd3_ride_ride_9211_rd1_stand_3_1","texture":"aelwxlW+5FH548tYzObW7D","rect":[237,1,114,168],"offset":[-16,118],"originalSize":[800,800],"capInsets":[0,0,0,0]}},{"__type__":"cc.SpriteFrame","content":{"name":"stand_3_rd1rd2rd3_ride_ride_9211_rd1_stand_3_7","texture":"aelwxlW+5FH548tYzObW7D","rect":[119,1,116,168],"offset":[-16,115],"originalSize":[800,800],"capInsets":[0,0,0,0]}},{"__type__":"cc.SpriteFrame","content":{"name":"stand_3_rd1rd2rd3_ride_ride_9211_rd1_stand_3_5","texture":"aelwxlW+5FH548tYzObW7D","rect":[1,1,116,168],"offset":[-16,113],"originalSize":[800,800],"capInsets":[0,0,0,0]}},{"__type__":"cc.SpriteFrame","content":{"name":"stand_3_rd1rd2rd3_ride_ride_9211_rd1_stand_3_2","texture":"aelwxlW+5FH548tYzObW7D","rect":[353,1,114,168],"offset":[-16,117],"originalSize":[800,800],"capInsets":[0,0,0,0]}},{"__type__":"cc.SpriteFrame","content":{"name":"stand_3_rd1rd2rd3_ride_ride_9211_rd1_stand_3_3","texture":"aelwxlW+5FH548tYzObW7D","rect":[119,171,114,168],"offset":[-16,115],"originalSize":[800,800],"capInsets":[0,0,0,0]}},{"__type__":"cc.SpriteFrame","content":{"name":"stand_3_rd1rd2rd3_ride_ride_9211_rd1_stand_3_4","texture":"aelwxlW+5FH548tYzObW7D","rect":[235,171,114,168],"offset":[-16,114],"originalSize":[800,800],"capInsets":[0,0,0,0]}},{"__type__":"cc.SpriteAtlas","_name":"stand_3_f.plist","_spriteFrames":{"stand_3_rd1rd2rd3_ride_ride_9211_rd1_stand_3_1":{"__uuid__":"05XyyXWvNMMr+ngAMlZAtR"},"stand_3_rd1rd2rd3_ride_ride_9211_rd1_stand_3_2":{"__uuid__":"362fPUSA5PB767r/xuZU6n"},"stand_3_rd1rd2rd3_ride_ride_9211_rd1_stand_3_3":{"__uuid__":"76A1zVLEFJ1YUN+j3CdaBB"},"stand_3_rd1rd2rd3_ride_ride_9211_rd1_stand_3_4":{"__uuid__":"caJGZCVVNEOo+UDG/aSSco"},"stand_3_rd1rd2rd3_ride_ride_9211_rd1_stand_3_5":{"__uuid__":"1e6Z9OhMpFiLiSdqPjRZfL"},"stand_3_rd1rd2rd3_ride_ride_9211_rd1_stand_3_6":{"__uuid__":"dbqii3Ns5Ego6Rj98x9I93"},"stand_3_rd1rd2rd3_ride_ride_9211_rd1_stand_3_7":{"__uuid__":"0faWt7o7lIbaZjtobVD4UN"},"stand_3_rd1rd2rd3_ride_ride_9211_rd1_stand_3_8":{"__uuid__":"d2S9ubw2ZGBbzFgKgdJRLh"}}},{"__type__":"cc.SpriteFrame","content":{"name":"stand_3_rd1rd2rd3_ride_ride_9211_rd1_stand_3_8","texture":"aelwxlW+5FH548tYzObW7D","rect":[351,171,114,168],"offset":[-16,117],"originalSize":[800,800],"capInsets":[0,0,0,0]}},{"__type__":"cc.SpriteFrame","content":{"name":"stand_3_rd1rd2rd3_ride_ride_9211_rd1_stand_3_6","texture":"aelwxlW+5FH548tYzObW7D","rect":[1,171,116,168],"offset":[-15,113],"originalSize":[800,800],"capInsets":[0,0,0,0]}}]