[{"__type__":"cc.SpriteFrame","content":{"name":"ride_ride_9131_rd2_run_3_7","texture":"c9TcLThVxMC40fOTSxJ/U1","rect":[143,315,144,152],"offset":[-24,16],"originalSize":[500,500],"capInsets":[0,0,0,0]}},{"__type__":"cc.SpriteFrame","content":{"name":"ride_ride_9131_rd2_run_3_1","texture":"c9TcLThVxMC40fOTSxJ/U1","rect":[143,1,150,156],"offset":[-20,16],"originalSize":[500,500],"capInsets":[0,0,0,0]}},{"__type__":"cc.SpriteFrame","content":{"name":"ride_ride_9131_rd2_run_3_8","texture":"c9TcLThVxMC40fOTSxJ/U1","rect":[295,157,150,146],"offset":[-22,16],"originalSize":[500,500],"capInsets":[0,0,0,0]}},{"__type__":"cc.SpriteFrame","content":{"name":"ride_ride_9131_rd2_run_3_6","texture":"c9TcLThVxMC40fOTSxJ/U1","rect":[1,1,140,164],"offset":[-26,14],"originalSize":[500,500],"capInsets":[0,0,0,0]}},{"__type__":"cc.SpriteFrame","content":{"name":"ride_ride_9131_rd2_run_3_3","texture":"c9TcLThVxMC40fOTSxJ/U1","rect":[143,159,144,154],"offset":[-24,17],"originalSize":[500,500],"capInsets":[0,0,0,0]}},{"__type__":"cc.SpriteAtlas","_name":"run_3_b.plist","_spriteFrames":{"ride_ride_9131_rd2_run_3_1":{"__uuid__":"25fNk+RkBE/IqNZlWGjQ59"},"ride_ride_9131_rd2_run_3_2":{"__uuid__":"dbZGD2b/lNwqOBail5yoxz"},"ride_ride_9131_rd2_run_3_3":{"__uuid__":"8btDQ6pgJMGaXkY3hdFOs1"},"ride_ride_9131_rd2_run_3_4":{"__uuid__":"d9753Ch65FYISjwUpQLZCP"},"ride_ride_9131_rd2_run_3_5":{"__uuid__":"d9zNgkUrlNgaMuvJlzRsQi"},"ride_ride_9131_rd2_run_3_6":{"__uuid__":"71yA2qdn5MfbSAx9GIWn15"},"ride_ride_9131_rd2_run_3_7":{"__uuid__":"12QLwn0btE+K91GoKGwlv5"},"ride_ride_9131_rd2_run_3_8":{"__uuid__":"6cz1cJg/dOM7Zm9ynfbFIj"}}},{"__type__":"cc.SpriteFrame","content":{"name":"ride_ride_9131_rd2_run_3_5","texture":"c9TcLThVxMC40fOTSxJ/U1","rect":[1,167,140,160],"offset":[-22,18],"originalSize":[500,500],"capInsets":[0,0,0,0]}},{"__type__":"cc.SpriteFrame","content":{"name":"ride_ride_9131_rd2_run_3_4","texture":"c9TcLThVxMC40fOTSxJ/U1","rect":[295,1,150,154],"offset":[-28,17],"originalSize":[500,500],"capInsets":[0,0,0,0]}},{"__type__":"cc.SpriteFrame","content":{"name":"ride_ride_9131_rd2_run_3_2","texture":"c9TcLThVxMC40fOTSxJ/U1","rect":[289,305,142,154],"offset":[-20,19],"originalSize":[500,500],"capInsets":[0,0,0,0]}}]