[{"__type__":"cc.SpriteFrame","content":{"name":"run_1_rd1rd2_ride_ride_9441_rd2_run_1_3","texture":"2bUv+y3xFIl4MeYlckguzL","rect":[369,1,380,184],"offset":[-12,38],"originalSize":[616,616],"capInsets":[0,0,0,0]}},{"__type__":"cc.SpriteFrame","content":{"name":"run_1_rd1rd2_ride_ride_9441_rd2_run_1_5","texture":"2bUv+y3xFIl4MeYlckguzL","rect":[1,611,372,226],"offset":[-9,39],"originalSize":[616,616],"capInsets":[0,0,0,0]}},{"__type__":"cc.SpriteFrame","content":{"name":"run_1_rd1rd2_ride_ride_9441_rd2_run_1_2","texture":"2bUv+y3xFIl4MeYlckguzL","rect":[1,1,366,174],"offset":[-25,58],"originalSize":[616,616],"capInsets":[0,0,0,0]}},{"__type__":"cc.SpriteFrame","content":{"name":"run_1_rd1rd2_ride_ride_9441_rd2_run_1_8","texture":"2bUv+y3xFIl4MeYlckguzL","rect":[339,187,302,206],"offset":[-19,60],"originalSize":[616,616],"capInsets":[0,0,0,0]}},{"__type__":"cc.SpriteFrame","content":{"name":"run_1_rd1rd2_ride_ride_9441_rd2_run_1_7","texture":"2bUv+y3xFIl4MeYlckguzL","rect":[1,381,300,220],"offset":[-6,42],"originalSize":[616,616],"capInsets":[0,0,0,0]}},{"__type__":"cc.SpriteAtlas","_name":"run_1_b.plist","_spriteFrames":{"run_1_rd1rd2_ride_ride_9441_rd2_run_1_1":{"__uuid__":"a2buXzYrNLyKjr/gZqZG+q"},"run_1_rd1rd2_ride_ride_9441_rd2_run_1_2":{"__uuid__":"5aj2twpdZCE7LMEqu2senC"},"run_1_rd1rd2_ride_ride_9441_rd2_run_1_3":{"__uuid__":"2fsev6GtdIlo9Mv5UEphOp"},"run_1_rd1rd2_ride_ride_9441_rd2_run_1_4":{"__uuid__":"aa4pHSwBlLJo8MXRlwvlXi"},"run_1_rd1rd2_ride_ride_9441_rd2_run_1_5":{"__uuid__":"55xAoDGjxOZYSURN/5bb2w"},"run_1_rd1rd2_ride_ride_9441_rd2_run_1_6":{"__uuid__":"d1DeV7fS5DlYt6sZGabrpU"},"run_1_rd1rd2_ride_ride_9441_rd2_run_1_7":{"__uuid__":"7fD6/eZbhKZbXgx8gqXUde"},"run_1_rd1rd2_ride_ride_9441_rd2_run_1_8":{"__uuid__":"7bTXHP6hBANpqdxcPwaAm1"}}},{"__type__":"cc.SpriteFrame","content":{"name":"run_1_rd1rd2_ride_ride_9441_rd2_run_1_1","texture":"2bUv+y3xFIl4MeYlckguzL","rect":[1,177,336,202],"offset":[-28,67],"originalSize":[616,616],"capInsets":[0,0,0,0]}},{"__type__":"cc.SpriteFrame","content":{"name":"run_1_rd1rd2_ride_ride_9441_rd2_run_1_4","texture":"2bUv+y3xFIl4MeYlckguzL","rect":[303,395,418,214],"offset":[0,36],"originalSize":[616,616],"capInsets":[0,0,0,0]}},{"__type__":"cc.SpriteFrame","content":{"name":"run_1_rd1rd2_ride_ride_9441_rd2_run_1_6","texture":"2bUv+y3xFIl4MeYlckguzL","rect":[375,611,350,238],"offset":[-14,27],"originalSize":[616,616],"capInsets":[0,0,0,0]}}]