[{"__type__":"cc.SpriteFrame","content":{"name":"stand_13_rd1rd2_ride_ride_9411_rd1_stand_3_5","texture":"baRQE/ZPdA+L45uwDZWwpV","rect":[273,1,270,160],"offset":[14,10],"originalSize":[450,450],"capInsets":[0,0,0,0]}},{"__type__":"cc.SpriteAtlas","_name":"stand_3_b.plist","_spriteFrames":{"stand_13_rd1rd2_ride_ride_9411_rd1_stand_3_1":{"__uuid__":"a2ZQzsEyxHj5BU7R/p4JgS"},"stand_13_rd1rd2_ride_ride_9411_rd1_stand_3_2":{"__uuid__":"f8+blyGh9J16XVAwAUl42R"},"stand_13_rd1rd2_ride_ride_9411_rd1_stand_3_3":{"__uuid__":"30ghbRbKFCWYeQf2/l16mg"},"stand_13_rd1rd2_ride_ride_9411_rd1_stand_3_4":{"__uuid__":"e0gm0wb3tAUJd7EEszIWW3"},"stand_13_rd1rd2_ride_ride_9411_rd1_stand_3_5":{"__uuid__":"03lFyxytZAWrQ7OL7xif7z"},"stand_13_rd1rd2_ride_ride_9411_rd1_stand_3_6":{"__uuid__":"7bHwEK0R5HaLZtcohf+1Xt"},"stand_13_rd1rd2_ride_ride_9411_rd1_stand_3_7":{"__uuid__":"cdhgDF/l9Aqp5VLBWsnsY3"},"stand_13_rd1rd2_ride_ride_9411_rd1_stand_3_8":{"__uuid__":"8dKCpHJ2FM/4ObWHagZMXb"}}},{"__type__":"cc.SpriteFrame","content":{"name":"stand_13_rd1rd2_ride_ride_9411_rd1_stand_3_3","texture":"baRQE/ZPdA+L45uwDZWwpV","rect":[1,169,244,186],"offset":[8,1],"originalSize":[450,450],"capInsets":[0,0,0,0]}},{"__type__":"cc.SpriteFrame","content":{"name":"stand_13_rd1rd2_ride_ride_9411_rd1_stand_3_6","texture":"baRQE/ZPdA+L45uwDZWwpV","rect":[1,1,270,166],"offset":[14,6],"originalSize":[450,450],"capInsets":[0,0,0,0]}},{"__type__":"cc.SpriteFrame","content":{"name":"stand_13_rd1rd2_ride_ride_9411_rd1_stand_3_8","texture":"baRQE/ZPdA+L45uwDZWwpV","rect":[239,509,230,178],"offset":[2,3],"originalSize":[450,450],"capInsets":[0,0,0,0]}},{"__type__":"cc.SpriteFrame","content":{"name":"stand_13_rd1rd2_ride_ride_9411_rd1_stand_3_1","texture":"baRQE/ZPdA+L45uwDZWwpV","rect":[471,509,224,176],"offset":[-1,4],"originalSize":[450,450],"capInsets":[0,0,0,0]}},{"__type__":"cc.SpriteFrame","content":{"name":"stand_13_rd1rd2_ride_ride_9411_rd1_stand_3_7","texture":"baRQE/ZPdA+L45uwDZWwpV","rect":[247,335,254,172],"offset":[9,3],"originalSize":[450,450],"capInsets":[0,0,0,0]}},{"__type__":"cc.SpriteFrame","content":{"name":"stand_13_rd1rd2_ride_ride_9411_rd1_stand_3_4","texture":"baRQE/ZPdA+L45uwDZWwpV","rect":[273,163,260,170],"offset":[9,7],"originalSize":[450,450],"capInsets":[0,0,0,0]}},{"__type__":"cc.SpriteFrame","content":{"name":"stand_13_rd1rd2_ride_ride_9411_rd1_stand_3_2","texture":"baRQE/ZPdA+L45uwDZWwpV","rect":[1,357,236,182],"offset":[6,2],"originalSize":[450,450],"capInsets":[0,0,0,0]}}]