[{"__type__":"cc.SpriteFrame","content":{"name":"stand_5_part2_wing_5013_stand_5_part2_0004","texture":"69gTRKiGpKAq92Sp6Vtm3j","rect":[2,184,86,98],"offset":[35,89],"originalSize":[500,500],"rotated":1,"capInsets":[0,0,0,0]}},{"__type__":"cc.SpriteFrame","content":{"name":"stand_5_part2_wing_5013_stand_5_part2_0003","texture":"69gTRKiGpKAq92Sp6Vtm3j","rect":[2,2,90,100],"offset":[38,88],"originalSize":[500,500],"rotated":1,"capInsets":[0,0,0,0]}},{"__type__":"cc.SpriteFrame","content":{"name":"stand_5_part2_wing_5013_stand_5_part2_0010","texture":"69gTRKiGpKAq92Sp6Vtm3j","rect":[158,274,80,98],"offset":[34,88],"originalSize":[500,500],"capInsets":[0,0,0,0]}},{"__type__":"cc.SpriteFrame","content":{"name":"stand_5_part2_wing_5013_stand_5_part2_0005","texture":"69gTRKiGpKAq92Sp6Vtm3j","rect":[82,378,80,98],"offset":[33,91],"originalSize":[500,500],"capInsets":[0,0,0,0]}},{"__type__":"cc.SpriteFrame","content":{"name":"stand_5_part2_wing_5013_stand_5_part2_0009","texture":"69gTRKiGpKAq92Sp6Vtm3j","rect":[78,274,78,102],"offset":[29,92],"originalSize":[500,500],"capInsets":[0,0,0,0]}},{"__type__":"cc.SpriteFrame","content":{"name":"stand_5_part2_wing_5013_stand_5_part2_0011","texture":"69gTRKiGpKAq92Sp6Vtm3j","rect":[102,186,86,98],"offset":[37,85],"originalSize":[500,500],"rotated":1,"capInsets":[0,0,0,0]}},{"__type__":"cc.SpriteFrame","content":{"name":"stand_5_part2_wing_5013_stand_5_part2_0007","texture":"69gTRKiGpKAq92Sp6Vtm3j","rect":[2,272,74,112],"offset":[32,96],"originalSize":[500,500],"capInsets":[0,0,0,0]}},{"__type__":"cc.SpriteFrame","content":{"name":"stand_5_part2_wing_5013_stand_5_part2_0001","texture":"69gTRKiGpKAq92Sp6Vtm3j","rect":[104,2,88,100],"offset":[38,81],"originalSize":[500,500],"rotated":1,"capInsets":[0,0,0,0]}},{"__type__":"cc.SpriteFrame","content":{"name":"stand_5_part2_wing_5013_stand_5_part2_0008","texture":"69gTRKiGpKAq92Sp6Vtm3j","rect":[164,374,72,106],"offset":[31,95],"originalSize":[500,500],"capInsets":[0,0,0,0]}},{"__type__":"cc.SpriteAtlas","_name":"stand_5_part2.plist","_spriteFrames":{"stand_5_part2_wing_5013_stand_5_part2_0001":{"__uuid__":"90zHxAaMhPaoV/uleQ5Fgc"},"stand_5_part2_wing_5013_stand_5_part2_0002":{"__uuid__":"b8WEc1JC1MS6KiW2VdLChh"},"stand_5_part2_wing_5013_stand_5_part2_0003":{"__uuid__":"39/n8+Zy5Lar+kjrXwQOJJ"},"stand_5_part2_wing_5013_stand_5_part2_0004":{"__uuid__":"04ju43+DpJ5rnUk9v8NlkT"},"stand_5_part2_wing_5013_stand_5_part2_0005":{"__uuid__":"5d7t7DP2BOm4P87YM9JNd0"},"stand_5_part2_wing_5013_stand_5_part2_0006":{"__uuid__":"dcdQd8t/9PQq1DFPDe9xIq"},"stand_5_part2_wing_5013_stand_5_part2_0007":{"__uuid__":"90b/QgEgdBw6rMPE4bkno5"},"stand_5_part2_wing_5013_stand_5_part2_0008":{"__uuid__":"97lnlV0vpGRLCS/du1+r6L"},"stand_5_part2_wing_5013_stand_5_part2_0009":{"__uuid__":"7cKyiisxlEHpoy8g3NJOdh"},"stand_5_part2_wing_5013_stand_5_part2_0010":{"__uuid__":"5djJnhPARFIaxsVULOa+kX"},"stand_5_part2_wing_5013_stand_5_part2_0011":{"__uuid__":"83kVFImbhKLaCRVVWt31eW"},"stand_5_part2_wing_5013_stand_5_part2_0012":{"__uuid__":"b2JdB1b49Cs7OEE1gdUE49"}}},{"__type__":"cc.SpriteFrame","content":{"name":"stand_5_part2_wing_5013_stand_5_part2_0012","texture":"69gTRKiGpKAq92Sp6Vtm3j","rect":[2,94,88,96],"offset":[38,82],"originalSize":[500,500],"rotated":1,"capInsets":[0,0,0,0]}},{"__type__":"cc.SpriteFrame","content":{"name":"stand_5_part2_wing_5013_stand_5_part2_0002","texture":"69gTRKiGpKAq92Sp6Vtm3j","rect":[104,92,92,94],"offset":[37,83],"originalSize":[500,500],"rotated":1,"capInsets":[0,0,0,0]}},{"__type__":"cc.SpriteFrame","content":{"name":"stand_5_part2_wing_5013_stand_5_part2_0006","texture":"69gTRKiGpKAq92Sp6Vtm3j","rect":[2,386,78,104],"offset":[32,94],"originalSize":[500,500],"capInsets":[0,0,0,0]}}]