[{"__type__":"cc.SpriteFrame","content":{"name":"stand_5_part1_wing_5016_stand_5_part1_0005","texture":"b4Cq5FzylLYpZymU9ErDq5","rect":[98,380,102,92],"offset":[-58,73],"originalSize":[500,500],"rotated":1,"capInsets":[0,0,0,0]}},{"__type__":"cc.SpriteFrame","content":{"name":"stand_5_part1_wing_5016_stand_5_part1_0002","texture":"b4Cq5FzylLYpZymU9ErDq5","rect":[126,2,122,90],"offset":[-68,75],"originalSize":[500,500],"capInsets":[0,0,0,0]}},{"__type__":"cc.SpriteAtlas","_name":"stand_5_part1.plist","_spriteFrames":{"stand_5_part1_wing_5016_stand_5_part1_0000":{"__uuid__":"c85wCzVwlEDYnKIa3I7HQA"},"stand_5_part1_wing_5016_stand_5_part1_0001":{"__uuid__":"d4c0SxawVNOYjwWHOSO980"},"stand_5_part1_wing_5016_stand_5_part1_0002":{"__uuid__":"33cDVzpMNCfJOCXqIMlPSm"},"stand_5_part1_wing_5016_stand_5_part1_0003":{"__uuid__":"fapMwRNaNG94xGU/Wc+9Ym"},"stand_5_part1_wing_5016_stand_5_part1_0004":{"__uuid__":"741nyc30NA/KyRMi/JImqA"},"stand_5_part1_wing_5016_stand_5_part1_0005":{"__uuid__":"21SCvgVrJOyI85UhULYQ4D"},"stand_5_part1_wing_5016_stand_5_part1_0006":{"__uuid__":"d6XexE2A5KRqmnvzGDJAae"},"stand_5_part1_wing_5016_stand_5_part1_0007":{"__uuid__":"83gZFgMMlMtrs4l/1T4JiT"},"stand_5_part1_wing_5016_stand_5_part1_0008":{"__uuid__":"3biq+kbAFIq56adqam/wIs"},"stand_5_part1_wing_5016_stand_5_part1_0009":{"__uuid__":"55XLG5+IJASZc3mtpDfU9h"},"stand_5_part1_wing_5016_stand_5_part1_0010":{"__uuid__":"970Udhd8BIDqieKZixD6ET"},"stand_5_part1_wing_5016_stand_5_part1_0011":{"__uuid__":"a5W2b+uOBHELxVlMwnZqls"}}},{"__type__":"cc.SpriteFrame","content":{"name":"stand_5_part1_wing_5016_stand_5_part1_0008","texture":"b4Cq5FzylLYpZymU9ErDq5","rect":[2,96,118,90],"offset":[-66,77],"originalSize":[500,500],"capInsets":[0,0,0,0]}},{"__type__":"cc.SpriteFrame","content":{"name":"stand_5_part1_wing_5016_stand_5_part1_0009","texture":"b4Cq5FzylLYpZymU9ErDq5","rect":[250,2,122,88],"offset":[-68,76],"originalSize":[500,500],"capInsets":[0,0,0,0]}},{"__type__":"cc.SpriteFrame","content":{"name":"stand_5_part1_wing_5016_stand_5_part1_0004","texture":"b4Cq5FzylLYpZymU9ErDq5","rect":[126,94,120,92],"offset":[-67,74],"originalSize":[500,500],"capInsets":[0,0,0,0]}},{"__type__":"cc.SpriteFrame","content":{"name":"stand_5_part1_wing_5016_stand_5_part1_0007","texture":"b4Cq5FzylLYpZymU9ErDq5","rect":[2,266,112,96],"offset":[-63,74],"originalSize":[500,500],"rotated":1,"capInsets":[0,0,0,0]}},{"__type__":"cc.SpriteFrame","content":{"name":"stand_5_part1_wing_5016_stand_5_part1_0010","texture":"b4Cq5FzylLYpZymU9ErDq5","rect":[374,2,122,86],"offset":[-68,74],"originalSize":[500,500],"capInsets":[0,0,0,0]}},{"__type__":"cc.SpriteFrame","content":{"name":"stand_5_part1_wing_5016_stand_5_part1_0011","texture":"b4Cq5FzylLYpZymU9ErDq5","rect":[374,90,122,86],"offset":[-68,75],"originalSize":[500,500],"capInsets":[0,0,0,0]}},{"__type__":"cc.SpriteFrame","content":{"name":"stand_5_part1_wing_5016_stand_5_part1_0000","texture":"b4Cq5FzylLYpZymU9ErDq5","rect":[372,178,116,86],"offset":[-65,75],"originalSize":[500,500],"capInsets":[0,0,0,0]}},{"__type__":"cc.SpriteFrame","content":{"name":"stand_5_part1_wing_5016_stand_5_part1_0001","texture":"b4Cq5FzylLYpZymU9ErDq5","rect":[250,92,120,96],"offset":[-67,71],"originalSize":[500,500],"capInsets":[0,0,0,0]}},{"__type__":"cc.SpriteFrame","content":{"name":"stand_5_part1_wing_5016_stand_5_part1_0006","texture":"b4Cq5FzylLYpZymU9ErDq5","rect":[2,380,108,94],"offset":[-61,73],"originalSize":[500,500],"rotated":1,"capInsets":[0,0,0,0]}},{"__type__":"cc.SpriteFrame","content":{"name":"stand_5_part1_wing_5016_stand_5_part1_0003","texture":"b4Cq5FzylLYpZymU9ErDq5","rect":[2,2,122,92],"offset":[-68,75],"originalSize":[500,500],"capInsets":[0,0,0,0]}}]