[{"__type__":"cc.SpriteFrame","content":{"name":"run_3_rd2_ride_ride_9111_rd2_run_3_6","texture":"dbqBgzdWhM07PcJSGFDR25","rect":[151,2,137,179],"offset":[-45,75],"originalSize":[465,465],"capInsets":[0,0,0,0]}},{"__type__":"cc.SpriteFrame","content":{"name":"run_3_rd2_ride_ride_9111_rd2_run_3_8","texture":"dbqBgzdWhM07PcJSGFDR25","rect":[290,2,127,167],"offset":[-46,89],"originalSize":[465,465],"capInsets":[0,0,0,0]}},{"__type__":"cc.SpriteFrame","content":{"name":"run_3_rd2_ride_ride_9111_rd2_run_3_3","texture":"dbqBgzdWhM07PcJSGFDR25","rect":[2,195,133,205],"offset":[-54,63],"originalSize":[465,465],"capInsets":[0,0,0,0]}},{"__type__":"cc.SpriteAtlas","_name":"run_3_b.plist","_spriteFrames":{"run_3_rd2_ride_ride_9111_rd2_run_3_1":{"__uuid__":"f1BKR2n41E5Y1opa62dEoG"},"run_3_rd2_ride_ride_9111_rd2_run_3_2":{"__uuid__":"ceUDyU64hHtK/MD9V46oVB"},"run_3_rd2_ride_ride_9111_rd2_run_3_3":{"__uuid__":"4cAroR6HlFXKfwintZZlr8"},"run_3_rd2_ride_ride_9111_rd2_run_3_4":{"__uuid__":"fawmT3vEBMboweisPU+IXk"},"run_3_rd2_ride_ride_9111_rd2_run_3_5":{"__uuid__":"6bLMMdVXlPKrWOFRwtDwyr"},"run_3_rd2_ride_ride_9111_rd2_run_3_6":{"__uuid__":"35EXryE7hDvqNeQtF6Xeuk"},"run_3_rd2_ride_ride_9111_rd2_run_3_7":{"__uuid__":"88aMont4RCAIKLLyKDjjXo"},"run_3_rd2_ride_ride_9111_rd2_run_3_8":{"__uuid__":"479sFf5y9IMLTojV5pYqVl"}}},{"__type__":"cc.SpriteFrame","content":{"name":"run_3_rd2_ride_ride_9111_rd2_run_3_5","texture":"dbqBgzdWhM07PcJSGFDR25","rect":[137,195,145,183],"offset":[-49,70],"originalSize":[465,465],"capInsets":[0,0,0,0]}},{"__type__":"cc.SpriteFrame","content":{"name":"run_3_rd2_ride_ride_9111_rd2_run_3_7","texture":"dbqBgzdWhM07PcJSGFDR25","rect":[284,183,131,185],"offset":[-44,79],"originalSize":[465,465],"capInsets":[0,0,0,0]}},{"__type__":"cc.SpriteFrame","content":{"name":"run_3_rd2_ride_ride_9111_rd2_run_3_2","texture":"dbqBgzdWhM07PcJSGFDR25","rect":[137,380,123,197],"offset":[-53,69],"originalSize":[465,465],"rotated":1,"capInsets":[0,0,0,0]}},{"__type__":"cc.SpriteFrame","content":{"name":"run_3_rd2_ride_ride_9111_rd2_run_3_1","texture":"dbqBgzdWhM07PcJSGFDR25","rect":[336,370,133,165],"offset":[-50,87],"originalSize":[465,465],"rotated":1,"capInsets":[0,0,0,0]}},{"__type__":"cc.SpriteFrame","content":{"name":"run_3_rd2_ride_ride_9111_rd2_run_3_4","texture":"dbqBgzdWhM07PcJSGFDR25","rect":[2,2,147,191],"offset":[-49,67],"originalSize":[465,465],"capInsets":[0,0,0,0]}}]