[{"__type__":"cc.SpriteFrame","content":{"name":"stand_1_rd1rd2_stand_3_rd1rd2_ride_ride_9321_rd2_stand_1_2","texture":"c0ChMLm3VBspEkdX1k4wXP","rect":[211,1,250,140],"offset":[-27,29],"originalSize":[480,480],"capInsets":[0,0,0,0]}},{"__type__":"cc.SpriteFrame","content":{"name":"stand_1_rd1rd2_stand_3_rd1rd2_ride_ride_9321_rd2_stand_1_3","texture":"c0ChMLm3VBspEkdX1k4wXP","rect":[1,169,252,140],"offset":[-28,29],"originalSize":[480,480],"capInsets":[0,0,0,0]}},{"__type__":"cc.SpriteFrame","content":{"name":"stand_1_rd1rd2_stand_3_rd1rd2_ride_ride_9321_rd2_stand_1_8","texture":"c0ChMLm3VBspEkdX1k4wXP","rect":[1,1,208,166],"offset":[-31,40],"originalSize":[480,480],"capInsets":[0,0,0,0]}},{"__type__":"cc.SpriteFrame","content":{"name":"stand_1_rd1rd2_stand_3_rd1rd2_ride_ride_9321_rd2_stand_1_1","texture":"c0ChMLm3VBspEkdX1k4wXP","rect":[1,461,234,148],"offset":[-30,32],"originalSize":[480,480],"capInsets":[0,0,0,0]}},{"__type__":"cc.SpriteFrame","content":{"name":"stand_1_rd1rd2_stand_3_rd1rd2_ride_ride_9321_rd2_stand_1_5","texture":"c0ChMLm3VBspEkdX1k4wXP","rect":[1,311,238,148],"offset":[-22,31],"originalSize":[480,480],"capInsets":[0,0,0,0]}},{"__type__":"cc.SpriteFrame","content":{"name":"stand_1_rd1rd2_stand_3_rd1rd2_ride_ride_9321_rd2_stand_1_6","texture":"c0ChMLm3VBspEkdX1k4wXP","rect":[237,461,188,148],"offset":[-45,30],"originalSize":[480,480],"capInsets":[0,0,0,0]}},{"__type__":"cc.SpriteFrame","content":{"name":"stand_1_rd1rd2_stand_3_rd1rd2_ride_ride_9321_rd2_stand_1_4","texture":"c0ChMLm3VBspEkdX1k4wXP","rect":[255,307,244,152],"offset":[-24,33],"originalSize":[480,480],"capInsets":[0,0,0,0]}},{"__type__":"cc.SpriteAtlas","_name":"stand_1_b.plist","_spriteFrames":{"stand_1_rd1rd2_stand_3_rd1rd2_ride_ride_9321_rd2_stand_1_1":{"__uuid__":"3e4IBvLNRJL6StfljDB7rk"},"stand_1_rd1rd2_stand_3_rd1rd2_ride_ride_9321_rd2_stand_1_2":{"__uuid__":"009FVZLjJCUoFvz6kZnWNq"},"stand_1_rd1rd2_stand_3_rd1rd2_ride_ride_9321_rd2_stand_1_3":{"__uuid__":"32LLPnOYlL0YW65Dy6AxAi"},"stand_1_rd1rd2_stand_3_rd1rd2_ride_ride_9321_rd2_stand_1_4":{"__uuid__":"ad2D6nHkpHz5QIWhPz3Qs8"},"stand_1_rd1rd2_stand_3_rd1rd2_ride_ride_9321_rd2_stand_1_5":{"__uuid__":"558nhhdyxA+5dsMCEJ71Ez"},"stand_1_rd1rd2_stand_3_rd1rd2_ride_ride_9321_rd2_stand_1_6":{"__uuid__":"8e3ejyVHdOQ6Rh22WfnGEM"},"stand_1_rd1rd2_stand_3_rd1rd2_ride_ride_9321_rd2_stand_1_7":{"__uuid__":"cdAJi+3W9FVJgLIPc0JW9U"},"stand_1_rd1rd2_stand_3_rd1rd2_ride_ride_9321_rd2_stand_1_8":{"__uuid__":"32sUFD2ANFoq1onip9aUFc"}}},{"__type__":"cc.SpriteFrame","content":{"name":"stand_1_rd1rd2_stand_3_rd1rd2_ride_ride_9321_rd2_stand_1_7","texture":"c0ChMLm3VBspEkdX1k4wXP","rect":[255,143,210,162],"offset":[-32,37],"originalSize":[480,480],"capInsets":[0,0,0,0]}}]