[{"__type__":"cc.SpriteFrame","content":{"name":"stand_8_part1_wing_5015_stand_png_part1_8_0003","texture":"02IzDhUYJHwo/o6oTZGiey","rect":[2,132,66,88],"offset":[-48,28],"originalSize":[500,500],"rotated":1,"capInsets":[0,0,0,0]}},{"__type__":"cc.SpriteFrame","content":{"name":"stand_8_part1_wing_5015_stand_png_part1_8_0006","texture":"02IzDhUYJHwo/o6oTZGiey","rect":[186,68,68,86],"offset":[-46,22],"originalSize":[500,500],"capInsets":[0,0,0,0]}},{"__type__":"cc.SpriteAtlas","_name":"stand_8_part1.plist","_spriteFrames":{"stand_8_part1_wing_5015_stand_png_part1_8_0000":{"__uuid__":"70qhDcOahBi58YXkZQV8mc"},"stand_8_part1_wing_5015_stand_png_part1_8_0001":{"__uuid__":"c8OyVoEW1LyogcpYS6XyGo"},"stand_8_part1_wing_5015_stand_png_part1_8_0002":{"__uuid__":"e5PCF540pK853cjrdhHb1E"},"stand_8_part1_wing_5015_stand_png_part1_8_0003":{"__uuid__":"10ITsVEz9HX5kqPVkaSuDf"},"stand_8_part1_wing_5015_stand_png_part1_8_0004":{"__uuid__":"c62tQ6DuhEabiJIrrW3uKs"},"stand_8_part1_wing_5015_stand_png_part1_8_0005":{"__uuid__":"ca7b1xHMxDOb0vityFYNbp"},"stand_8_part1_wing_5015_stand_png_part1_8_0006":{"__uuid__":"1bperop7NKkLA5zOa87je7"},"stand_8_part1_wing_5015_stand_png_part1_8_0007":{"__uuid__":"b56u5f3mNOJLXnPCSyyK+3"},"stand_8_part1_wing_5015_stand_png_part1_8_0008":{"__uuid__":"82e5zauXpARblQGfCJ5uuR"},"stand_8_part1_wing_5015_stand_png_part1_8_0009":{"__uuid__":"848Xa2mqFIW4ZdnHQIU6Yl"},"stand_8_part1_wing_5015_stand_png_part1_8_0010":{"__uuid__":"f5uiRaMdZPpb5/w4bTN9Ke"},"stand_8_part1_wing_5015_stand_png_part1_8_0011":{"__uuid__":"baR7RXM6ZCj6/cycDrJjN3"}}},{"__type__":"cc.SpriteFrame","content":{"name":"stand_8_part1_wing_5015_stand_png_part1_8_0000","texture":"02IzDhUYJHwo/o6oTZGiey","rect":[2,68,62,92],"offset":[-47,34],"originalSize":[500,500],"rotated":1,"capInsets":[0,0,0,0]}},{"__type__":"cc.SpriteFrame","content":{"name":"stand_8_part1_wing_5015_stand_png_part1_8_0008","texture":"02IzDhUYJHwo/o6oTZGiey","rect":[86,206,70,76],"offset":[-47,27],"originalSize":[500,500],"rotated":1,"capInsets":[0,0,0,0]}},{"__type__":"cc.SpriteFrame","content":{"name":"stand_8_part1_wing_5015_stand_png_part1_8_0009","texture":"02IzDhUYJHwo/o6oTZGiey","rect":[2,266,70,76],"offset":[-48,27],"originalSize":[500,500],"rotated":1,"capInsets":[0,0,0,0]}},{"__type__":"cc.SpriteFrame","content":{"name":"stand_8_part1_wing_5015_stand_png_part1_8_0007","texture":"02IzDhUYJHwo/o6oTZGiey","rect":[96,68,68,88],"offset":[-45,22],"originalSize":[500,500],"rotated":1,"capInsets":[0,0,0,0]}},{"__type__":"cc.SpriteFrame","content":{"name":"stand_8_part1_wing_5015_stand_png_part1_8_0011","texture":"02IzDhUYJHwo/o6oTZGiey","rect":[2,200,64,82],"offset":[-47,30],"originalSize":[500,500],"rotated":1,"capInsets":[0,0,0,0]}},{"__type__":"cc.SpriteFrame","content":{"name":"stand_8_part1_wing_5015_stand_png_part1_8_0004","texture":"02IzDhUYJHwo/o6oTZGiey","rect":[92,138,66,88],"offset":[-47,27],"originalSize":[500,500],"rotated":1,"capInsets":[0,0,0,0]}},{"__type__":"cc.SpriteFrame","content":{"name":"stand_8_part1_wing_5015_stand_png_part1_8_0001","texture":"02IzDhUYJHwo/o6oTZGiey","rect":[2,2,64,112],"offset":[-47,24],"originalSize":[500,500],"rotated":1,"capInsets":[0,0,0,0]}},{"__type__":"cc.SpriteFrame","content":{"name":"stand_8_part1_wing_5015_stand_png_part1_8_0005","texture":"02IzDhUYJHwo/o6oTZGiey","rect":[182,156,72,84],"offset":[-49,23],"originalSize":[500,500],"capInsets":[0,0,0,0]}},{"__type__":"cc.SpriteFrame","content":{"name":"stand_8_part1_wing_5015_stand_png_part1_8_0002","texture":"02IzDhUYJHwo/o6oTZGiey","rect":[116,2,64,92],"offset":[-47,32],"originalSize":[500,500],"rotated":1,"capInsets":[0,0,0,0]}},{"__type__":"cc.SpriteFrame","content":{"name":"stand_8_part1_wing_5015_stand_png_part1_8_0010","texture":"02IzDhUYJHwo/o6oTZGiey","rect":[164,242,70,76],"offset":[-49,27],"originalSize":[500,500],"rotated":1,"capInsets":[0,0,0,0]}}]