[{"__type__":"cc.SpriteFrame","content":{"name":"stand_7_part2_wing_5016_stand_7_part2_0002","texture":"63BruluF5DHYz3Hxn5dBhG","rect":[2,232,106,76],"offset":[-60,39],"originalSize":[500,500],"capInsets":[0,0,0,0]}},{"__type__":"cc.SpriteAtlas","_name":"stand_7_part2.plist","_spriteFrames":{"stand_7_part2_wing_5016_stand_7_part2_0000":{"__uuid__":"25dXFV+8NLTaszPxIOuZFz"},"stand_7_part2_wing_5016_stand_7_part2_0001":{"__uuid__":"c5M1pqKTtDYb4anakHBdJv"},"stand_7_part2_wing_5016_stand_7_part2_0002":{"__uuid__":"0a62rIPQpJx5qPWYf90AvM"},"stand_7_part2_wing_5016_stand_7_part2_0003":{"__uuid__":"c8DJh+5ctGapqj7w9HpdXL"},"stand_7_part2_wing_5016_stand_7_part2_0004":{"__uuid__":"75uXMU64hC1b143n+OnuiJ"},"stand_7_part2_wing_5016_stand_7_part2_0005":{"__uuid__":"819xmw67RFmInmfBVLrXsa"},"stand_7_part2_wing_5016_stand_7_part2_0006":{"__uuid__":"a9GABJeKhAeLy2DnCNXZ67"},"stand_7_part2_wing_5016_stand_7_part2_0007":{"__uuid__":"d2ufMQzFxJaIiyQJyqy5v5"},"stand_7_part2_wing_5016_stand_7_part2_0008":{"__uuid__":"f6uALTEYpMDaInxoZrpSu8"},"stand_7_part2_wing_5016_stand_7_part2_0009":{"__uuid__":"55dbnRC0pLRr+h2N4r5gq0"},"stand_7_part2_wing_5016_stand_7_part2_0010":{"__uuid__":"f5GXzYwqhA1LwM2UXlL85v"},"stand_7_part2_wing_5016_stand_7_part2_0011":{"__uuid__":"a700FtNO1NeaaKVVQ+P59+"}}},{"__type__":"cc.SpriteFrame","content":{"name":"stand_7_part2_wing_5016_stand_7_part2_0000","texture":"63BruluF5DHYz3Hxn5dBhG","rect":[122,78,114,74],"offset":[-64,39],"originalSize":[500,500],"capInsets":[0,0,0,0]}},{"__type__":"cc.SpriteFrame","content":{"name":"stand_7_part2_wing_5016_stand_7_part2_0009","texture":"63BruluF5DHYz3Hxn5dBhG","rect":[114,154,108,78],"offset":[-61,39],"originalSize":[500,500],"capInsets":[0,0,0,0]}},{"__type__":"cc.SpriteFrame","content":{"name":"stand_7_part2_wing_5016_stand_7_part2_0004","texture":"63BruluF5DHYz3Hxn5dBhG","rect":[110,308,104,74],"offset":[-59,37],"originalSize":[500,500],"capInsets":[0,0,0,0]}},{"__type__":"cc.SpriteFrame","content":{"name":"stand_7_part2_wing_5016_stand_7_part2_0005","texture":"63BruluF5DHYz3Hxn5dBhG","rect":[76,388,96,72],"offset":[-55,36],"originalSize":[500,500],"rotated":1,"capInsets":[0,0,0,0]}},{"__type__":"cc.SpriteFrame","content":{"name":"stand_7_part2_wing_5016_stand_7_part2_0011","texture":"63BruluF5DHYz3Hxn5dBhG","rect":[122,2,116,74],"offset":[-65,40],"originalSize":[500,500],"capInsets":[0,0,0,0]}},{"__type__":"cc.SpriteFrame","content":{"name":"stand_7_part2_wing_5016_stand_7_part2_0006","texture":"63BruluF5DHYz3Hxn5dBhG","rect":[2,388,100,72],"offset":[-57,36],"originalSize":[500,500],"rotated":1,"capInsets":[0,0,0,0]}},{"__type__":"cc.SpriteFrame","content":{"name":"stand_7_part2_wing_5016_stand_7_part2_0001","texture":"63BruluF5DHYz3Hxn5dBhG","rect":[2,2,118,76],"offset":[-66,38],"originalSize":[500,500],"capInsets":[0,0,0,0]}},{"__type__":"cc.SpriteFrame","content":{"name":"stand_7_part2_wing_5016_stand_7_part2_0003","texture":"63BruluF5DHYz3Hxn5dBhG","rect":[2,154,110,76],"offset":[-62,39],"originalSize":[500,500],"capInsets":[0,0,0,0]}},{"__type__":"cc.SpriteFrame","content":{"name":"stand_7_part2_wing_5016_stand_7_part2_0007","texture":"63BruluF5DHYz3Hxn5dBhG","rect":[2,310,102,76],"offset":[-58,35],"originalSize":[500,500],"capInsets":[0,0,0,0]}},{"__type__":"cc.SpriteFrame","content":{"name":"stand_7_part2_wing_5016_stand_7_part2_0010","texture":"63BruluF5DHYz3Hxn5dBhG","rect":[2,80,112,72],"offset":[-63,38],"originalSize":[500,500],"capInsets":[0,0,0,0]}},{"__type__":"cc.SpriteFrame","content":{"name":"stand_7_part2_wing_5016_stand_7_part2_0008","texture":"63BruluF5DHYz3Hxn5dBhG","rect":[110,234,106,72],"offset":[-60,35],"originalSize":[500,500],"capInsets":[0,0,0,0]}}]