[{"__type__":"cc.SpriteFrame","content":{"name":"stand_5_part1_wing_5010_stand_5_part1_0004","texture":"37ijBX5ENHGo6Wj5gs4yGd","rect":[2,130,126,102],"offset":[-67,75],"originalSize":[500,500],"rotated":1,"capInsets":[0,0,0,0]}},{"__type__":"cc.SpriteAtlas","_name":"stand_5_part1.plist","_spriteFrames":{"stand_5_part1_wing_5010_stand_5_part1_0001":{"__uuid__":"72wuBaY/xEdYMH99w1l2It"},"stand_5_part1_wing_5010_stand_5_part1_0002":{"__uuid__":"90lF/UcN1G4YEkb+nKNSmo"},"stand_5_part1_wing_5010_stand_5_part1_0003":{"__uuid__":"f4fPTBF4NFZq/0RLsDtSAR"},"stand_5_part1_wing_5010_stand_5_part1_0004":{"__uuid__":"08KIVIb4NHjpQdor68oHVT"},"stand_5_part1_wing_5010_stand_5_part1_0005":{"__uuid__":"923VwxIcNHuJjjRPDZk09P"},"stand_5_part1_wing_5010_stand_5_part1_0006":{"__uuid__":"846PtlyA1BI4UxOypQQJmD"},"stand_5_part1_wing_5010_stand_5_part1_0007":{"__uuid__":"52o7OA9TpBAqFmyrGQTzrS"},"stand_5_part1_wing_5010_stand_5_part1_0008":{"__uuid__":"ffprMNxEJMHYoeebf//N36"},"stand_5_part1_wing_5010_stand_5_part1_0009":{"__uuid__":"82DX7/XnlEjrTOIKZZVr3u"},"stand_5_part1_wing_5010_stand_5_part1_0010":{"__uuid__":"bbTg+8OJ5DDpb6Ylm5oK4D"},"stand_5_part1_wing_5010_stand_5_part1_0011":{"__uuid__":"b0n+4Eb6xImLWHlMlVzE4m"},"stand_5_part1_wing_5010_stand_5_part1_0012":{"__uuid__":"ba8CtL7c9Aj6cDWAG4uqX8"}}},{"__type__":"cc.SpriteFrame","content":{"name":"stand_5_part1_wing_5010_stand_5_part1_0007","texture":"37ijBX5ENHGo6Wj5gs4yGd","rect":[110,2,102,120],"offset":[-55,83],"originalSize":[500,500],"capInsets":[0,0,0,0]}},{"__type__":"cc.SpriteFrame","content":{"name":"stand_5_part1_wing_5010_stand_5_part1_0001","texture":"37ijBX5ENHGo6Wj5gs4yGd","rect":[92,384,110,122],"offset":[-59,85],"originalSize":[500,500],"capInsets":[0,0,0,0]}},{"__type__":"cc.SpriteFrame","content":{"name":"stand_5_part1_wing_5010_stand_5_part1_0009","texture":"37ijBX5ENHGo6Wj5gs4yGd","rect":[106,130,88,122],"offset":[-48,84],"originalSize":[500,500],"capInsets":[0,0,0,0]}},{"__type__":"cc.SpriteFrame","content":{"name":"stand_5_part1_wing_5010_stand_5_part1_0006","texture":"37ijBX5ENHGo6Wj5gs4yGd","rect":[214,2,100,114],"offset":[-54,81],"originalSize":[500,500],"capInsets":[0,0,0,0]}},{"__type__":"cc.SpriteFrame","content":{"name":"stand_5_part1_wing_5010_stand_5_part1_0002","texture":"37ijBX5ENHGo6Wj5gs4yGd","rect":[196,124,116,104],"offset":[-62,75],"originalSize":[500,500],"rotated":1,"capInsets":[0,0,0,0]}},{"__type__":"cc.SpriteFrame","content":{"name":"stand_5_part1_wing_5010_stand_5_part1_0005","texture":"37ijBX5ENHGo6Wj5gs4yGd","rect":[206,242,98,108],"offset":[-53,78],"originalSize":[500,500],"capInsets":[0,0,0,0]}},{"__type__":"cc.SpriteFrame","content":{"name":"stand_5_part1_wing_5010_stand_5_part1_0011","texture":"37ijBX5ENHGo6Wj5gs4yGd","rect":[2,258,96,124],"offset":[-52,85],"originalSize":[500,500],"capInsets":[0,0,0,0]}},{"__type__":"cc.SpriteFrame","content":{"name":"stand_5_part1_wing_5010_stand_5_part1_0012","texture":"37ijBX5ENHGo6Wj5gs4yGd","rect":[2,2,106,126],"offset":[-57,86],"originalSize":[500,500],"capInsets":[0,0,0,0]}},{"__type__":"cc.SpriteFrame","content":{"name":"stand_5_part1_wing_5010_stand_5_part1_0010","texture":"37ijBX5ENHGo6Wj5gs4yGd","rect":[2,384,88,124],"offset":[-48,85],"originalSize":[500,500],"capInsets":[0,0,0,0]}},{"__type__":"cc.SpriteFrame","content":{"name":"stand_5_part1_wing_5010_stand_5_part1_0003","texture":"37ijBX5ENHGo6Wj5gs4yGd","rect":[204,382,120,102],"offset":[-64,75],"originalSize":[500,500],"rotated":1,"capInsets":[0,0,0,0]}},{"__type__":"cc.SpriteFrame","content":{"name":"stand_5_part1_wing_5010_stand_5_part1_0008","texture":"37ijBX5ENHGo6Wj5gs4yGd","rect":[100,258,104,122],"offset":[-56,84],"originalSize":[500,500],"capInsets":[0,0,0,0]}}]