[{"__type__":"cc.SpriteFrame","content":{"name":"stand_7_part2_wing_5013_stand_7_part2_0009","texture":"2d1n0Ldp1PV6eovFrcFp1u","rect":[80,428,78,84],"offset":[-39,41],"originalSize":[500,500],"rotated":1,"capInsets":[0,0,0,0]}},{"__type__":"cc.SpriteFrame","content":{"name":"stand_7_part2_wing_5013_stand_7_part2_0011","texture":"2d1n0Ldp1PV6eovFrcFp1u","rect":[2,170,84,100],"offset":[-46,49],"originalSize":[500,500],"rotated":1,"capInsets":[0,0,0,0]}},{"__type__":"cc.SpriteFrame","content":{"name":"stand_7_part2_wing_5013_stand_7_part2_0008","texture":"2d1n0Ldp1PV6eovFrcFp1u","rect":[88,350,72,78],"offset":[-40,38],"originalSize":[500,500],"rotated":1,"capInsets":[0,0,0,0]}},{"__type__":"cc.SpriteFrame","content":{"name":"stand_7_part2_wing_5013_stand_7_part2_0002","texture":"2d1n0Ldp1PV6eovFrcFp1u","rect":[2,256,86,96],"offset":[-47,51],"originalSize":[500,500],"rotated":1,"capInsets":[0,0,0,0]}},{"__type__":"cc.SpriteFrame","content":{"name":"stand_7_part2_wing_5013_stand_7_part2_0003","texture":"2d1n0Ldp1PV6eovFrcFp1u","rect":[108,2,84,102],"offset":[-46,49],"originalSize":[500,500],"rotated":1,"capInsets":[0,0,0,0]}},{"__type__":"cc.SpriteAtlas","_name":"stand_7_part2.plist","_spriteFrames":{"stand_7_part2_wing_5013_stand_7_part2_0001":{"__uuid__":"f5c7J5wPhN+5jigDr+wWb3"},"stand_7_part2_wing_5013_stand_7_part2_0002":{"__uuid__":"4cMQ5rWc9DmLMaTpvkXSsK"},"stand_7_part2_wing_5013_stand_7_part2_0003":{"__uuid__":"4eR5la5udACaDvfEgDYGBg"},"stand_7_part2_wing_5013_stand_7_part2_0004":{"__uuid__":"66XMsG9ppJxZL7n2gD6dOS"},"stand_7_part2_wing_5013_stand_7_part2_0005":{"__uuid__":"79KoULzYRJ5JHFPfMK+5ug"},"stand_7_part2_wing_5013_stand_7_part2_0006":{"__uuid__":"b7xt9nZ71Pkbsp4hx8BCh5"},"stand_7_part2_wing_5013_stand_7_part2_0007":{"__uuid__":"e88u2VwExGj6CvUHdbR7u0"},"stand_7_part2_wing_5013_stand_7_part2_0008":{"__uuid__":"30oVw5ru9Eypa6wN1nugIL"},"stand_7_part2_wing_5013_stand_7_part2_0009":{"__uuid__":"0bdE1p5L9OyaKQ7VMA8rYO"},"stand_7_part2_wing_5013_stand_7_part2_0010":{"__uuid__":"c1T8uymORP37nNTO6sdLMn"},"stand_7_part2_wing_5013_stand_7_part2_0011":{"__uuid__":"26Nt6M4GVPx5fnr4aR4b/d"},"stand_7_part2_wing_5013_stand_7_part2_0012":{"__uuid__":"c3Fx/YdrdGHKRPjJBUIa0U"}}},{"__type__":"cc.SpriteFrame","content":{"name":"stand_7_part2_wing_5013_stand_7_part2_0004","texture":"2d1n0Ldp1PV6eovFrcFp1u","rect":[2,84,84,102],"offset":[-46,50],"originalSize":[500,500],"rotated":1,"capInsets":[0,0,0,0]}},{"__type__":"cc.SpriteFrame","content":{"name":"stand_7_part2_wing_5013_stand_7_part2_0005","texture":"2d1n0Ldp1PV6eovFrcFp1u","rect":[2,2,80,104],"offset":[-44,51],"originalSize":[500,500],"rotated":1,"capInsets":[0,0,0,0]}},{"__type__":"cc.SpriteFrame","content":{"name":"stand_7_part2_wing_5013_stand_7_part2_0006","texture":"2d1n0Ldp1PV6eovFrcFp1u","rect":[2,344,82,84],"offset":[-45,40],"originalSize":[500,500],"rotated":1,"capInsets":[0,0,0,0]}},{"__type__":"cc.SpriteFrame","content":{"name":"stand_7_part2_wing_5013_stand_7_part2_0010","texture":"2d1n0Ldp1PV6eovFrcFp1u","rect":[100,268,80,86],"offset":[-44,43],"originalSize":[500,500],"rotated":1,"capInsets":[0,0,0,0]}},{"__type__":"cc.SpriteFrame","content":{"name":"stand_7_part2_wing_5013_stand_7_part2_0012","texture":"2d1n0Ldp1PV6eovFrcFp1u","rect":[106,88,88,100],"offset":[-48,50],"originalSize":[500,500],"rotated":1,"capInsets":[0,0,0,0]}},{"__type__":"cc.SpriteFrame","content":{"name":"stand_7_part2_wing_5013_stand_7_part2_0007","texture":"2d1n0Ldp1PV6eovFrcFp1u","rect":[2,428,76,82],"offset":[-42,40],"originalSize":[500,500],"capInsets":[0,0,0,0]}},{"__type__":"cc.SpriteFrame","content":{"name":"stand_7_part2_wing_5013_stand_7_part2_0001","texture":"2d1n0Ldp1PV6eovFrcFp1u","rect":[104,178,88,96],"offset":[-48,53],"originalSize":[500,500],"rotated":1,"capInsets":[0,0,0,0]}}]