[{"__type__":"cc.SpriteAtlas","_name":"stand_1.plist","_spriteFrames":{"stand_13_sh_ride_shape_2033_sh_stand_1_0001":{"__uuid__":"c4NoHR2l9I3qTBpV3nxi+Y"},"stand_13_sh_ride_shape_2033_sh_stand_1_0002":{"__uuid__":"83NLd3NGlPz6DDmsBSugN1"},"stand_13_sh_ride_shape_2033_sh_stand_1_0003":{"__uuid__":"db8DKQUNRFq4BcJ5Dh893I"},"stand_13_sh_ride_shape_2033_sh_stand_1_0004":{"__uuid__":"d1SV/dNqNLtr5DU9CKMhKw"},"stand_13_sh_ride_shape_2033_sh_stand_1_0005":{"__uuid__":"62G5JYIF9Mv7zDC9XjoVKY"},"stand_13_sh_ride_shape_2033_sh_stand_1_0006":{"__uuid__":"72eH7CZkhLBbLk+kngyV9O"},"stand_13_sh_ride_shape_2033_sh_stand_1_0007":{"__uuid__":"5c8+5vjs5OoZcuBZkcpAgW"},"stand_13_sh_ride_shape_2033_sh_stand_1_0008":{"__uuid__":"35RGy0butK551/31CyN9c6"}}},{"__type__":"cc.SpriteFrame","content":{"name":"stand_13_sh_ride_shape_2033_sh_stand_1_0008","texture":"ebMcFLLShD2aokOg9d9/Vr","rect":[99,1,102,140],"offset":[-7,43],"originalSize":[490,490],"capInsets":[0,0,0,0]}},{"__type__":"cc.SpriteFrame","content":{"name":"stand_13_sh_ride_shape_2033_sh_stand_1_0007","texture":"ebMcFLLShD2aokOg9d9/Vr","rect":[203,1,102,138],"offset":[-8,43],"originalSize":[490,490],"capInsets":[0,0,0,0]}},{"__type__":"cc.SpriteFrame","content":{"name":"stand_13_sh_ride_shape_2033_sh_stand_1_0005","texture":"ebMcFLLShD2aokOg9d9/Vr","rect":[305,143,98,140],"offset":[-8,42],"originalSize":[490,490],"capInsets":[0,0,0,0]}},{"__type__":"cc.SpriteFrame","content":{"name":"stand_13_sh_ride_shape_2033_sh_stand_1_0006","texture":"ebMcFLLShD2aokOg9d9/Vr","rect":[99,143,100,140],"offset":[-8,43],"originalSize":[490,490],"capInsets":[0,0,0,0]}},{"__type__":"cc.SpriteFrame","content":{"name":"stand_13_sh_ride_shape_2033_sh_stand_1_0002","texture":"ebMcFLLShD2aokOg9d9/Vr","rect":[307,1,96,140],"offset":[-5,42],"originalSize":[490,490],"capInsets":[0,0,0,0]}},{"__type__":"cc.SpriteFrame","content":{"name":"stand_13_sh_ride_shape_2033_sh_stand_1_0001","texture":"ebMcFLLShD2aokOg9d9/Vr","rect":[203,141,100,140],"offset":[-6,42],"originalSize":[490,490],"capInsets":[0,0,0,0]}},{"__type__":"cc.SpriteFrame","content":{"name":"stand_13_sh_ride_shape_2033_sh_stand_1_0004","texture":"ebMcFLLShD2aokOg9d9/Vr","rect":[1,145,96,142],"offset":[-7,42],"originalSize":[490,490],"capInsets":[0,0,0,0]}},{"__type__":"cc.SpriteFrame","content":{"name":"stand_13_sh_ride_shape_2033_sh_stand_1_0003","texture":"ebMcFLLShD2aokOg9d9/Vr","rect":[1,1,96,142],"offset":[-7,42],"originalSize":[490,490],"capInsets":[0,0,0,0]}}]