[{"__type__":"cc.SpriteFrame","content":{"name":"stand_3_rd1rd2_ride_ride_9431_rd1_stand_3_1","texture":"ceLJuzniJK+Is+jGqmTb+G","rect":[167,193,154,190],"offset":[58,6],"originalSize":[500,500],"capInsets":[0,0,0,0]}},{"__type__":"cc.SpriteFrame","content":{"name":"stand_3_rd1rd2_ride_ride_9431_rd1_stand_3_3","texture":"ceLJuzniJK+Is+jGqmTb+G","rect":[323,381,154,188],"offset":[61,5],"originalSize":[500,500],"capInsets":[0,0,0,0]}},{"__type__":"cc.SpriteFrame","content":{"name":"stand_3_rd1rd2_ride_ride_9431_rd1_stand_3_4","texture":"ceLJuzniJK+Is+jGqmTb+G","rect":[327,1,160,188],"offset":[65,5],"originalSize":[500,500],"capInsets":[0,0,0,0]}},{"__type__":"cc.SpriteFrame","content":{"name":"stand_3_rd1rd2_ride_ride_9431_rd1_stand_3_7","texture":"ceLJuzniJK+Is+jGqmTb+G","rect":[1,193,164,190],"offset":[64,6],"originalSize":[500,500],"capInsets":[0,0,0,0]}},{"__type__":"cc.SpriteFrame","content":{"name":"stand_3_rd1rd2_ride_ride_9431_rd1_stand_3_5","texture":"ceLJuzniJK+Is+jGqmTb+G","rect":[1,385,150,186],"offset":[61,5],"originalSize":[500,500],"capInsets":[0,0,0,0]}},{"__type__":"cc.SpriteFrame","content":{"name":"stand_3_rd1rd2_ride_ride_9431_rd1_stand_3_8","texture":"ceLJuzniJK+Is+jGqmTb+G","rect":[1,1,170,190],"offset":[67,6],"originalSize":[500,500],"capInsets":[0,0,0,0]}},{"__type__":"cc.SpriteFrame","content":{"name":"stand_3_rd1rd2_ride_ride_9431_rd1_stand_3_2","texture":"ceLJuzniJK+Is+jGqmTb+G","rect":[173,1,152,190],"offset":[58,5],"originalSize":[500,500],"capInsets":[0,0,0,0]}},{"__type__":"cc.SpriteFrame","content":{"name":"stand_3_rd1rd2_ride_ride_9431_rd1_stand_3_6","texture":"ceLJuzniJK+Is+jGqmTb+G","rect":[327,191,156,188],"offset":[62,5],"originalSize":[500,500],"capInsets":[0,0,0,0]}},{"__type__":"cc.SpriteAtlas","_name":"stand_3_f.plist","_spriteFrames":{"stand_3_rd1rd2_ride_ride_9431_rd1_stand_3_1":{"__uuid__":"01+HP1/FFNz4Wh3RIc7Q/3"},"stand_3_rd1rd2_ride_ride_9431_rd1_stand_3_2":{"__uuid__":"93sm8nPndMtrK6I4uHjyHa"},"stand_3_rd1rd2_ride_ride_9431_rd1_stand_3_3":{"__uuid__":"2dWMscgnNF942NAjn09hBm"},"stand_3_rd1rd2_ride_ride_9431_rd1_stand_3_4":{"__uuid__":"3aAh3hw79HlJ8Z8iEcu/rW"},"stand_3_rd1rd2_ride_ride_9431_rd1_stand_3_5":{"__uuid__":"6cd4a1eG9MRI7+43NsY5Q+"},"stand_3_rd1rd2_ride_ride_9431_rd1_stand_3_6":{"__uuid__":"96Z2tsVnFCKYwITW4Vebsm"},"stand_3_rd1rd2_ride_ride_9431_rd1_stand_3_7":{"__uuid__":"4bQ9g8E/dHWYj290MKTQ/q"},"stand_3_rd1rd2_ride_ride_9431_rd1_stand_3_8":{"__uuid__":"6dm7udmaJJ5I8xYx4pf4X1"}}}]