[{"__type__":"cc.SpriteFrame","content":{"name":"run_3_rd2_ride_ride_9311_rd2_run_3_6","texture":"60bDdQ9ztM3pdNmjVqTREP","rect":[358,146,148,172],"offset":[-32,31],"originalSize":[500,500],"capInsets":[0,0,0,0]}},{"__type__":"cc.SpriteFrame","content":{"name":"run_3_rd2_ride_ride_9311_rd2_run_3_5","texture":"60bDdQ9ztM3pdNmjVqTREP","rect":[350,320,144,156],"offset":[-35,35],"originalSize":[500,500],"rotated":1,"capInsets":[0,0,0,0]}},{"__type__":"cc.SpriteFrame","content":{"name":"run_3_rd2_ride_ride_9311_rd2_run_3_8","texture":"60bDdQ9ztM3pdNmjVqTREP","rect":[182,2,164,174],"offset":[-30,32],"originalSize":[500,500],"rotated":1,"capInsets":[0,0,0,0]}},{"__type__":"cc.SpriteFrame","content":{"name":"run_3_rd2_ride_ride_9311_rd2_run_3_4","texture":"60bDdQ9ztM3pdNmjVqTREP","rect":[358,2,142,150],"offset":[-40,35],"originalSize":[500,500],"rotated":1,"capInsets":[0,0,0,0]}},{"__type__":"cc.SpriteFrame","content":{"name":"run_3_rd2_ride_ride_9311_rd2_run_3_2","texture":"60bDdQ9ztM3pdNmjVqTREP","rect":[2,2,178,158],"offset":[-36,33],"originalSize":[500,500],"capInsets":[0,0,0,0]}},{"__type__":"cc.SpriteAtlas","_name":"run_3_b.plist","_spriteFrames":{"run_3_rd2_ride_ride_9311_rd2_run_3_1":{"__uuid__":"f3JvYYuFFARpWexWoKcRv3"},"run_3_rd2_ride_ride_9311_rd2_run_3_2":{"__uuid__":"d150N3XFpMBpax3SWIBw8/"},"run_3_rd2_ride_ride_9311_rd2_run_3_3":{"__uuid__":"e3/E9jkdFAIY7llO2kKMRM"},"run_3_rd2_ride_ride_9311_rd2_run_3_4":{"__uuid__":"9fdon6rjRKdq8zGqPlZMJH"},"run_3_rd2_ride_ride_9311_rd2_run_3_5":{"__uuid__":"81C6aBZStCbofyfk7306rs"},"run_3_rd2_ride_ride_9311_rd2_run_3_6":{"__uuid__":"40EMcZoDNOML/0NOT6th7Z"},"run_3_rd2_ride_ride_9311_rd2_run_3_7":{"__uuid__":"e8JrOPgLlIlKxStVCVuVMb"},"run_3_rd2_ride_ride_9311_rd2_run_3_8":{"__uuid__":"936TFGntdEgaa9REDcSDdm"}}},{"__type__":"cc.SpriteFrame","content":{"name":"run_3_rd2_ride_ride_9311_rd2_run_3_3","texture":"60bDdQ9ztM3pdNmjVqTREP","rect":[176,324,168,144],"offset":[-31,33],"originalSize":[500,500],"capInsets":[0,0,0,0]}},{"__type__":"cc.SpriteFrame","content":{"name":"run_3_rd2_ride_ride_9311_rd2_run_3_7","texture":"60bDdQ9ztM3pdNmjVqTREP","rect":[176,168,154,172],"offset":[-33,30],"originalSize":[500,500],"rotated":1,"capInsets":[0,0,0,0]}},{"__type__":"cc.SpriteFrame","content":{"name":"run_3_rd2_ride_ride_9311_rd2_run_3_1","texture":"60bDdQ9ztM3pdNmjVqTREP","rect":[2,162,166,172],"offset":[-31,31],"originalSize":[500,500],"rotated":1,"capInsets":[0,0,0,0]}}]