[{"__type__":"cc.SpriteFrame","content":{"name":"stand_5_part2_wing_5015_stand_png_part2_5_0007","texture":"62gKOrxIVJoJvN8/yFfu7Y","rect":[2,290,104,90],"offset":[49,74],"originalSize":[500,500],"rotated":1,"capInsets":[0,0,0,0]}},{"__type__":"cc.SpriteAtlas","_name":"stand_5_part2.plist","_spriteFrames":{"stand_5_part2_wing_5015_stand_png_part2_5_0000":{"__uuid__":"3c6GrC8QZCg7jYxwPNBUEv"},"stand_5_part2_wing_5015_stand_png_part2_5_0001":{"__uuid__":"bexUJud25KFpYGT4C02w3N"},"stand_5_part2_wing_5015_stand_png_part2_5_0002":{"__uuid__":"bf5ACJcuNMUZyGylsK8A5E"},"stand_5_part2_wing_5015_stand_png_part2_5_0003":{"__uuid__":"dc9R0WB9FHCrzzdyDx7Gk+"},"stand_5_part2_wing_5015_stand_png_part2_5_0004":{"__uuid__":"f6NZxuIjZOroXseEHFybBW"},"stand_5_part2_wing_5015_stand_png_part2_5_0005":{"__uuid__":"e6S11p/91CH7QVL9lMStf5"},"stand_5_part2_wing_5015_stand_png_part2_5_0006":{"__uuid__":"38IK/hAtZPGp5e4VrVokk0"},"stand_5_part2_wing_5015_stand_png_part2_5_0007":{"__uuid__":"0do0wmh0dOcp+8Vm/c+Nzy"},"stand_5_part2_wing_5015_stand_png_part2_5_0008":{"__uuid__":"ea4gLXiz5ETa4cZadweZyO"},"stand_5_part2_wing_5015_stand_png_part2_5_0009":{"__uuid__":"39tAwHkMFEjJhVdQL8vd60"},"stand_5_part2_wing_5015_stand_png_part2_5_0010":{"__uuid__":"98lFn7UVxIdYQ4CQTwgTRr"},"stand_5_part2_wing_5015_stand_png_part2_5_0011":{"__uuid__":"7dXzjd3r9GNJXqLmMNif3n"}}},{"__type__":"cc.SpriteFrame","content":{"name":"stand_5_part2_wing_5015_stand_png_part2_5_0006","texture":"62gKOrxIVJoJvN8/yFfu7Y","rect":[2,396,102,90],"offset":[48,75],"originalSize":[500,500],"rotated":1,"capInsets":[0,0,0,0]}},{"__type__":"cc.SpriteFrame","content":{"name":"stand_5_part2_wing_5015_stand_png_part2_5_0009","texture":"62gKOrxIVJoJvN8/yFfu7Y","rect":[2,194,108,94],"offset":[52,75],"originalSize":[500,500],"capInsets":[0,0,0,0]}},{"__type__":"cc.SpriteFrame","content":{"name":"stand_5_part2_wing_5015_stand_png_part2_5_0000","texture":"62gKOrxIVJoJvN8/yFfu7Y","rect":[378,2,116,96],"offset":[55,78],"originalSize":[500,500],"capInsets":[0,0,0,0]}},{"__type__":"cc.SpriteFrame","content":{"name":"stand_5_part2_wing_5015_stand_png_part2_5_0011","texture":"62gKOrxIVJoJvN8/yFfu7Y","rect":[250,98,114,94],"offset":[54,76],"originalSize":[500,500],"capInsets":[0,0,0,0]}},{"__type__":"cc.SpriteFrame","content":{"name":"stand_5_part2_wing_5015_stand_png_part2_5_0010","texture":"62gKOrxIVJoJvN8/yFfu7Y","rect":[124,190,112,94],"offset":[53,75],"originalSize":[500,500],"capInsets":[0,0,0,0]}},{"__type__":"cc.SpriteFrame","content":{"name":"stand_5_part2_wing_5015_stand_png_part2_5_0001","texture":"62gKOrxIVJoJvN8/yFfu7Y","rect":[128,92,120,96],"offset":[56,79],"originalSize":[500,500],"capInsets":[0,0,0,0]}},{"__type__":"cc.SpriteFrame","content":{"name":"stand_5_part2_wing_5015_stand_png_part2_5_0002","texture":"62gKOrxIVJoJvN8/yFfu7Y","rect":[2,98,120,94],"offset":[57,78],"originalSize":[500,500],"capInsets":[0,0,0,0]}},{"__type__":"cc.SpriteFrame","content":{"name":"stand_5_part2_wing_5015_stand_png_part2_5_0003","texture":"62gKOrxIVJoJvN8/yFfu7Y","rect":[254,2,122,94],"offset":[58,79],"originalSize":[500,500],"capInsets":[0,0,0,0]}},{"__type__":"cc.SpriteFrame","content":{"name":"stand_5_part2_wing_5015_stand_png_part2_5_0005","texture":"62gKOrxIVJoJvN8/yFfu7Y","rect":[128,2,124,88],"offset":[58,76],"originalSize":[500,500],"capInsets":[0,0,0,0]}},{"__type__":"cc.SpriteFrame","content":{"name":"stand_5_part2_wing_5015_stand_png_part2_5_0008","texture":"62gKOrxIVJoJvN8/yFfu7Y","rect":[366,100,106,92],"offset":[50,75],"originalSize":[500,500],"capInsets":[0,0,0,0]}},{"__type__":"cc.SpriteFrame","content":{"name":"stand_5_part2_wing_5015_stand_png_part2_5_0004","texture":"62gKOrxIVJoJvN8/yFfu7Y","rect":[2,2,124,94],"offset":[58,79],"originalSize":[500,500],"capInsets":[0,0,0,0]}}]