[{"__type__":"cc.SpriteFrame","content":{"name":"stand_1_part1_wing_5017_stand_1_part1_0004","texture":"e4Uob9h9JCzL5TTFMJHTsE","rect":[98,186,92,86],"offset":[-72,44],"originalSize":[500,500],"capInsets":[0,0,0,0]}},{"__type__":"cc.SpriteFrame","content":{"name":"stand_1_part1_wing_5017_stand_1_part1_0011","texture":"e4Uob9h9JCzL5TTFMJHTsE","rect":[82,422,82,76],"offset":[-67,47],"originalSize":[500,500],"rotated":1,"capInsets":[0,0,0,0]}},{"__type__":"cc.SpriteFrame","content":{"name":"stand_1_part1_wing_5017_stand_1_part1_0003","texture":"e4Uob9h9JCzL5TTFMJHTsE","rect":[96,274,90,86],"offset":[-71,46],"originalSize":[500,500],"capInsets":[0,0,0,0]}},{"__type__":"cc.SpriteFrame","content":{"name":"stand_1_part1_wing_5017_stand_1_part1_0010","texture":"e4Uob9h9JCzL5TTFMJHTsE","rect":[160,362,80,78],"offset":[-66,49],"originalSize":[500,500],"capInsets":[0,0,0,0]}},{"__type__":"cc.SpriteFrame","content":{"name":"stand_1_part1_wing_5017_stand_1_part1_0000","texture":"e4Uob9h9JCzL5TTFMJHTsE","rect":[2,260,92,78],"offset":[-72,47],"originalSize":[500,500],"capInsets":[0,0,0,0]}},{"__type__":"cc.SpriteFrame","content":{"name":"stand_1_part1_wing_5017_stand_1_part1_0007","texture":"e4Uob9h9JCzL5TTFMJHTsE","rect":[104,2,98,92],"offset":[-75,43],"originalSize":[500,500],"capInsets":[0,0,0,0]}},{"__type__":"cc.SpriteFrame","content":{"name":"stand_1_part1_wing_5017_stand_1_part1_0008","texture":"e4Uob9h9JCzL5TTFMJHTsE","rect":[2,2,100,78],"offset":[-76,50],"originalSize":[500,500],"capInsets":[0,0,0,0]}},{"__type__":"cc.SpriteFrame","content":{"name":"stand_1_part1_wing_5017_stand_1_part1_0001","texture":"e4Uob9h9JCzL5TTFMJHTsE","rect":[102,96,88,96],"offset":[-70,37],"originalSize":[500,500],"rotated":1,"capInsets":[0,0,0,0]}},{"__type__":"cc.SpriteFrame","content":{"name":"stand_1_part1_wing_5017_stand_1_part1_0002","texture":"e4Uob9h9JCzL5TTFMJHTsE","rect":[2,340,90,80],"offset":[-71,45],"originalSize":[500,500],"capInsets":[0,0,0,0]}},{"__type__":"cc.SpriteAtlas","_name":"stand_1_part1.plist","_spriteFrames":{"stand_1_part1_wing_5017_stand_1_part1_0000":{"__uuid__":"33PMedLe9NGYJ3Ucy3h4sJ"},"stand_1_part1_wing_5017_stand_1_part1_0001":{"__uuid__":"84MxS+CTtC45M+oHRGBTCd"},"stand_1_part1_wing_5017_stand_1_part1_0002":{"__uuid__":"aaalqnjBJB0Ydt2g2OCJDi"},"stand_1_part1_wing_5017_stand_1_part1_0003":{"__uuid__":"1ce4FmFSVGIrIWU/AgtZvZ"},"stand_1_part1_wing_5017_stand_1_part1_0004":{"__uuid__":"10+aWonZhOXKW1cu8tL64a"},"stand_1_part1_wing_5017_stand_1_part1_0005":{"__uuid__":"e9bwHIoPFE5461Y5bZz0FW"},"stand_1_part1_wing_5017_stand_1_part1_0006":{"__uuid__":"eaCKrX8xJH87TWSxXmjDng"},"stand_1_part1_wing_5017_stand_1_part1_0007":{"__uuid__":"46d+haKhFOa5K662LUAiyM"},"stand_1_part1_wing_5017_stand_1_part1_0008":{"__uuid__":"7d0EivAJRAh68Ei6hHSHHF"},"stand_1_part1_wing_5017_stand_1_part1_0009":{"__uuid__":"e5LbHBsxtFsrqHb75we8cu"},"stand_1_part1_wing_5017_stand_1_part1_0010":{"__uuid__":"2cSJki3bxDbpmroX5G5Arp"},"stand_1_part1_wing_5017_stand_1_part1_0011":{"__uuid__":"1cP3zgTntAEJZnW6iMw8Q2"}}},{"__type__":"cc.SpriteFrame","content":{"name":"stand_1_part1_wing_5017_stand_1_part1_0009","texture":"e4Uob9h9JCzL5TTFMJHTsE","rect":[2,422,84,78],"offset":[-68,49],"originalSize":[500,500],"rotated":1,"capInsets":[0,0,0,0]}},{"__type__":"cc.SpriteFrame","content":{"name":"stand_1_part1_wing_5017_stand_1_part1_0005","texture":"e4Uob9h9JCzL5TTFMJHTsE","rect":[2,172,94,86],"offset":[-73,43],"originalSize":[500,500],"capInsets":[0,0,0,0]}},{"__type__":"cc.SpriteFrame","content":{"name":"stand_1_part1_wing_5017_stand_1_part1_0006","texture":"e4Uob9h9JCzL5TTFMJHTsE","rect":[2,82,98,88],"offset":[-75,42],"originalSize":[500,500],"capInsets":[0,0,0,0]}}]