[{"__type__":"cc.SpriteFrame","content":{"name":"run_3_rd1rd2_ride_ride_9441_rd1_run_3_5","texture":"67bR2Uhj1Oyrr+c7QMVLMQ","rect":[361,559,342,156],"offset":[-27,-21],"originalSize":[574,574],"capInsets":[0,0,0,0]}},{"__type__":"cc.SpriteFrame","content":{"name":"run_3_rd1rd2_ride_ride_9441_rd1_run_3_6","texture":"67bR2Uhj1Oyrr+c7QMVLMQ","rect":[281,383,300,174],"offset":[-36,-25],"originalSize":[574,574],"capInsets":[0,0,0,0]}},{"__type__":"cc.SpriteFrame","content":{"name":"run_3_rd1rd2_ride_ride_9441_rd1_run_3_8","texture":"67bR2Uhj1Oyrr+c7QMVLMQ","rect":[395,199,310,182],"offset":[-1,-24],"originalSize":[574,574],"capInsets":[0,0,0,0]}},{"__type__":"cc.SpriteFrame","content":{"name":"run_3_rd1rd2_ride_ride_9441_rd1_run_3_1","texture":"67bR2Uhj1Oyrr+c7QMVLMQ","rect":[345,1,314,196],"offset":[-7,-22],"originalSize":[574,574],"capInsets":[0,0,0,0]}},{"__type__":"cc.SpriteAtlas","_name":"run_3_f.plist","_spriteFrames":{"run_3_rd1rd2_ride_ride_9441_rd1_run_3_1":{"__uuid__":"aavY+4fFtGUYEaFhtED1Mb"},"run_3_rd1rd2_ride_ride_9441_rd1_run_3_2":{"__uuid__":"dfFXYr7rdF9bnQyZZUCPuj"},"run_3_rd1rd2_ride_ride_9441_rd1_run_3_3":{"__uuid__":"e2Lox08u9AXLYyqv2jrDGL"},"run_3_rd1rd2_ride_ride_9441_rd1_run_3_4":{"__uuid__":"fe3RoRmwRKaI8LUE5YYEQO"},"run_3_rd1rd2_ride_ride_9441_rd1_run_3_5":{"__uuid__":"21ykm0KQpMJrtvsWcU852w"},"run_3_rd1rd2_ride_ride_9441_rd1_run_3_6":{"__uuid__":"3eym4MeBVFL5k/UT9gPdIQ"},"run_3_rd1rd2_ride_ride_9441_rd1_run_3_7":{"__uuid__":"ecYMxT79VOjbUTBEmfpYW/"},"run_3_rd1rd2_ride_ride_9441_rd1_run_3_8":{"__uuid__":"91ihKBE5RLT72WMyZnudH7"}}},{"__type__":"cc.SpriteFrame","content":{"name":"run_3_rd1rd2_ride_ride_9441_rd1_run_3_2","texture":"67bR2Uhj1Oyrr+c7QMVLMQ","rect":[1,1,342,212],"offset":[-11,-28],"originalSize":[574,574],"capInsets":[0,0,0,0]}},{"__type__":"cc.SpriteFrame","content":{"name":"run_3_rd1rd2_ride_ride_9441_rd1_run_3_3","texture":"67bR2Uhj1Oyrr+c7QMVLMQ","rect":[1,559,358,154],"offset":[-24,-14],"originalSize":[574,574],"capInsets":[0,0,0,0]}},{"__type__":"cc.SpriteFrame","content":{"name":"run_3_rd1rd2_ride_ride_9441_rd1_run_3_7","texture":"67bR2Uhj1Oyrr+c7QMVLMQ","rect":[1,373,278,180],"offset":[-32,-20],"originalSize":[574,574],"capInsets":[0,0,0,0]}},{"__type__":"cc.SpriteFrame","content":{"name":"run_3_rd1rd2_ride_ride_9441_rd1_run_3_4","texture":"67bR2Uhj1Oyrr+c7QMVLMQ","rect":[1,215,392,156],"offset":[-34,-12],"originalSize":[574,574],"capInsets":[0,0,0,0]}}]