[{"__type__":"cc.SpriteFrame","content":{"name":"stand_13_sh_ride_shape_1002_sh_stand_1_3","texture":"11Fc50N9dKKIu/O/0Vk6+X","rect":[109,135,104,132],"offset":[-17,-33],"originalSize":[480,480],"capInsets":[0,0,0,0]}},{"__type__":"cc.SpriteAtlas","_name":"stand_1.plist","_spriteFrames":{"stand_13_sh_ride_shape_1002_sh_stand_1_1":{"__uuid__":"f7x7EjUm1PnLnM4VGNBDDL"},"stand_13_sh_ride_shape_1002_sh_stand_1_2":{"__uuid__":"90jDNa+NRFxpmnShUGf2oB"},"stand_13_sh_ride_shape_1002_sh_stand_1_3":{"__uuid__":"172fNpa3xGe7BcpgGwbR8O"},"stand_13_sh_ride_shape_1002_sh_stand_1_4":{"__uuid__":"fbMjFqT3tPTqybhaaoHcjX"},"stand_13_sh_ride_shape_1002_sh_stand_1_5":{"__uuid__":"f152V8umxKjYPw5tmnSWlK"},"stand_13_sh_ride_shape_1002_sh_stand_1_6":{"__uuid__":"dchlcwnptB94uRHMRRoB16"},"stand_13_sh_ride_shape_1002_sh_stand_1_7":{"__uuid__":"89zGfd/a1IHpdTBndLBw6U"},"stand_13_sh_ride_shape_1002_sh_stand_1_8":{"__uuid__":"78rkBI8VZD+KZ14bVjG4Xm"}}},{"__type__":"cc.SpriteFrame","content":{"name":"stand_13_sh_ride_shape_1002_sh_stand_1_8","texture":"11Fc50N9dKKIu/O/0Vk6+X","rect":[109,1,106,132],"offset":[-17,-32],"originalSize":[480,480],"capInsets":[0,0,0,0]}},{"__type__":"cc.SpriteFrame","content":{"name":"stand_13_sh_ride_shape_1002_sh_stand_1_7","texture":"11Fc50N9dKKIu/O/0Vk6+X","rect":[1,269,106,132],"offset":[-18,-32],"originalSize":[480,480],"capInsets":[0,0,0,0]}},{"__type__":"cc.SpriteFrame","content":{"name":"stand_13_sh_ride_shape_1002_sh_stand_1_2","texture":"11Fc50N9dKKIu/O/0Vk6+X","rect":[217,1,104,132],"offset":[-16,-33],"originalSize":[480,480],"capInsets":[0,0,0,0]}},{"__type__":"cc.SpriteFrame","content":{"name":"stand_13_sh_ride_shape_1002_sh_stand_1_6","texture":"11Fc50N9dKKIu/O/0Vk6+X","rect":[1,135,106,132],"offset":[-18,-32],"originalSize":[480,480],"capInsets":[0,0,0,0]}},{"__type__":"cc.SpriteFrame","content":{"name":"stand_13_sh_ride_shape_1002_sh_stand_1_5","texture":"11Fc50N9dKKIu/O/0Vk6+X","rect":[215,135,104,132],"offset":[-18,-32],"originalSize":[480,480],"capInsets":[0,0,0,0]}},{"__type__":"cc.SpriteFrame","content":{"name":"stand_13_sh_ride_shape_1002_sh_stand_1_1","texture":"11Fc50N9dKKIu/O/0Vk6+X","rect":[1,1,106,132],"offset":[-16,-33],"originalSize":[480,480],"capInsets":[0,0,0,0]}},{"__type__":"cc.SpriteFrame","content":{"name":"stand_13_sh_ride_shape_1002_sh_stand_1_4","texture":"11Fc50N9dKKIu/O/0Vk6+X","rect":[109,269,104,132],"offset":[-17,-32],"originalSize":[480,480],"capInsets":[0,0,0,0]}}]