[{"__type__":"cc.SpriteFrame","content":{"name":"stand_1_part2_wing_5015_stand_png_part2_1_0001","texture":"64w3+qdJJEzaHlco1HLllq","rect":[2,118,88,112],"offset":[16,90],"originalSize":[500,500],"capInsets":[0,0,0,0]}},{"__type__":"cc.SpriteFrame","content":{"name":"stand_1_part2_wing_5015_stand_png_part2_1_0005","texture":"64w3+qdJJEzaHlco1HLllq","rect":[184,2,76,94],"offset":[14,87],"originalSize":[500,500],"capInsets":[0,0,0,0]}},{"__type__":"cc.SpriteFrame","content":{"name":"stand_1_part2_wing_5015_stand_png_part2_1_0011","texture":"64w3+qdJJEzaHlco1HLllq","rect":[78,342,92,104],"offset":[19,90],"originalSize":[500,500],"capInsets":[0,0,0,0]}},{"__type__":"cc.SpriteFrame","content":{"name":"stand_1_part2_wing_5015_stand_png_part2_1_0002","texture":"64w3+qdJJEzaHlco1HLllq","rect":[2,232,86,108],"offset":[18,91],"originalSize":[500,500],"capInsets":[0,0,0,0]}},{"__type__":"cc.SpriteFrame","content":{"name":"stand_1_part2_wing_5015_stand_png_part2_1_0007","texture":"64w3+qdJJEzaHlco1HLllq","rect":[92,104,86,98],"offset":[13,87],"originalSize":[500,500],"capInsets":[0,0,0,0]}},{"__type__":"cc.SpriteFrame","content":{"name":"stand_1_part2_wing_5015_stand_png_part2_1_0000","texture":"64w3+qdJJEzaHlco1HLllq","rect":[2,2,88,114],"offset":[15,88],"originalSize":[500,500],"capInsets":[0,0,0,0]}},{"__type__":"cc.SpriteAtlas","_name":"stand_1_part2.plist","_spriteFrames":{"stand_1_part2_wing_5015_stand_png_part2_1_0000":{"__uuid__":"6fqK0ZJANMiYW8EplZ5SMF"},"stand_1_part2_wing_5015_stand_png_part2_1_0001":{"__uuid__":"142ychhaZNMZ7eDEYOuB8T"},"stand_1_part2_wing_5015_stand_png_part2_1_0002":{"__uuid__":"315VFydsdJB77Ewc1iVOYm"},"stand_1_part2_wing_5015_stand_png_part2_1_0003":{"__uuid__":"cc/yzGQwdLdorPceqYWIWG"},"stand_1_part2_wing_5015_stand_png_part2_1_0004":{"__uuid__":"a4DZ4FD41NGZIk5pVLU18u"},"stand_1_part2_wing_5015_stand_png_part2_1_0005":{"__uuid__":"18Kg+UPU5MB7h9cHxWXejr"},"stand_1_part2_wing_5015_stand_png_part2_1_0006":{"__uuid__":"advZD8FoZOeqEvs/2kQC1I"},"stand_1_part2_wing_5015_stand_png_part2_1_0007":{"__uuid__":"3d9Rm6GZpKaLXQS6jm8kba"},"stand_1_part2_wing_5015_stand_png_part2_1_0008":{"__uuid__":"fe8q8PgTZCFpkjA7xYtWgA"},"stand_1_part2_wing_5015_stand_png_part2_1_0009":{"__uuid__":"7f0DoFp/hIHpiVO6vOIIJt"},"stand_1_part2_wing_5015_stand_png_part2_1_0010":{"__uuid__":"a6g0gOFKhAw7qU2kf64gnK"},"stand_1_part2_wing_5015_stand_png_part2_1_0011":{"__uuid__":"1b1mDkpT9Ok6PNcjdAlFpK"}}},{"__type__":"cc.SpriteFrame","content":{"name":"stand_1_part2_wing_5015_stand_png_part2_1_0009","texture":"64w3+qdJJEzaHlco1HLllq","rect":[90,232,90,102],"offset":[16,88],"originalSize":[500,500],"capInsets":[0,0,0,0]}},{"__type__":"cc.SpriteFrame","content":{"name":"stand_1_part2_wing_5015_stand_png_part2_1_0004","texture":"64w3+qdJJEzaHlco1HLllq","rect":[182,202,74,94],"offset":[13,87],"originalSize":[500,500],"capInsets":[0,0,0,0]}},{"__type__":"cc.SpriteFrame","content":{"name":"stand_1_part2_wing_5015_stand_png_part2_1_0010","texture":"64w3+qdJJEzaHlco1HLllq","rect":[172,336,90,102],"offset":[18,89],"originalSize":[500,500],"capInsets":[0,0,0,0]}},{"__type__":"cc.SpriteFrame","content":{"name":"stand_1_part2_wing_5015_stand_png_part2_1_0006","texture":"64w3+qdJJEzaHlco1HLllq","rect":[180,104,78,96],"offset":[14,87],"originalSize":[500,500],"capInsets":[0,0,0,0]}},{"__type__":"cc.SpriteFrame","content":{"name":"stand_1_part2_wing_5015_stand_png_part2_1_0003","texture":"64w3+qdJJEzaHlco1HLllq","rect":[2,342,74,108],"offset":[11,94],"originalSize":[500,500],"capInsets":[0,0,0,0]}},{"__type__":"cc.SpriteFrame","content":{"name":"stand_1_part2_wing_5015_stand_png_part2_1_0008","texture":"64w3+qdJJEzaHlco1HLllq","rect":[92,2,90,100],"offset":[14,88],"originalSize":[500,500],"capInsets":[0,0,0,0]}}]