[{"__type__":"cc.SpriteFrame","content":{"name":"stand_8_part2_wing_5013_stand_8_part2_0007","texture":"2dJcBVvVpLsI3JLfLB/s1q","rect":[2,172,70,98],"offset":[-54,84],"originalSize":[500,500],"rotated":1,"capInsets":[0,0,0,0]}},{"__type__":"cc.SpriteFrame","content":{"name":"stand_8_part2_wing_5013_stand_8_part2_0002","texture":"2dJcBVvVpLsI3JLfLB/s1q","rect":[2,2,44,112],"offset":[-39,92],"originalSize":[500,500],"rotated":1,"capInsets":[0,0,0,0]}},{"__type__":"cc.SpriteFrame","content":{"name":"stand_8_part2_wing_5013_stand_8_part2_0009","texture":"2dJcBVvVpLsI3JLfLB/s1q","rect":[2,244,66,94],"offset":[-53,81],"originalSize":[500,500],"rotated":1,"capInsets":[0,0,0,0]}},{"__type__":"cc.SpriteFrame","content":{"name":"stand_8_part2_wing_5013_stand_8_part2_0004","texture":"2dJcBVvVpLsI3JLfLB/s1q","rect":[2,48,60,110],"offset":[-50,91],"originalSize":[500,500],"rotated":1,"capInsets":[0,0,0,0]}},{"__type__":"cc.SpriteAtlas","_name":"stand_8_part2.plist","_spriteFrames":{"stand_8_part2_wing_5013_stand_8_part2_0001":{"__uuid__":"8b9Phd04ZMQbnHAoFrkQ0j"},"stand_8_part2_wing_5013_stand_8_part2_0002":{"__uuid__":"2cAfrGAqRCu45scRyXK3bL"},"stand_8_part2_wing_5013_stand_8_part2_0003":{"__uuid__":"b5qwwvdZNFF4v1J26dz6MJ"},"stand_8_part2_wing_5013_stand_8_part2_0004":{"__uuid__":"3dShxdYdJAYZdVxHoM4lTf"},"stand_8_part2_wing_5013_stand_8_part2_0005":{"__uuid__":"b9tqc0i8FG34YuxhwAsRnr"},"stand_8_part2_wing_5013_stand_8_part2_0006":{"__uuid__":"c9QpI+NohJSI7ztXh4Pxvx"},"stand_8_part2_wing_5013_stand_8_part2_0007":{"__uuid__":"18RTmf6CZLWIriJMH9q661"},"stand_8_part2_wing_5013_stand_8_part2_0008":{"__uuid__":"c6sjI38hxFhJ9oSTXFScs5"},"stand_8_part2_wing_5013_stand_8_part2_0009":{"__uuid__":"30utkwOTRDtb7hzAZZ4R1R"},"stand_8_part2_wing_5013_stand_8_part2_0010":{"__uuid__":"c5cNN2bPVCjZgEDkTktizC"},"stand_8_part2_wing_5013_stand_8_part2_0011":{"__uuid__":"d41a6bhLFEap122bMUUpoj"},"stand_8_part2_wing_5013_stand_8_part2_0012":{"__uuid__":"baGiadNuZK9J9yFCwjrapo"}}},{"__type__":"cc.SpriteFrame","content":{"name":"stand_8_part2_wing_5013_stand_8_part2_0001","texture":"2dJcBVvVpLsI3JLfLB/s1q","rect":[214,118,38,102],"offset":[-34,92],"originalSize":[500,500],"capInsets":[0,0,0,0]}},{"__type__":"cc.SpriteFrame","content":{"name":"stand_8_part2_wing_5013_stand_8_part2_0003","texture":"2dJcBVvVpLsI3JLfLB/s1q","rect":[110,118,44,102],"offset":[-40,89],"originalSize":[500,500],"rotated":1,"capInsets":[0,0,0,0]}},{"__type__":"cc.SpriteFrame","content":{"name":"stand_8_part2_wing_5013_stand_8_part2_0005","texture":"2dJcBVvVpLsI3JLfLB/s1q","rect":[116,2,64,110],"offset":[-52,90],"originalSize":[500,500],"rotated":1,"capInsets":[0,0,0,0]}},{"__type__":"cc.SpriteFrame","content":{"name":"stand_8_part2_wing_5013_stand_8_part2_0012","texture":"2dJcBVvVpLsI3JLfLB/s1q","rect":[110,164,34,100],"offset":[-38,93],"originalSize":[500,500],"rotated":1,"capInsets":[0,0,0,0]}},{"__type__":"cc.SpriteFrame","content":{"name":"stand_8_part2_wing_5013_stand_8_part2_0010","texture":"2dJcBVvVpLsI3JLfLB/s1q","rect":[102,200,56,98],"offset":[-47,85],"originalSize":[500,500],"rotated":1,"capInsets":[0,0,0,0]}},{"__type__":"cc.SpriteFrame","content":{"name":"stand_8_part2_wing_5013_stand_8_part2_0008","texture":"2dJcBVvVpLsI3JLfLB/s1q","rect":[98,258,68,92],"offset":[-53,81],"originalSize":[500,500],"rotated":1,"capInsets":[0,0,0,0]}},{"__type__":"cc.SpriteFrame","content":{"name":"stand_8_part2_wing_5013_stand_8_part2_0006","texture":"2dJcBVvVpLsI3JLfLB/s1q","rect":[2,110,60,106],"offset":[-50,88],"originalSize":[500,500],"rotated":1,"capInsets":[0,0,0,0]}},{"__type__":"cc.SpriteFrame","content":{"name":"stand_8_part2_wing_5013_stand_8_part2_0011","texture":"2dJcBVvVpLsI3JLfLB/s1q","rect":[114,68,48,110],"offset":[-44,89],"originalSize":[500,500],"rotated":1,"capInsets":[0,0,0,0]}}]