[{"__type__":"cc.SpriteFrame","content":{"name":"stand_17_sh_ride_shape_3036_sh_stand_1_0004","texture":"c6PQFAZmxOpLER/i5gArRO","rect":[1,131,116,128],"offset":[5,35],"originalSize":[440,440],"capInsets":[0,0,0,0]}},{"__type__":"cc.SpriteFrame","content":{"name":"stand_17_sh_ride_shape_3036_sh_stand_1_0005","texture":"c6PQFAZmxOpLER/i5gArRO","rect":[119,1,116,126],"offset":[5,34],"originalSize":[440,440],"capInsets":[0,0,0,0]}},{"__type__":"cc.SpriteFrame","content":{"name":"stand_17_sh_ride_shape_3036_sh_stand_1_0007","texture":"c6PQFAZmxOpLER/i5gArRO","rect":[235,131,114,126],"offset":[6,34],"originalSize":[440,440],"capInsets":[0,0,0,0]}},{"__type__":"cc.SpriteFrame","content":{"name":"stand_17_sh_ride_shape_3036_sh_stand_1_0001","texture":"c6PQFAZmxOpLER/i5gArRO","rect":[119,129,114,126],"offset":[5,34],"originalSize":[440,440],"capInsets":[0,0,0,0]}},{"__type__":"cc.SpriteFrame","content":{"name":"stand_17_sh_ride_shape_3036_sh_stand_1_0008","texture":"c6PQFAZmxOpLER/i5gArRO","rect":[235,259,114,126],"offset":[6,34],"originalSize":[440,440],"capInsets":[0,0,0,0]}},{"__type__":"cc.SpriteFrame","content":{"name":"stand_17_sh_ride_shape_3036_sh_stand_1_0006","texture":"c6PQFAZmxOpLER/i5gArRO","rect":[119,257,114,126],"offset":[6,34],"originalSize":[440,440],"capInsets":[0,0,0,0]}},{"__type__":"cc.SpriteFrame","content":{"name":"stand_17_sh_ride_shape_3036_sh_stand_1_0002","texture":"c6PQFAZmxOpLER/i5gArRO","rect":[237,1,114,128],"offset":[5,35],"originalSize":[440,440],"capInsets":[0,0,0,0]}},{"__type__":"cc.SpriteFrame","content":{"name":"stand_17_sh_ride_shape_3036_sh_stand_1_0003","texture":"c6PQFAZmxOpLER/i5gArRO","rect":[1,1,116,128],"offset":[5,35],"originalSize":[440,440],"capInsets":[0,0,0,0]}},{"__type__":"cc.SpriteAtlas","_name":"stand_1.plist","_spriteFrames":{"stand_17_sh_ride_shape_3036_sh_stand_1_0001":{"__uuid__":"87kK8Sm1RFiLaXhbVjv0ti"},"stand_17_sh_ride_shape_3036_sh_stand_1_0002":{"__uuid__":"93HC4rUkNH3bY0Bn7sJFuJ"},"stand_17_sh_ride_shape_3036_sh_stand_1_0003":{"__uuid__":"beLmLWfr5JEq30CGmy10/l"},"stand_17_sh_ride_shape_3036_sh_stand_1_0004":{"__uuid__":"14y+HcothPYoTWwllsyad5"},"stand_17_sh_ride_shape_3036_sh_stand_1_0005":{"__uuid__":"4eAyDF6fBIWKoRRp8THuQe"},"stand_17_sh_ride_shape_3036_sh_stand_1_0006":{"__uuid__":"8cybJxvipHobbRhQU9zDhK"},"stand_17_sh_ride_shape_3036_sh_stand_1_0007":{"__uuid__":"64G18HTkVLqqBUoFDeH8od"},"stand_17_sh_ride_shape_3036_sh_stand_1_0008":{"__uuid__":"886VRYf8FCsoQnh/zzKAY6"}}}]