[{"__type__":"cc.SpriteFrame","content":{"name":"stand_1_rd1rd2_ride_ride_9222_rd2_stand_1_1","texture":"843YYT6lNDAqrj8Myc6RZH","rect":[1,697,350,234],"offset":[-3,-28],"originalSize":[500,500],"capInsets":[0,0,0,0]}},{"__type__":"cc.SpriteFrame","content":{"name":"stand_1_rd1rd2_ride_ride_9222_rd2_stand_1_5","texture":"843YYT6lNDAqrj8Myc6RZH","rect":[353,1,350,228],"offset":[-3,-31],"originalSize":[500,500],"capInsets":[0,0,0,0]}},{"__type__":"cc.SpriteFrame","content":{"name":"stand_1_rd1rd2_ride_ride_9222_rd2_stand_1_2","texture":"843YYT6lNDAqrj8Myc6RZH","rect":[1,463,350,232],"offset":[-3,-29],"originalSize":[500,500],"capInsets":[0,0,0,0]}},{"__type__":"cc.SpriteFrame","content":{"name":"stand_1_rd1rd2_ride_ride_9222_rd2_stand_1_8","texture":"843YYT6lNDAqrj8Myc6RZH","rect":[353,697,350,234],"offset":[-3,-28],"originalSize":[500,500],"capInsets":[0,0,0,0]}},{"__type__":"cc.SpriteFrame","content":{"name":"stand_1_rd1rd2_ride_ride_9222_rd2_stand_1_6","texture":"843YYT6lNDAqrj8Myc6RZH","rect":[353,231,350,230],"offset":[-3,-30],"originalSize":[500,500],"capInsets":[0,0,0,0]}},{"__type__":"cc.SpriteFrame","content":{"name":"stand_1_rd1rd2_ride_ride_9222_rd2_stand_1_7","texture":"843YYT6lNDAqrj8Myc6RZH","rect":[353,463,350,232],"offset":[-3,-29],"originalSize":[500,500],"capInsets":[0,0,0,0]}},{"__type__":"cc.SpriteFrame","content":{"name":"stand_1_rd1rd2_ride_ride_9222_rd2_stand_1_3","texture":"843YYT6lNDAqrj8Myc6RZH","rect":[1,231,350,230],"offset":[-3,-30],"originalSize":[500,500],"capInsets":[0,0,0,0]}},{"__type__":"cc.SpriteAtlas","_name":"stand_1_b.plist","_spriteFrames":{"stand_1_rd1rd2_ride_ride_9222_rd2_stand_1_1":{"__uuid__":"01Znc75/pJQrPRi3pXaP1o"},"stand_1_rd1rd2_ride_ride_9222_rd2_stand_1_2":{"__uuid__":"1bzeJDHf1BnZ+rsjzWaLfq"},"stand_1_rd1rd2_ride_ride_9222_rd2_stand_1_3":{"__uuid__":"66n4RGfDJAS4r8xMLBjntg"},"stand_1_rd1rd2_ride_ride_9222_rd2_stand_1_4":{"__uuid__":"aa2ukcJK5Ou6Qf/LwWpInk"},"stand_1_rd1rd2_ride_ride_9222_rd2_stand_1_5":{"__uuid__":"1bgiwnWUVIl5XQoW7aucwK"},"stand_1_rd1rd2_ride_ride_9222_rd2_stand_1_6":{"__uuid__":"4eSILE2NNFXpWsk99Asyvj"},"stand_1_rd1rd2_ride_ride_9222_rd2_stand_1_7":{"__uuid__":"5cVE8lj7JPGI5ZWrK1JeJT"},"stand_1_rd1rd2_ride_ride_9222_rd2_stand_1_8":{"__uuid__":"45SjEWIzNNcYfVOqV8PgxD"}}},{"__type__":"cc.SpriteFrame","content":{"name":"stand_1_rd1rd2_ride_ride_9222_rd2_stand_1_4","texture":"843YYT6lNDAqrj8Myc6RZH","rect":[1,1,350,228],"offset":[-3,-31],"originalSize":[500,500],"capInsets":[0,0,0,0]}}]