[{"__type__":"cc.SpriteFrame","content":{"name":"ride_ride_9241_rd1_stand_3_8","texture":"86wExd9HRNvIJaB5S5y4q0","rect":[453,243,208,226],"offset":[-82,-10],"originalSize":[720,720],"capInsets":[0,0,0,0]}},{"__type__":"cc.SpriteFrame","content":{"name":"ride_ride_9241_rd1_stand_3_4","texture":"86wExd9HRNvIJaB5S5y4q0","rect":[453,1,198,240],"offset":[-85,-16],"originalSize":[720,720],"capInsets":[0,0,0,0]}},{"__type__":"cc.SpriteFrame","content":{"name":"ride_ride_9241_rd1_stand_3_6","texture":"86wExd9HRNvIJaB5S5y4q0","rect":[1,223,216,226],"offset":[-118,-9],"originalSize":[720,720],"capInsets":[0,0,0,0]}},{"__type__":"cc.SpriteFrame","content":{"name":"ride_ride_9241_rd1_stand_3_1","texture":"86wExd9HRNvIJaB5S5y4q0","rect":[241,427,210,222],"offset":[-78,-8],"originalSize":[720,720],"capInsets":[0,0,0,0]}},{"__type__":"cc.SpriteFrame","content":{"name":"ride_ride_9241_rd1_stand_3_5","texture":"86wExd9HRNvIJaB5S5y4q0","rect":[1,1,242,220],"offset":[-102,-6],"originalSize":[720,720],"capInsets":[0,0,0,0]}},{"__type__":"cc.SpriteFrame","content":{"name":"ride_ride_9241_rd1_stand_3_7","texture":"86wExd9HRNvIJaB5S5y4q0","rect":[245,1,206,242],"offset":[-104,-17],"originalSize":[720,720],"capInsets":[0,0,0,0]}},{"__type__":"cc.SpriteFrame","content":{"name":"ride_ride_9241_rd1_stand_3_3","texture":"86wExd9HRNvIJaB5S5y4q0","rect":[219,245,228,180],"offset":[-94,12],"originalSize":[720,720],"capInsets":[0,0,0,0]}},{"__type__":"cc.SpriteAtlas","_name":"stand_3_f.plist","_spriteFrames":{"ride_ride_9241_rd1_stand_3_1":{"__uuid__":"78A9VlyKFGe7O+KSpBMYgf"},"ride_ride_9241_rd1_stand_3_2":{"__uuid__":"d1aPru4Y1MkpG6bPAtiM3z"},"ride_ride_9241_rd1_stand_3_3":{"__uuid__":"bcQ2sm1r9EJZDz1aDxAU77"},"ride_ride_9241_rd1_stand_3_4":{"__uuid__":"55H0sDPPVEJZV0TjW+U5ad"},"ride_ride_9241_rd1_stand_3_5":{"__uuid__":"86vmjXJr5GNoye5JnjzjPS"},"ride_ride_9241_rd1_stand_3_6":{"__uuid__":"69yJwTXkRN3aKE+wlhs8aG"},"ride_ride_9241_rd1_stand_3_7":{"__uuid__":"93jySVmTZO7IiBlgKtA/9F"},"ride_ride_9241_rd1_stand_3_8":{"__uuid__":"19ekzVoDhAMbSXeP7g40O6"}}},{"__type__":"cc.SpriteFrame","content":{"name":"ride_ride_9241_rd1_stand_3_2","texture":"86wExd9HRNvIJaB5S5y4q0","rect":[1,451,238,198],"offset":[-103,2],"originalSize":[720,720],"capInsets":[0,0,0,0]}}]