[{"__type__":"cc.SpriteFrame","content":{"name":"stand_1_part2_wing_5013_stand_1_part2_0003","texture":"a8y96a5kdJIqZWBKjJxbr0","rect":[110,90,70,104],"offset":[3,93],"originalSize":[500,500],"rotated":1,"capInsets":[0,0,0,0]}},{"__type__":"cc.SpriteFrame","content":{"name":"stand_1_part2_wing_5013_stand_1_part2_0001","texture":"a8y96a5kdJIqZWBKjJxbr0","rect":[2,186,74,102],"offset":[6,93],"originalSize":[500,500],"rotated":1,"capInsets":[0,0,0,0]}},{"__type__":"cc.SpriteFrame","content":{"name":"stand_1_part2_wing_5013_stand_1_part2_0007","texture":"a8y96a5kdJIqZWBKjJxbr0","rect":[118,2,40,114],"offset":[-16,103],"originalSize":[500,500],"rotated":1,"capInsets":[0,0,0,0]}},{"__type__":"cc.SpriteFrame","content":{"name":"stand_1_part2_wing_5013_stand_1_part2_0008","texture":"a8y96a5kdJIqZWBKjJxbr0","rect":[106,218,46,102],"offset":[-15,101],"originalSize":[500,500],"rotated":1,"capInsets":[0,0,0,0]}},{"__type__":"cc.SpriteFrame","content":{"name":"stand_1_part2_wing_5013_stand_1_part2_0010","texture":"a8y96a5kdJIqZWBKjJxbr0","rect":[206,266,46,100],"offset":[-4,97],"originalSize":[500,500],"capInsets":[0,0,0,0]}},{"__type__":"cc.SpriteFrame","content":{"name":"stand_1_part2_wing_5013_stand_1_part2_0002","texture":"a8y96a5kdJIqZWBKjJxbr0","rect":[2,262,74,100],"offset":[4,93],"originalSize":[500,500],"rotated":1,"capInsets":[0,0,0,0]}},{"__type__":"cc.SpriteAtlas","_name":"stand_1_part2.plist","_spriteFrames":{"stand_1_part2_wing_5013_stand_1_part2_0001":{"__uuid__":"30KbiAfwxJio1veVcTlKV6"},"stand_1_part2_wing_5013_stand_1_part2_0002":{"__uuid__":"71wU9fMjpGGLOdnHnG6+Vl"},"stand_1_part2_wing_5013_stand_1_part2_0003":{"__uuid__":"1fxLGTO4NEQZSc4bU/UGhx"},"stand_1_part2_wing_5013_stand_1_part2_0004":{"__uuid__":"ec/ijJuylKKLkgcwZ31F60"},"stand_1_part2_wing_5013_stand_1_part2_0005":{"__uuid__":"8268no6FJE04uOclHncMA1"},"stand_1_part2_wing_5013_stand_1_part2_0006":{"__uuid__":"afhS1RundNq74y7K9oq1yW"},"stand_1_part2_wing_5013_stand_1_part2_0007":{"__uuid__":"539ew+UwlNg6vjsT/4nPGd"},"stand_1_part2_wing_5013_stand_1_part2_0008":{"__uuid__":"5c8Apx++xLu4Jq/oTYJ/a7"},"stand_1_part2_wing_5013_stand_1_part2_0009":{"__uuid__":"f3N0oFZnZLr4wLa4oEcWFB"},"stand_1_part2_wing_5013_stand_1_part2_0010":{"__uuid__":"5eYF1ODvRP/LLYSLvXrg41"},"stand_1_part2_wing_5013_stand_1_part2_0011":{"__uuid__":"7dFOER4SZNVKXicEaL75pm"},"stand_1_part2_wing_5013_stand_1_part2_0012":{"__uuid__":"abRy7hcg5GD7hjtENAxE8f"}}},{"__type__":"cc.SpriteFrame","content":{"name":"stand_1_part2_wing_5013_stand_1_part2_0011","texture":"a8y96a5kdJIqZWBKjJxbr0","rect":[2,48,64,106],"offset":[0,95],"originalSize":[500,500],"rotated":1,"capInsets":[0,0,0,0]}},{"__type__":"cc.SpriteFrame","content":{"name":"stand_1_part2_wing_5013_stand_1_part2_0005","texture":"a8y96a5kdJIqZWBKjJxbr0","rect":[108,162,54,104],"offset":[-8,101],"originalSize":[500,500],"rotated":1,"capInsets":[0,0,0,0]}},{"__type__":"cc.SpriteFrame","content":{"name":"stand_1_part2_wing_5013_stand_1_part2_0012","texture":"a8y96a5kdJIqZWBKjJxbr0","rect":[2,114,70,104],"offset":[7,95],"originalSize":[500,500],"rotated":1,"capInsets":[0,0,0,0]}},{"__type__":"cc.SpriteFrame","content":{"name":"stand_1_part2_wing_5013_stand_1_part2_0006","texture":"a8y96a5kdJIqZWBKjJxbr0","rect":[118,44,44,108],"offset":[-12,103],"originalSize":[500,500],"rotated":1,"capInsets":[0,0,0,0]}},{"__type__":"cc.SpriteFrame","content":{"name":"stand_1_part2_wing_5013_stand_1_part2_0004","texture":"a8y96a5kdJIqZWBKjJxbr0","rect":[104,266,58,100],"offset":[0,96],"originalSize":[500,500],"rotated":1,"capInsets":[0,0,0,0]}},{"__type__":"cc.SpriteFrame","content":{"name":"stand_1_part2_wing_5013_stand_1_part2_0009","texture":"a8y96a5kdJIqZWBKjJxbr0","rect":[2,2,44,114],"offset":[-9,103],"originalSize":[500,500],"rotated":1,"capInsets":[0,0,0,0]}}]