[{"__type__":"cc.SpriteAtlas","_name":"run_1.plist","_spriteFrames":{"run_13_sh_ride_shape_1031_sh_run_1_0001":{"__uuid__":"dd/zh46YFFn7mO9+eHMIcH"},"run_13_sh_ride_shape_1031_sh_run_1_0002":{"__uuid__":"baVQ3UkIZBHKGcJUIeimt9"},"run_13_sh_ride_shape_1031_sh_run_1_0003":{"__uuid__":"b8Z3TpVcJF6LwaUTYm+/y3"},"run_13_sh_ride_shape_1031_sh_run_1_0004":{"__uuid__":"2eXmHUcXpDr6p36+5enREi"},"run_13_sh_ride_shape_1031_sh_run_1_0005":{"__uuid__":"abJIgQQuROvrcAdd9ukW18"},"run_13_sh_ride_shape_1031_sh_run_1_0006":{"__uuid__":"a3iKaYbUJJbYHu4BUG5k/T"},"run_13_sh_ride_shape_1031_sh_run_1_0007":{"__uuid__":"83suklT0hLqZh559X8JiM2"},"run_13_sh_ride_shape_1031_sh_run_1_0008":{"__uuid__":"b5xgex/RRGYbj3PfNSONml"}}},{"__type__":"cc.SpriteFrame","content":{"name":"run_13_sh_ride_shape_1031_sh_run_1_0004","texture":"4dCYiNtHhEx4QNL9b2/asV","rect":[203,1,100,132],"offset":[-14,27],"originalSize":[430,430],"capInsets":[0,0,0,0]}},{"__type__":"cc.SpriteFrame","content":{"name":"run_13_sh_ride_shape_1031_sh_run_1_0007","texture":"4dCYiNtHhEx4QNL9b2/asV","rect":[101,269,100,132],"offset":[-17,28],"originalSize":[430,430],"capInsets":[0,0,0,0]}},{"__type__":"cc.SpriteFrame","content":{"name":"run_13_sh_ride_shape_1031_sh_run_1_0006","texture":"4dCYiNtHhEx4QNL9b2/asV","rect":[203,269,98,132],"offset":[-16,28],"originalSize":[430,430],"capInsets":[0,0,0,0]}},{"__type__":"cc.SpriteFrame","content":{"name":"run_13_sh_ride_shape_1031_sh_run_1_0005","texture":"4dCYiNtHhEx4QNL9b2/asV","rect":[101,135,100,132],"offset":[-16,28],"originalSize":[430,430],"capInsets":[0,0,0,0]}},{"__type__":"cc.SpriteFrame","content":{"name":"run_13_sh_ride_shape_1031_sh_run_1_0008","texture":"4dCYiNtHhEx4QNL9b2/asV","rect":[203,135,100,132],"offset":[-16,27],"originalSize":[430,430],"capInsets":[0,0,0,0]}},{"__type__":"cc.SpriteFrame","content":{"name":"run_13_sh_ride_shape_1031_sh_run_1_0003","texture":"4dCYiNtHhEx4QNL9b2/asV","rect":[101,1,100,132],"offset":[-13,27],"originalSize":[430,430],"capInsets":[0,0,0,0]}},{"__type__":"cc.SpriteFrame","content":{"name":"run_13_sh_ride_shape_1031_sh_run_1_0002","texture":"4dCYiNtHhEx4QNL9b2/asV","rect":[1,137,98,134],"offset":[-13,27],"originalSize":[430,430],"capInsets":[0,0,0,0]}},{"__type__":"cc.SpriteFrame","content":{"name":"run_13_sh_ride_shape_1031_sh_run_1_0001","texture":"4dCYiNtHhEx4QNL9b2/asV","rect":[1,1,98,134],"offset":[-14,27],"originalSize":[430,430],"capInsets":[0,0,0,0]}}]