[{"__type__":"cc.SpriteFrame","content":{"name":"stand_3_part2_wing_5014_stand_3_part2_0002","texture":"ab0irTq/VFBqQ6Ilpw5BZ7","rect":[180,152,72,138],"offset":[47,81],"originalSize":[500,500],"capInsets":[0,0,0,0]}},{"__type__":"cc.SpriteFrame","content":{"name":"stand_3_part2_wing_5014_stand_3_part2_0007","texture":"ab0irTq/VFBqQ6Ilpw5BZ7","rect":[88,2,92,148],"offset":[57,81],"originalSize":[500,500],"capInsets":[0,0,0,0]}},{"__type__":"cc.SpriteFrame","content":{"name":"stand_3_part2_wing_5014_stand_3_part2_0005","texture":"ab0irTq/VFBqQ6Ilpw5BZ7","rect":[90,152,88,144],"offset":[55,81],"originalSize":[500,500],"capInsets":[0,0,0,0]}},{"__type__":"cc.SpriteFrame","content":{"name":"stand_3_part2_wing_5014_stand_3_part2_0010","texture":"ab0irTq/VFBqQ6Ilpw5BZ7","rect":[252,414,86,114],"offset":[56,65],"originalSize":[500,500],"rotated":1,"capInsets":[0,0,0,0]}},{"__type__":"cc.SpriteFrame","content":{"name":"stand_3_part2_wing_5014_stand_3_part2_0004","texture":"ab0irTq/VFBqQ6Ilpw5BZ7","rect":[94,298,80,144],"offset":[52,82],"originalSize":[500,500],"capInsets":[0,0,0,0]}},{"__type__":"cc.SpriteFrame","content":{"name":"stand_3_part2_wing_5014_stand_3_part2_0008","texture":"ab0irTq/VFBqQ6Ilpw5BZ7","rect":[2,162,86,150],"offset":[57,82],"originalSize":[500,500],"capInsets":[0,0,0,0]}},{"__type__":"cc.SpriteAtlas","_name":"stand_3_part2.plist","_spriteFrames":{"stand_3_part2_wing_5014_stand_3_part2_0001":{"__uuid__":"f24GmkPItDZ7ZRsEMK9eIj"},"stand_3_part2_wing_5014_stand_3_part2_0002":{"__uuid__":"079Nm7ZEBEsKsPQKockqlQ"},"stand_3_part2_wing_5014_stand_3_part2_0003":{"__uuid__":"a0+8pIk3hKc7bDdpgD0KF6"},"stand_3_part2_wing_5014_stand_3_part2_0004":{"__uuid__":"2d1qHniL1KJJeVc2d3e2nT"},"stand_3_part2_wing_5014_stand_3_part2_0005":{"__uuid__":"0bggrr8mVF8pp/3NeYet7Q"},"stand_3_part2_wing_5014_stand_3_part2_0006":{"__uuid__":"5douJMIlZLib1QSsQEpMmP"},"stand_3_part2_wing_5014_stand_3_part2_0007":{"__uuid__":"0917pwL/VMWoc7GTD885ke"},"stand_3_part2_wing_5014_stand_3_part2_0008":{"__uuid__":"2eW8ulRgdMd61f1v0theF9"},"stand_3_part2_wing_5014_stand_3_part2_0009":{"__uuid__":"b7chNcF/pB/Id+Ygp642sA"},"stand_3_part2_wing_5014_stand_3_part2_0010":{"__uuid__":"1fLonuzeFHlphEkMg6hoss"},"stand_3_part2_wing_5014_stand_3_part2_0011":{"__uuid__":"baroa5Qz5NbZWDpjEeYXaF"},"stand_3_part2_wing_5014_stand_3_part2_0012":{"__uuid__":"b0DJp2QtBJUJ/Tmmk4ms4A"}}},{"__type__":"cc.SpriteFrame","content":{"name":"stand_3_part2_wing_5014_stand_3_part2_0006","texture":"ab0irTq/VFBqQ6Ilpw5BZ7","rect":[2,314,90,148],"offset":[56,81],"originalSize":[500,500],"capInsets":[0,0,0,0]}},{"__type__":"cc.SpriteFrame","content":{"name":"stand_3_part2_wing_5014_stand_3_part2_0003","texture":"ab0irTq/VFBqQ6Ilpw5BZ7","rect":[176,298,74,144],"offset":[49,83],"originalSize":[500,500],"capInsets":[0,0,0,0]}},{"__type__":"cc.SpriteFrame","content":{"name":"stand_3_part2_wing_5014_stand_3_part2_0012","texture":"ab0irTq/VFBqQ6Ilpw5BZ7","rect":[182,2,86,124],"offset":[54,72],"originalSize":[500,500],"capInsets":[0,0,0,0]}},{"__type__":"cc.SpriteFrame","content":{"name":"stand_3_part2_wing_5014_stand_3_part2_0009","texture":"ab0irTq/VFBqQ6Ilpw5BZ7","rect":[368,2,84,106],"offset":[55,60],"originalSize":[500,500],"rotated":1,"capInsets":[0,0,0,0]}},{"__type__":"cc.SpriteFrame","content":{"name":"stand_3_part2_wing_5014_stand_3_part2_0011","texture":"ab0irTq/VFBqQ6Ilpw5BZ7","rect":[252,292,86,120],"offset":[55,69],"originalSize":[500,500],"capInsets":[0,0,0,0]}},{"__type__":"cc.SpriteFrame","content":{"name":"stand_3_part2_wing_5014_stand_3_part2_0001","texture":"ab0irTq/VFBqQ6Ilpw5BZ7","rect":[2,2,84,158],"offset":[54,56],"originalSize":[500,500],"capInsets":[0,0,0,0]}}]