[{"__type__":"cc.SpriteFrame","content":{"name":"stand_1_sh_ride_shape_2013_sh_stand_1_4","texture":"0arzGJeYhAuo4L1ifEZLih","rect":[163,143,144,144],"offset":[-26,14],"originalSize":[500,500],"capInsets":[0,0,0,0]}},{"__type__":"cc.SpriteFrame","content":{"name":"stand_1_sh_ride_shape_2013_sh_stand_1_6","texture":"0arzGJeYhAuo4L1ifEZLih","rect":[163,293,152,148],"offset":[-30,16],"originalSize":[500,500],"capInsets":[0,0,0,0]}},{"__type__":"cc.SpriteFrame","content":{"name":"stand_1_sh_ride_shape_2013_sh_stand_1_1","texture":"0arzGJeYhAuo4L1ifEZLih","rect":[1,1,156,138],"offset":[-32,11],"originalSize":[500,500],"capInsets":[0,0,0,0]}},{"__type__":"cc.SpriteFrame","content":{"name":"stand_1_sh_ride_shape_2013_sh_stand_1_5","texture":"0arzGJeYhAuo4L1ifEZLih","rect":[309,145,148,146],"offset":[-28,15],"originalSize":[500,500],"capInsets":[0,0,0,0]}},{"__type__":"cc.SpriteFrame","content":{"name":"stand_1_sh_ride_shape_2013_sh_stand_1_7","texture":"0arzGJeYhAuo4L1ifEZLih","rect":[1,285,160,146],"offset":[-34,15],"originalSize":[500,500],"capInsets":[0,0,0,0]}},{"__type__":"cc.SpriteFrame","content":{"name":"stand_1_sh_ride_shape_2013_sh_stand_1_8","texture":"0arzGJeYhAuo4L1ifEZLih","rect":[1,143,160,140],"offset":[-34,12],"originalSize":[500,500],"capInsets":[0,0,0,0]}},{"__type__":"cc.SpriteFrame","content":{"name":"stand_1_sh_ride_shape_2013_sh_stand_1_3","texture":"0arzGJeYhAuo4L1ifEZLih","rect":[311,1,144,142],"offset":[-26,13],"originalSize":[500,500],"capInsets":[0,0,0,0]}},{"__type__":"cc.SpriteAtlas","_name":"stand_1.plist","_spriteFrames":{"stand_1_sh_ride_shape_2013_sh_stand_1_1":{"__uuid__":"5fDazrKfhDZKiDtTtmcr7c"},"stand_1_sh_ride_shape_2013_sh_stand_1_2":{"__uuid__":"f2QZX/T/RMuL7xUMEVVpy3"},"stand_1_sh_ride_shape_2013_sh_stand_1_3":{"__uuid__":"7cnYaFNE9Lpb5sD+YwLNv2"},"stand_1_sh_ride_shape_2013_sh_stand_1_4":{"__uuid__":"1cupB/ijNJ9pWQ5OaMYppk"},"stand_1_sh_ride_shape_2013_sh_stand_1_5":{"__uuid__":"67FsOaaLpCea4HvfP+JRXl"},"stand_1_sh_ride_shape_2013_sh_stand_1_6":{"__uuid__":"54i0i3/lVBxKWYj6/nBADQ"},"stand_1_sh_ride_shape_2013_sh_stand_1_7":{"__uuid__":"70DvUfDi1Ow7HnsfEsRTsG"},"stand_1_sh_ride_shape_2013_sh_stand_1_8":{"__uuid__":"71fiquK5lKcKJGA+ZyYyR1"}}},{"__type__":"cc.SpriteFrame","content":{"name":"stand_1_sh_ride_shape_2013_sh_stand_1_2","texture":"0arzGJeYhAuo4L1ifEZLih","rect":[159,1,150,140],"offset":[-29,12],"originalSize":[500,500],"capInsets":[0,0,0,0]}}]