[{"__type__":"cc.SpriteFrame","content":{"name":"stand_1_part2_wing_5003_stand_1_part2_0008","texture":"1eoe9qtsFBvKA+AKMm8V3A","rect":[2,2,38,72],"offset":[-7,84],"originalSize":[500,500],"capInsets":[0,0,0,0]}},{"__type__":"cc.SpriteAtlas","_name":"stand_1_part2.plist","_spriteFrames":{"stand_1_part2_wing_5003_stand_1_part2_0001":{"__uuid__":"78MhiKjAVJr620Yg0Hh22E"},"stand_1_part2_wing_5003_stand_1_part2_0002":{"__uuid__":"e6EoVjjo1FsI8XuYzE8jFH"},"stand_1_part2_wing_5003_stand_1_part2_0003":{"__uuid__":"c5yeYgc5tMw4FwmoyVcLoL"},"stand_1_part2_wing_5003_stand_1_part2_0004":{"__uuid__":"b05bEI3AtJWZ5o4mD0N6IX"},"stand_1_part2_wing_5003_stand_1_part2_0005":{"__uuid__":"76+AEPBbtJA7doE/9s8dwa"},"stand_1_part2_wing_5003_stand_1_part2_0006":{"__uuid__":"afxk1MDT5PPpCS62e3TVCY"},"stand_1_part2_wing_5003_stand_1_part2_0007":{"__uuid__":"76EDLsPL5HgIbnnGwjzKRy"},"stand_1_part2_wing_5003_stand_1_part2_0008":{"__uuid__":"0cklTvQFZDabv1wgcAZyey"},"stand_1_part2_wing_5003_stand_1_part2_0009":{"__uuid__":"58AEkVFsBPa55X0+0gLUBK"},"stand_1_part2_wing_5003_stand_1_part2_0010":{"__uuid__":"51HOTJcrpFWIXYwHgTUeey"},"stand_1_part2_wing_5003_stand_1_part2_0011":{"__uuid__":"87Db/Q9eVHbrv8q8fLksDQ"},"stand_1_part2_wing_5003_stand_1_part2_0012":{"__uuid__":"94268ueFhJ+Ya8gRZoitrf"}}},{"__type__":"cc.SpriteFrame","content":{"name":"stand_1_part2_wing_5003_stand_1_part2_0010","texture":"1eoe9qtsFBvKA+AKMm8V3A","rect":[78,80,34,70],"offset":[-6,83],"originalSize":[500,500],"rotated":1,"capInsets":[0,0,0,0]}},{"__type__":"cc.SpriteFrame","content":{"name":"stand_1_part2_wing_5003_stand_1_part2_0009","texture":"1eoe9qtsFBvKA+AKMm8V3A","rect":[80,2,36,72],"offset":[-7,84],"originalSize":[500,500],"rotated":1,"capInsets":[0,0,0,0]}},{"__type__":"cc.SpriteFrame","content":{"name":"stand_1_part2_wing_5003_stand_1_part2_0007","texture":"1eoe9qtsFBvKA+AKMm8V3A","rect":[152,78,36,70],"offset":[-7,83],"originalSize":[500,500],"rotated":1,"capInsets":[0,0,0,0]}},{"__type__":"cc.SpriteFrame","content":{"name":"stand_1_part2_wing_5003_stand_1_part2_0005","texture":"1eoe9qtsFBvKA+AKMm8V3A","rect":[40,150,36,72],"offset":[-8,82],"originalSize":[500,500],"capInsets":[0,0,0,0]}},{"__type__":"cc.SpriteFrame","content":{"name":"stand_1_part2_wing_5003_stand_1_part2_0001","texture":"1eoe9qtsFBvKA+AKMm8V3A","rect":[2,76,36,72],"offset":[-7,83],"originalSize":[500,500],"capInsets":[0,0,0,0]}},{"__type__":"cc.SpriteFrame","content":{"name":"stand_1_part2_wing_5003_stand_1_part2_0011","texture":"1eoe9qtsFBvKA+AKMm8V3A","rect":[154,2,36,72],"offset":[-6,83],"originalSize":[500,500],"rotated":1,"capInsets":[0,0,0,0]}},{"__type__":"cc.SpriteFrame","content":{"name":"stand_1_part2_wing_5003_stand_1_part2_0012","texture":"1eoe9qtsFBvKA+AKMm8V3A","rect":[80,40,38,70],"offset":[-5,82],"originalSize":[500,500],"rotated":1,"capInsets":[0,0,0,0]}},{"__type__":"cc.SpriteFrame","content":{"name":"stand_1_part2_wing_5003_stand_1_part2_0006","texture":"1eoe9qtsFBvKA+AKMm8V3A","rect":[152,40,36,70],"offset":[-7,82],"originalSize":[500,500],"rotated":1,"capInsets":[0,0,0,0]}},{"__type__":"cc.SpriteFrame","content":{"name":"stand_1_part2_wing_5003_stand_1_part2_0004","texture":"1eoe9qtsFBvKA+AKMm8V3A","rect":[42,2,36,72],"offset":[-7,81],"originalSize":[500,500],"capInsets":[0,0,0,0]}},{"__type__":"cc.SpriteFrame","content":{"name":"stand_1_part2_wing_5003_stand_1_part2_0003","texture":"1eoe9qtsFBvKA+AKMm8V3A","rect":[40,76,36,72],"offset":[-7,81],"originalSize":[500,500],"capInsets":[0,0,0,0]}},{"__type__":"cc.SpriteFrame","content":{"name":"stand_1_part2_wing_5003_stand_1_part2_0002","texture":"1eoe9qtsFBvKA+AKMm8V3A","rect":[2,150,36,72],"offset":[-7,82],"originalSize":[500,500],"capInsets":[0,0,0,0]}}]