[{"__type__":"cc.SpriteFrame","content":{"name":"stand_5_part1_wing_5011_stand_5_part1_0010","texture":"acfw1vfV5CqrR/vpMFxNbz","rect":[2,422,82,106],"offset":[-44,67],"originalSize":[500,500],"rotated":1,"capInsets":[0,0,0,0]}},{"__type__":"cc.SpriteFrame","content":{"name":"stand_5_part1_wing_5011_stand_5_part1_0012","texture":"acfw1vfV5CqrR/vpMFxNbz","rect":[114,86,78,110],"offset":[-41,66],"originalSize":[500,500],"rotated":1,"capInsets":[0,0,0,0]}},{"__type__":"cc.SpriteFrame","content":{"name":"stand_5_part1_wing_5011_stand_5_part1_0001","texture":"acfw1vfV5CqrR/vpMFxNbz","rect":[2,2,78,112],"offset":[-41,65],"originalSize":[500,500],"rotated":1,"capInsets":[0,0,0,0]}},{"__type__":"cc.SpriteFrame","content":{"name":"stand_5_part1_wing_5011_stand_5_part1_0008","texture":"acfw1vfV5CqrR/vpMFxNbz","rect":[112,244,88,106],"offset":[-46,69],"originalSize":[500,500],"rotated":1,"capInsets":[0,0,0,0]}},{"__type__":"cc.SpriteFrame","content":{"name":"stand_5_part1_wing_5011_stand_5_part1_0002","texture":"acfw1vfV5CqrR/vpMFxNbz","rect":[2,82,80,110],"offset":[-42,65],"originalSize":[500,500],"rotated":1,"capInsets":[0,0,0,0]}},{"__type__":"cc.SpriteFrame","content":{"name":"stand_5_part1_wing_5011_stand_5_part1_0009","texture":"acfw1vfV5CqrR/vpMFxNbz","rect":[110,420,82,104],"offset":[-43,68],"originalSize":[500,500],"rotated":1,"capInsets":[0,0,0,0]}},{"__type__":"cc.SpriteFrame","content":{"name":"stand_5_part1_wing_5011_stand_5_part1_0003","texture":"acfw1vfV5CqrR/vpMFxNbz","rect":[116,2,82,110],"offset":[-43,66],"originalSize":[500,500],"rotated":1,"capInsets":[0,0,0,0]}},{"__type__":"cc.SpriteFrame","content":{"name":"stand_5_part1_wing_5011_stand_5_part1_0004","texture":"acfw1vfV5CqrR/vpMFxNbz","rect":[2,164,82,108],"offset":[-43,67],"originalSize":[500,500],"rotated":1,"capInsets":[0,0,0,0]}},{"__type__":"cc.SpriteAtlas","_name":"stand_5_part1.plist","_spriteFrames":{"stand_5_part1_wing_5011_stand_5_part1_0001":{"__uuid__":"10/jnmVmRPoK5UiQ+rtJpZ"},"stand_5_part1_wing_5011_stand_5_part1_0002":{"__uuid__":"6a45x1UEdBA6xm3yoLXLaU"},"stand_5_part1_wing_5011_stand_5_part1_0003":{"__uuid__":"80P1KgwY1CdIErQdrVqs0z"},"stand_5_part1_wing_5011_stand_5_part1_0004":{"__uuid__":"8do5QxQFhK6pvHXl1ETD4y"},"stand_5_part1_wing_5011_stand_5_part1_0005":{"__uuid__":"d5n/Lk60xAjLtsPQkLigsk"},"stand_5_part1_wing_5011_stand_5_part1_0006":{"__uuid__":"9cp1sAWWNG5rTqpoHZzpdn"},"stand_5_part1_wing_5011_stand_5_part1_0007":{"__uuid__":"c579tZksdFnL+TGDFvqYcG"},"stand_5_part1_wing_5011_stand_5_part1_0008":{"__uuid__":"39+uvrBBlBD7IZtadSZrTN"},"stand_5_part1_wing_5011_stand_5_part1_0009":{"__uuid__":"7aaKGe3blAfJjmKndWDY7Z"},"stand_5_part1_wing_5011_stand_5_part1_0010":{"__uuid__":"01YxQP1ZNJdphH61llPa+z"},"stand_5_part1_wing_5011_stand_5_part1_0011":{"__uuid__":"d3RWm/E5tEsqPVu3zUcOFG"},"stand_5_part1_wing_5011_stand_5_part1_0012":{"__uuid__":"02pSEEz+lN45ndD4gvsmUV"}}},{"__type__":"cc.SpriteFrame","content":{"name":"stand_5_part1_wing_5011_stand_5_part1_0006","texture":"acfw1vfV5CqrR/vpMFxNbz","rect":[2,336,84,106],"offset":[-44,69],"originalSize":[500,500],"rotated":1,"capInsets":[0,0,0,0]}},{"__type__":"cc.SpriteFrame","content":{"name":"stand_5_part1_wing_5011_stand_5_part1_0007","texture":"acfw1vfV5CqrR/vpMFxNbz","rect":[2,248,86,106],"offset":[-45,69],"originalSize":[500,500],"rotated":1,"capInsets":[0,0,0,0]}},{"__type__":"cc.SpriteFrame","content":{"name":"stand_5_part1_wing_5011_stand_5_part1_0011","texture":"acfw1vfV5CqrR/vpMFxNbz","rect":[112,166,76,108],"offset":[-40,66],"originalSize":[500,500],"rotated":1,"capInsets":[0,0,0,0]}},{"__type__":"cc.SpriteFrame","content":{"name":"stand_5_part1_wing_5011_stand_5_part1_0005","texture":"acfw1vfV5CqrR/vpMFxNbz","rect":[110,334,84,106],"offset":[-44,68],"originalSize":[500,500],"rotated":1,"capInsets":[0,0,0,0]}}]