[{"__type__":"cc.SpriteFrame","content":{"name":"stand_3_part1_wing_5002_stand_3_part1_0007","texture":"823uc6PjlPo5bbg1BDeLuM","rect":[2,56,46,52],"offset":[-13,30],"originalSize":[500,500],"capInsets":[0,0,0,0]}},{"__type__":"cc.SpriteFrame","content":{"name":"stand_3_part1_wing_5002_stand_3_part1_0008","texture":"823uc6PjlPo5bbg1BDeLuM","rect":[2,110,44,52],"offset":[-12,30],"originalSize":[500,500],"capInsets":[0,0,0,0]}},{"__type__":"cc.SpriteFrame","content":{"name":"stand_3_part1_wing_5002_stand_3_part1_0003","texture":"823uc6PjlPo5bbg1BDeLuM","rect":[48,162,48,48],"offset":[-11,33],"originalSize":[500,500],"capInsets":[0,0,0,0]}},{"__type__":"cc.SpriteAtlas","_name":"stand_3_part1.plist","_spriteFrames":{"stand_3_part1_wing_5002_stand_3_part1_0001":{"__uuid__":"6b8cBt5BVMgJbFBqrkp/Mj"},"stand_3_part1_wing_5002_stand_3_part1_0002":{"__uuid__":"d3SPF4AgVCN7TieLGpmPKn"},"stand_3_part1_wing_5002_stand_3_part1_0003":{"__uuid__":"2cWJXXwDdD+op11Eql94ld"},"stand_3_part1_wing_5002_stand_3_part1_0004":{"__uuid__":"67RZLbxhtFKJYqA9Cwok95"},"stand_3_part1_wing_5002_stand_3_part1_0005":{"__uuid__":"68uZbniVVLd6yaU2yVh2Yq"},"stand_3_part1_wing_5002_stand_3_part1_0006":{"__uuid__":"3fK7MJnEZDb6dNEe7nnz7i"},"stand_3_part1_wing_5002_stand_3_part1_0007":{"__uuid__":"1bDp/6ShlOga94Vu8XjsRL"},"stand_3_part1_wing_5002_stand_3_part1_0008":{"__uuid__":"20sqZZByNFz6xNfF3WbmZE"},"stand_3_part1_wing_5002_stand_3_part1_0009":{"__uuid__":"eeO0D12HBN6oo5oK5LoUXD"},"stand_3_part1_wing_5002_stand_3_part1_0010":{"__uuid__":"f54eDCUrVGBL1miMs5b18x"},"stand_3_part1_wing_5002_stand_3_part1_0011":{"__uuid__":"a6JBzvqbVMOrCHgSCDlQzx"},"stand_3_part1_wing_5002_stand_3_part1_0012":{"__uuid__":"a6ekp2M21Kc61Ce+YaHS2I"}}},{"__type__":"cc.SpriteFrame","content":{"name":"stand_3_part1_wing_5002_stand_3_part1_0006","texture":"823uc6PjlPo5bbg1BDeLuM","rect":[2,2,52,52],"offset":[-14,31],"originalSize":[500,500],"capInsets":[0,0,0,0]}},{"__type__":"cc.SpriteFrame","content":{"name":"stand_3_part1_wing_5002_stand_3_part1_0004","texture":"823uc6PjlPo5bbg1BDeLuM","rect":[50,56,48,50],"offset":[-12,32],"originalSize":[500,500],"capInsets":[0,0,0,0]}},{"__type__":"cc.SpriteFrame","content":{"name":"stand_3_part1_wing_5002_stand_3_part1_0005","texture":"823uc6PjlPo5bbg1BDeLuM","rect":[48,110,50,50],"offset":[-13,32],"originalSize":[500,500],"capInsets":[0,0,0,0]}},{"__type__":"cc.SpriteFrame","content":{"name":"stand_3_part1_wing_5002_stand_3_part1_0001","texture":"823uc6PjlPo5bbg1BDeLuM","rect":[56,2,50,48],"offset":[-10,33],"originalSize":[500,500],"rotated":1,"capInsets":[0,0,0,0]}},{"__type__":"cc.SpriteFrame","content":{"name":"stand_3_part1_wing_5002_stand_3_part1_0011","texture":"823uc6PjlPo5bbg1BDeLuM","rect":[100,104,44,46],"offset":[-8,32],"originalSize":[500,500],"capInsets":[0,0,0,0]}},{"__type__":"cc.SpriteFrame","content":{"name":"stand_3_part1_wing_5002_stand_3_part1_0012","texture":"823uc6PjlPo5bbg1BDeLuM","rect":[100,54,44,48],"offset":[-8,32],"originalSize":[500,500],"capInsets":[0,0,0,0]}},{"__type__":"cc.SpriteFrame","content":{"name":"stand_3_part1_wing_5002_stand_3_part1_0002","texture":"823uc6PjlPo5bbg1BDeLuM","rect":[106,2,46,46],"offset":[-10,33],"originalSize":[500,500],"capInsets":[0,0,0,0]}},{"__type__":"cc.SpriteFrame","content":{"name":"stand_3_part1_wing_5002_stand_3_part1_0009","texture":"823uc6PjlPo5bbg1BDeLuM","rect":[2,164,44,52],"offset":[-12,30],"originalSize":[500,500],"capInsets":[0,0,0,0]}},{"__type__":"cc.SpriteFrame","content":{"name":"stand_3_part1_wing_5002_stand_3_part1_0010","texture":"823uc6PjlPo5bbg1BDeLuM","rect":[98,162,44,48],"offset":[-12,30],"originalSize":[500,500],"capInsets":[0,0,0,0]}}]