[{"__type__":"cc.SpriteFrame","content":{"name":"run_1_rd1rd2_run_3_rd1rd2_ride_ride_9331_rd1_run_3_5","texture":"71dqtF1aNJ9YU/SkJPiQr5","rect":[1,1,194,118],"offset":[60,-22],"originalSize":[736,736],"capInsets":[0,0,0,0]}},{"__type__":"cc.SpriteFrame","content":{"name":"run_1_rd1rd2_run_3_rd1rd2_ride_ride_9331_rd1_run_3_3","texture":"71dqtF1aNJ9YU/SkJPiQr5","rect":[177,129,216,150],"offset":[79,-16],"originalSize":[736,736],"capInsets":[0,0,0,0]}},{"__type__":"cc.SpriteFrame","content":{"name":"run_1_rd1rd2_run_3_rd1rd2_ride_ride_9331_rd1_run_3_7","texture":"71dqtF1aNJ9YU/SkJPiQr5","rect":[1,281,188,166],"offset":[82,-26],"originalSize":[736,736],"capInsets":[0,0,0,0]}},{"__type__":"cc.SpriteAtlas","_name":"run_3_f.plist","_spriteFrames":{"run_1_rd1rd2_run_3_rd1rd2_ride_ride_9331_rd1_run_3_1":{"__uuid__":"49E6ALqU1PlKtRHQz9CdUF"},"run_1_rd1rd2_run_3_rd1rd2_ride_ride_9331_rd1_run_3_2":{"__uuid__":"a7kmahu1VC5ohZIq+fNLrK"},"run_1_rd1rd2_run_3_rd1rd2_ride_ride_9331_rd1_run_3_3":{"__uuid__":"2cPJLFafRKzbLECkMDU/ZN"},"run_1_rd1rd2_run_3_rd1rd2_ride_ride_9331_rd1_run_3_4":{"__uuid__":"9bxFSjQo1H1I2hO08P22ge"},"run_1_rd1rd2_run_3_rd1rd2_ride_ride_9331_rd1_run_3_5":{"__uuid__":"05AUTaZjFDTIe+T8EDYAwC"},"run_1_rd1rd2_run_3_rd1rd2_ride_ride_9331_rd1_run_3_6":{"__uuid__":"c0elg1S3FL9Jh53UNLf3Cn"},"run_1_rd1rd2_run_3_rd1rd2_ride_ride_9331_rd1_run_3_7":{"__uuid__":"2diNmpritM8IOqkCZPqi0W"},"run_1_rd1rd2_run_3_rd1rd2_ride_ride_9331_rd1_run_3_8":{"__uuid__":"58ZTkWnNVP57YfQPKF+T09"}}},{"__type__":"cc.SpriteFrame","content":{"name":"run_1_rd1rd2_run_3_rd1rd2_ride_ride_9331_rd1_run_3_1","texture":"71dqtF1aNJ9YU/SkJPiQr5","rect":[395,129,178,208],"offset":[70,-41],"originalSize":[736,736],"capInsets":[0,0,0,0]}},{"__type__":"cc.SpriteFrame","content":{"name":"run_1_rd1rd2_run_3_rd1rd2_ride_ride_9331_rd1_run_3_8","texture":"71dqtF1aNJ9YU/SkJPiQr5","rect":[381,339,192,196],"offset":[82,-37],"originalSize":[736,736],"capInsets":[0,0,0,0]}},{"__type__":"cc.SpriteFrame","content":{"name":"run_1_rd1rd2_run_3_rd1rd2_ride_ride_9331_rd1_run_3_4","texture":"71dqtF1aNJ9YU/SkJPiQr5","rect":[197,1,248,126],"offset":[78,-7],"originalSize":[736,736],"capInsets":[0,0,0,0]}},{"__type__":"cc.SpriteFrame","content":{"name":"run_1_rd1rd2_run_3_rd1rd2_ride_ride_9331_rd1_run_3_2","texture":"71dqtF1aNJ9YU/SkJPiQr5","rect":[191,281,188,176],"offset":[80,-30],"originalSize":[736,736],"capInsets":[0,0,0,0]}},{"__type__":"cc.SpriteFrame","content":{"name":"run_1_rd1rd2_run_3_rd1rd2_ride_ride_9331_rd1_run_3_6","texture":"71dqtF1aNJ9YU/SkJPiQr5","rect":[1,121,174,136],"offset":[67,-23],"originalSize":[736,736],"capInsets":[0,0,0,0]}}]