[{"__type__":"cc.SpriteFrame","content":{"name":"stand_3_rd1_ride_ride_9111_rd1_stand_3_6","texture":"1dZF0RaSpFmYGXlyrulZzt","rect":[2,2,122,160],"offset":[39,1],"originalSize":[500,500],"capInsets":[0,0,0,0]}},{"__type__":"cc.SpriteFrame","content":{"name":"stand_3_rd1_ride_ride_9111_rd1_stand_3_3","texture":"1dZF0RaSpFmYGXlyrulZzt","rect":[126,2,114,160],"offset":[35,1],"originalSize":[500,500],"capInsets":[0,0,0,0]}},{"__type__":"cc.SpriteFrame","content":{"name":"stand_3_rd1_ride_ride_9111_rd1_stand_3_1","texture":"1dZF0RaSpFmYGXlyrulZzt","rect":[240,164,110,158],"offset":[33,0],"originalSize":[500,500],"capInsets":[0,0,0,0]}},{"__type__":"cc.SpriteAtlas","_name":"stand_3_f.plist","_spriteFrames":{"stand_3_rd1_ride_ride_9111_rd1_stand_3_1":{"__uuid__":"398NKwCj9JaoZEOXEii+tc"},"stand_3_rd1_ride_ride_9111_rd1_stand_3_2":{"__uuid__":"8aoVDHaVdNHa6b4JjV9wSU"},"stand_3_rd1_ride_ride_9111_rd1_stand_3_3":{"__uuid__":"24z+KHRLZB1bsrFHac0LYW"},"stand_3_rd1_ride_ride_9111_rd1_stand_3_4":{"__uuid__":"e1BPVRJVJIDoSQ4NbF2mUl"},"stand_3_rd1_ride_ride_9111_rd1_stand_3_5":{"__uuid__":"95Lkc05WZKTI6W7GqsuZ0d"},"stand_3_rd1_ride_ride_9111_rd1_stand_3_6":{"__uuid__":"16RAyrNTxKT6fL2W0DvdgP"},"stand_3_rd1_ride_ride_9111_rd1_stand_3_7":{"__uuid__":"c5j8xnRkdMM61a2xINkt/h"},"stand_3_rd1_ride_ride_9111_rd1_stand_3_8":{"__uuid__":"51Acxc3W9FR7K5zIRB6bi8"}}},{"__type__":"cc.SpriteFrame","content":{"name":"stand_3_rd1_ride_ride_9111_rd1_stand_3_8","texture":"1dZF0RaSpFmYGXlyrulZzt","rect":[124,326,120,160],"offset":[37,1],"originalSize":[500,500],"capInsets":[0,0,0,0]}},{"__type__":"cc.SpriteFrame","content":{"name":"stand_3_rd1_ride_ride_9111_rd1_stand_3_2","texture":"1dZF0RaSpFmYGXlyrulZzt","rect":[126,164,112,160],"offset":[34,1],"originalSize":[500,500],"capInsets":[0,0,0,0]}},{"__type__":"cc.SpriteFrame","content":{"name":"stand_3_rd1_ride_ride_9111_rd1_stand_3_5","texture":"1dZF0RaSpFmYGXlyrulZzt","rect":[2,326,120,160],"offset":[38,1],"originalSize":[500,500],"capInsets":[0,0,0,0]}},{"__type__":"cc.SpriteFrame","content":{"name":"stand_3_rd1_ride_ride_9111_rd1_stand_3_7","texture":"1dZF0RaSpFmYGXlyrulZzt","rect":[2,164,122,160],"offset":[40,1],"originalSize":[500,500],"capInsets":[0,0,0,0]}},{"__type__":"cc.SpriteFrame","content":{"name":"stand_3_rd1_ride_ride_9111_rd1_stand_3_4","texture":"1dZF0RaSpFmYGXlyrulZzt","rect":[246,2,118,160],"offset":[36,1],"originalSize":[500,500],"rotated":1,"capInsets":[0,0,0,0]}}]