[{"__type__":"cc.SpriteFrame","content":{"name":"run_13_sh_ride_shape_1012_sh_run_1_5","texture":"6cweUlwWlLPJfagHwB+BXx","rect":[275,1,86,146],"offset":[-25,-27],"originalSize":[500,500],"capInsets":[0,0,0,0]}},{"__type__":"cc.SpriteFrame","content":{"name":"run_13_sh_ride_shape_1012_sh_run_1_4","texture":"6cweUlwWlLPJfagHwB+BXx","rect":[93,149,86,146],"offset":[-24,-27],"originalSize":[500,500],"capInsets":[0,0,0,0]}},{"__type__":"cc.SpriteFrame","content":{"name":"run_13_sh_ride_shape_1012_sh_run_1_8","texture":"6cweUlwWlLPJfagHwB+BXx","rect":[273,149,90,144],"offset":[-23,-28],"originalSize":[500,500],"capInsets":[0,0,0,0]}},{"__type__":"cc.SpriteFrame","content":{"name":"run_13_sh_ride_shape_1012_sh_run_1_6","texture":"6cweUlwWlLPJfagHwB+BXx","rect":[1,1,88,148],"offset":[-25,-26],"originalSize":[500,500],"capInsets":[0,0,0,0]}},{"__type__":"cc.SpriteFrame","content":{"name":"run_13_sh_ride_shape_1012_sh_run_1_1","texture":"6cweUlwWlLPJfagHwB+BXx","rect":[181,1,92,144],"offset":[-23,-28],"originalSize":[500,500],"capInsets":[0,0,0,0]}},{"__type__":"cc.SpriteFrame","content":{"name":"run_13_sh_ride_shape_1012_sh_run_1_3","texture":"6cweUlwWlLPJfagHwB+BXx","rect":[91,1,88,146],"offset":[-23,-27],"originalSize":[500,500],"capInsets":[0,0,0,0]}},{"__type__":"cc.SpriteFrame","content":{"name":"run_13_sh_ride_shape_1012_sh_run_1_2","texture":"6cweUlwWlLPJfagHwB+BXx","rect":[181,147,90,144],"offset":[-23,-28],"originalSize":[500,500],"capInsets":[0,0,0,0]}},{"__type__":"cc.SpriteAtlas","_name":"run_1.plist","_spriteFrames":{"run_13_sh_ride_shape_1012_sh_run_1_1":{"__uuid__":"55wgIdl+1LN5BoKzNxPTBh"},"run_13_sh_ride_shape_1012_sh_run_1_2":{"__uuid__":"7bZAeDHKRCOK3NmVD9sWTZ"},"run_13_sh_ride_shape_1012_sh_run_1_3":{"__uuid__":"5f66up3UdKbJwgdhxp+oLp"},"run_13_sh_ride_shape_1012_sh_run_1_4":{"__uuid__":"2dVNSMszpKMr4vcYPIV1RU"},"run_13_sh_ride_shape_1012_sh_run_1_5":{"__uuid__":"10X5DlQ1ZHVLxXiXXvlr6P"},"run_13_sh_ride_shape_1012_sh_run_1_6":{"__uuid__":"357nLfgRdH+JMisOYzcVGh"},"run_13_sh_ride_shape_1012_sh_run_1_7":{"__uuid__":"9eZkfznQZEZatqCyLLuCgH"},"run_13_sh_ride_shape_1012_sh_run_1_8":{"__uuid__":"33zMt5EjBPHbhp7Rq7Hqzv"}}},{"__type__":"cc.SpriteFrame","content":{"name":"run_13_sh_ride_shape_1012_sh_run_1_7","texture":"6cweUlwWlLPJfagHwB+BXx","rect":[1,151,90,146],"offset":[-24,-27],"originalSize":[500,500],"capInsets":[0,0,0,0]}}]