[{"__type__":"cc.SpriteFrame","content":{"name":"run_3_rd1rd2_ride_ride_9431_rd2_run_3_4","texture":"37HiCLBRBKjIzwmk2/5m5G","rect":[525,1,226,248],"offset":[-17,82],"originalSize":[500,500],"capInsets":[0,0,0,0]}},{"__type__":"cc.SpriteFrame","content":{"name":"run_3_rd1rd2_ride_ride_9431_rd2_run_3_5","texture":"37HiCLBRBKjIzwmk2/5m5G","rect":[1,283,238,264],"offset":[-12,74],"originalSize":[500,500],"capInsets":[0,0,0,0]}},{"__type__":"cc.SpriteFrame","content":{"name":"run_3_rd1rd2_ride_ride_9431_rd2_run_3_8","texture":"37HiCLBRBKjIzwmk2/5m5G","rect":[525,251,220,224],"offset":[-16,109],"originalSize":[500,500],"capInsets":[0,0,0,0]}},{"__type__":"cc.SpriteAtlas","_name":"run_3_b.plist","_spriteFrames":{"run_3_rd1rd2_ride_ride_9431_rd2_run_3_1":{"__uuid__":"ecjwKhzYBPf4dvioV1G4Ns"},"run_3_rd1rd2_ride_ride_9431_rd2_run_3_2":{"__uuid__":"66XWWhGA5AcYVGPscIAKQx"},"run_3_rd1rd2_ride_ride_9431_rd2_run_3_3":{"__uuid__":"bf0fA2TnZAO6NG2Pq2eNUq"},"run_3_rd1rd2_ride_ride_9431_rd2_run_3_4":{"__uuid__":"0acLP3m+tA1oHR3b1RZ/za"},"run_3_rd1rd2_ride_ride_9431_rd2_run_3_5":{"__uuid__":"3b+NJqj4FCpqoiO25nQY5U"},"run_3_rd1rd2_ride_ride_9431_rd2_run_3_6":{"__uuid__":"941V4dFmtBtZQNOjMZM75C"},"run_3_rd1rd2_ride_ride_9431_rd2_run_3_7":{"__uuid__":"7al/KNIY5EtI8QSBWdMpXV"},"run_3_rd1rd2_ride_ride_9431_rd2_run_3_8":{"__uuid__":"429ERcVWdK1qIN+NIZgPlv"}}},{"__type__":"cc.SpriteFrame","content":{"name":"run_3_rd1rd2_ride_ride_9431_rd2_run_3_2","texture":"37HiCLBRBKjIzwmk2/5m5G","rect":[241,495,248,218],"offset":[0,111],"originalSize":[500,500],"capInsets":[0,0,0,0]}},{"__type__":"cc.SpriteFrame","content":{"name":"run_3_rd1rd2_ride_ride_9431_rd2_run_3_7","texture":"37HiCLBRBKjIzwmk2/5m5G","rect":[257,1,266,260],"offset":[4,87],"originalSize":[500,500],"capInsets":[0,0,0,0]}},{"__type__":"cc.SpriteFrame","content":{"name":"run_3_rd1rd2_ride_ride_9431_rd2_run_3_6","texture":"37HiCLBRBKjIzwmk2/5m5G","rect":[1,1,254,280],"offset":[-4,69],"originalSize":[500,500],"capInsets":[0,0,0,0]}},{"__type__":"cc.SpriteFrame","content":{"name":"run_3_rd1rd2_ride_ride_9431_rd2_run_3_3","texture":"37HiCLBRBKjIzwmk2/5m5G","rect":[257,263,266,230],"offset":[6,99],"originalSize":[500,500],"capInsets":[0,0,0,0]}},{"__type__":"cc.SpriteFrame","content":{"name":"run_3_rd1rd2_ride_ride_9431_rd2_run_3_1","texture":"37HiCLBRBKjIzwmk2/5m5G","rect":[491,495,232,226],"offset":[-8,110],"originalSize":[500,500],"capInsets":[0,0,0,0]}}]