[{"__type__":"cc.SpriteAtlas","_name":"stand_3_part2.plist","_spriteFrames":{"stand_3_part2_wing_5015_stand_png_part2_3_0000":{"__uuid__":"98Lz/uV5tI9YJDDUfX6cR5"},"stand_3_part2_wing_5015_stand_png_part2_3_0001":{"__uuid__":"3dgOZGf8NGaqEgUfzCy0VM"},"stand_3_part2_wing_5015_stand_png_part2_3_0002":{"__uuid__":"ef6xejmYpLuLDW/zk3PWma"},"stand_3_part2_wing_5015_stand_png_part2_3_0003":{"__uuid__":"87i1mgEcxNXathud1Ej+ZS"},"stand_3_part2_wing_5015_stand_png_part2_3_0004":{"__uuid__":"e5IricPmlDSJe5Q3VTqatg"},"stand_3_part2_wing_5015_stand_png_part2_3_0005":{"__uuid__":"59D4m9yQ9M2KpHRjpMKDsd"},"stand_3_part2_wing_5015_stand_png_part2_3_0006":{"__uuid__":"cbYeAe76FKcqUYr9S+TaiA"},"stand_3_part2_wing_5015_stand_png_part2_3_0007":{"__uuid__":"e6vq5TK29IO6M1WByJoxm6"},"stand_3_part2_wing_5015_stand_png_part2_3_0008":{"__uuid__":"5bsv/I9KRF/aIw9PeMm0HU"},"stand_3_part2_wing_5015_stand_png_part2_3_0009":{"__uuid__":"b75xoyBspL2b+wbsCA5o07"},"stand_3_part2_wing_5015_stand_png_part2_3_0010":{"__uuid__":"ac283sbexEBKmtmvNZTq5c"},"stand_3_part2_wing_5015_stand_png_part2_3_0011":{"__uuid__":"d3GrBA8BJO84GxjRoA7MdJ"}}},{"__type__":"cc.SpriteFrame","content":{"name":"stand_3_part2_wing_5015_stand_png_part2_3_0001","texture":"af36OCTGtEYJ+MyqTgArB/","rect":[184,304,92,92],"offset":[61,61],"originalSize":[500,500],"capInsets":[0,0,0,0]}},{"__type__":"cc.SpriteFrame","content":{"name":"stand_3_part2_wing_5015_stand_png_part2_3_0005","texture":"af36OCTGtEYJ+MyqTgArB/","rect":[94,412,94,96],"offset":[61,61],"originalSize":[500,500],"capInsets":[0,0,0,0]}},{"__type__":"cc.SpriteFrame","content":{"name":"stand_3_part2_wing_5015_stand_png_part2_3_0008","texture":"af36OCTGtEYJ+MyqTgArB/","rect":[2,412,90,98],"offset":[60,63],"originalSize":[500,500],"capInsets":[0,0,0,0]}},{"__type__":"cc.SpriteFrame","content":{"name":"stand_3_part2_wing_5015_stand_png_part2_3_0003","texture":"af36OCTGtEYJ+MyqTgArB/","rect":[92,2,98,94],"offset":[60,61],"originalSize":[500,500],"rotated":1,"capInsets":[0,0,0,0]}},{"__type__":"cc.SpriteFrame","content":{"name":"stand_3_part2_wing_5015_stand_png_part2_3_0000","texture":"af36OCTGtEYJ+MyqTgArB/","rect":[190,398,90,92],"offset":[60,60],"originalSize":[500,500],"capInsets":[0,0,0,0]}},{"__type__":"cc.SpriteFrame","content":{"name":"stand_3_part2_wing_5015_stand_png_part2_3_0010","texture":"af36OCTGtEYJ+MyqTgArB/","rect":[2,106,84,102],"offset":[58,59],"originalSize":[500,500],"capInsets":[0,0,0,0]}},{"__type__":"cc.SpriteFrame","content":{"name":"stand_3_part2_wing_5015_stand_png_part2_3_0009","texture":"af36OCTGtEYJ+MyqTgArB/","rect":[2,210,86,100],"offset":[58,62],"originalSize":[500,500],"capInsets":[0,0,0,0]}},{"__type__":"cc.SpriteFrame","content":{"name":"stand_3_part2_wing_5015_stand_png_part2_3_0006","texture":"af36OCTGtEYJ+MyqTgArB/","rect":[88,106,96,98],"offset":[62,62],"originalSize":[500,500],"capInsets":[0,0,0,0]}},{"__type__":"cc.SpriteFrame","content":{"name":"stand_3_part2_wing_5015_stand_png_part2_3_0011","texture":"af36OCTGtEYJ+MyqTgArB/","rect":[2,2,88,102],"offset":[59,60],"originalSize":[500,500],"capInsets":[0,0,0,0]}},{"__type__":"cc.SpriteFrame","content":{"name":"stand_3_part2_wing_5015_stand_png_part2_3_0004","texture":"af36OCTGtEYJ+MyqTgArB/","rect":[96,304,86,96],"offset":[57,61],"originalSize":[500,500],"capInsets":[0,0,0,0]}},{"__type__":"cc.SpriteFrame","content":{"name":"stand_3_part2_wing_5015_stand_png_part2_3_0007","texture":"af36OCTGtEYJ+MyqTgArB/","rect":[2,312,92,98],"offset":[60,63],"originalSize":[500,500],"capInsets":[0,0,0,0]}},{"__type__":"cc.SpriteFrame","content":{"name":"stand_3_part2_wing_5015_stand_png_part2_3_0002","texture":"af36OCTGtEYJ+MyqTgArB/","rect":[90,206,96,94],"offset":[61,61],"originalSize":[500,500],"rotated":1,"capInsets":[0,0,0,0]}}]