[{"__type__":"cc.SpriteFrame","content":{"name":"stand_8_part2_wing_5015_stand_png_part2_8_0010","texture":"02xTktfaRBYaT7WtNHSKRc","rect":[102,280,62,98],"offset":[-46,82],"originalSize":[500,500],"rotated":1,"capInsets":[0,0,0,0]}},{"__type__":"cc.SpriteFrame","content":{"name":"stand_8_part2_wing_5015_stand_png_part2_8_0005","texture":"02xTktfaRBYaT7WtNHSKRc","rect":[2,276,66,98],"offset":[-47,81],"originalSize":[500,500],"rotated":1,"capInsets":[0,0,0,0]}},{"__type__":"cc.SpriteFrame","content":{"name":"stand_8_part2_wing_5015_stand_png_part2_8_0008","texture":"02xTktfaRBYaT7WtNHSKRc","rect":[2,68,60,102],"offset":[-42,82],"originalSize":[500,500],"rotated":1,"capInsets":[0,0,0,0]}},{"__type__":"cc.SpriteFrame","content":{"name":"stand_8_part2_wing_5015_stand_png_part2_8_0009","texture":"02xTktfaRBYaT7WtNHSKRc","rect":[2,2,64,104],"offset":[-44,82],"originalSize":[500,500],"rotated":1,"capInsets":[0,0,0,0]}},{"__type__":"cc.SpriteFrame","content":{"name":"stand_8_part2_wing_5015_stand_png_part2_8_0007","texture":"02xTktfaRBYaT7WtNHSKRc","rect":[2,344,60,98],"offset":[-42,81],"originalSize":[500,500],"capInsets":[0,0,0,0]}},{"__type__":"cc.SpriteFrame","content":{"name":"stand_8_part2_wing_5015_stand_png_part2_8_0001","texture":"02xTktfaRBYaT7WtNHSKRc","rect":[2,206,68,98],"offset":[-48,81],"originalSize":[500,500],"rotated":1,"capInsets":[0,0,0,0]}},{"__type__":"cc.SpriteFrame","content":{"name":"stand_8_part2_wing_5015_stand_png_part2_8_0004","texture":"02xTktfaRBYaT7WtNHSKRc","rect":[102,138,70,98],"offset":[-49,82],"originalSize":[500,500],"rotated":1,"capInsets":[0,0,0,0]}},{"__type__":"cc.SpriteFrame","content":{"name":"stand_8_part2_wing_5015_stand_png_part2_8_0000","texture":"02xTktfaRBYaT7WtNHSKRc","rect":[108,2,66,102],"offset":[-47,83],"originalSize":[500,500],"rotated":1,"capInsets":[0,0,0,0]}},{"__type__":"cc.SpriteFrame","content":{"name":"stand_8_part2_wing_5015_stand_png_part2_8_0002","texture":"02xTktfaRBYaT7WtNHSKRc","rect":[102,210,68,98],"offset":[-48,82],"originalSize":[500,500],"rotated":1,"capInsets":[0,0,0,0]}},{"__type__":"cc.SpriteFrame","content":{"name":"stand_8_part2_wing_5015_stand_png_part2_8_0003","texture":"02xTktfaRBYaT7WtNHSKRc","rect":[64,344,70,96],"offset":[-49,82],"originalSize":[500,500],"capInsets":[0,0,0,0]}},{"__type__":"cc.SpriteAtlas","_name":"stand_8_part2.plist","_spriteFrames":{"stand_8_part2_wing_5015_stand_png_part2_8_0000":{"__uuid__":"6caXnGEhFFopo3kCi3oSN9"},"stand_8_part2_wing_5015_stand_png_part2_8_0001":{"__uuid__":"521rLip7RN76A8Ovax6165"},"stand_8_part2_wing_5015_stand_png_part2_8_0002":{"__uuid__":"96o1ySgwxCxZyJ6JREjfym"},"stand_8_part2_wing_5015_stand_png_part2_8_0003":{"__uuid__":"979rG0/ilLAIJkOqgVZsDe"},"stand_8_part2_wing_5015_stand_png_part2_8_0004":{"__uuid__":"5b2wq+GkBNHrRbb6c4y4E8"},"stand_8_part2_wing_5015_stand_png_part2_8_0005":{"__uuid__":"10+fDp8kxALLVYs02HJfVJ"},"stand_8_part2_wing_5015_stand_png_part2_8_0006":{"__uuid__":"daHXqMB/pEiqnXDhIZBVat"},"stand_8_part2_wing_5015_stand_png_part2_8_0007":{"__uuid__":"407JkUCmRHIIzACdNZDRDW"},"stand_8_part2_wing_5015_stand_png_part2_8_0008":{"__uuid__":"17oHa5GcZGxqsMhkqlmpGx"},"stand_8_part2_wing_5015_stand_png_part2_8_0009":{"__uuid__":"1bfjCAGZ1AwIZcH/Vseari"},"stand_8_part2_wing_5015_stand_png_part2_8_0010":{"__uuid__":"08iu4yuUtHOIjYL85SlQio"},"stand_8_part2_wing_5015_stand_png_part2_8_0011":{"__uuid__":"calO0kIf9DXousZfnvKNpF"}}},{"__type__":"cc.SpriteFrame","content":{"name":"stand_8_part2_wing_5015_stand_png_part2_8_0011","texture":"02xTktfaRBYaT7WtNHSKRc","rect":[106,70,66,100],"offset":[-47,83],"originalSize":[500,500],"rotated":1,"capInsets":[0,0,0,0]}},{"__type__":"cc.SpriteFrame","content":{"name":"stand_8_part2_wing_5015_stand_png_part2_8_0006","texture":"02xTktfaRBYaT7WtNHSKRc","rect":[2,130,74,98],"offset":[-49,82],"originalSize":[500,500],"rotated":1,"capInsets":[0,0,0,0]}}]