[{"__type__":"cc.SpriteAtlas","_name":"stand_1_b.plist","_spriteFrames":{"stand_1_rd1rd2_ride_ride_9331_rd2_stand_1_1":{"__uuid__":"ffh9ouKZBNhqijQdRU6vSE"},"stand_1_rd1rd2_ride_ride_9331_rd2_stand_1_2":{"__uuid__":"97ObWcNtBL3pxEdCoHN6O4"},"stand_1_rd1rd2_ride_ride_9331_rd2_stand_1_3":{"__uuid__":"c7Ng9CNA1J9JkgA+C5ApOR"},"stand_1_rd1rd2_ride_ride_9331_rd2_stand_1_4":{"__uuid__":"249m+BjGdJP6raXPpzFpR9"},"stand_1_rd1rd2_ride_ride_9331_rd2_stand_1_5":{"__uuid__":"86EeMzqHNLmKQZ14G+uD/0"},"stand_1_rd1rd2_ride_ride_9331_rd2_stand_1_6":{"__uuid__":"87FAPwT1hMG7tkfyI6pchu"},"stand_1_rd1rd2_ride_ride_9331_rd2_stand_1_7":{"__uuid__":"bfcg197n1Ca4S0Nj2tv8Qf"},"stand_1_rd1rd2_ride_ride_9331_rd2_stand_1_8":{"__uuid__":"5dNERbhO1ARKilmyVz6noL"}}},{"__type__":"cc.SpriteFrame","content":{"name":"stand_1_rd1rd2_ride_ride_9331_rd2_stand_1_4","texture":"22BiaF8OBCQKRwP4NBebt2","rect":[233,1,228,168],"offset":[-109,13],"originalSize":[800,800],"capInsets":[0,0,0,0]}},{"__type__":"cc.SpriteFrame","content":{"name":"stand_1_rd1rd2_ride_ride_9331_rd2_stand_1_8","texture":"22BiaF8OBCQKRwP4NBebt2","rect":[431,349,196,174],"offset":[-93,16],"originalSize":[800,800],"capInsets":[0,0,0,0]}},{"__type__":"cc.SpriteFrame","content":{"name":"stand_1_rd1rd2_ride_ride_9331_rd2_stand_1_5","texture":"22BiaF8OBCQKRwP4NBebt2","rect":[1,343,222,164],"offset":[-106,11],"originalSize":[800,800],"capInsets":[0,0,0,0]}},{"__type__":"cc.SpriteFrame","content":{"name":"stand_1_rd1rd2_ride_ride_9331_rd2_stand_1_6","texture":"22BiaF8OBCQKRwP4NBebt2","rect":[1,171,216,170],"offset":[-103,14],"originalSize":[800,800],"capInsets":[0,0,0,0]}},{"__type__":"cc.SpriteFrame","content":{"name":"stand_1_rd1rd2_ride_ride_9331_rd2_stand_1_2","texture":"22BiaF8OBCQKRwP4NBebt2","rect":[219,171,212,170],"offset":[-102,14],"originalSize":[800,800],"capInsets":[0,0,0,0]}},{"__type__":"cc.SpriteFrame","content":{"name":"stand_1_rd1rd2_ride_ride_9331_rd2_stand_1_7","texture":"22BiaF8OBCQKRwP4NBebt2","rect":[225,343,204,178],"offset":[-97,18],"originalSize":[800,800],"capInsets":[0,0,0,0]}},{"__type__":"cc.SpriteFrame","content":{"name":"stand_1_rd1rd2_ride_ride_9331_rd2_stand_1_3","texture":"22BiaF8OBCQKRwP4NBebt2","rect":[1,1,230,168],"offset":[-111,13],"originalSize":[800,800],"capInsets":[0,0,0,0]}},{"__type__":"cc.SpriteFrame","content":{"name":"stand_1_rd1rd2_ride_ride_9331_rd2_stand_1_1","texture":"22BiaF8OBCQKRwP4NBebt2","rect":[433,171,196,176],"offset":[-94,17],"originalSize":[800,800],"capInsets":[0,0,0,0]}}]