[{"__type__":"cc.SpriteAtlas","_name":"run_1.plist","_spriteFrames":{"run_13_sh_ride_shape_1002_sh_run_1_1":{"__uuid__":"2flI1CbwBKS4028oGj4kmA"},"run_13_sh_ride_shape_1002_sh_run_1_2":{"__uuid__":"70IrC912pLg7KOpDARv/uI"},"run_13_sh_ride_shape_1002_sh_run_1_3":{"__uuid__":"3fYWHrEbdCMYapzB4OKwPd"},"run_13_sh_ride_shape_1002_sh_run_1_4":{"__uuid__":"c93ILNChFDz4bRyQX2XtGG"},"run_13_sh_ride_shape_1002_sh_run_1_5":{"__uuid__":"2b+EJaXqtF+5cpGu0jD6Pe"},"run_13_sh_ride_shape_1002_sh_run_1_6":{"__uuid__":"d5IOWnh+NLgr6E1ATRQhCP"},"run_13_sh_ride_shape_1002_sh_run_1_7":{"__uuid__":"321oOckjBDWZgGjzseXaPO"},"run_13_sh_ride_shape_1002_sh_run_1_8":{"__uuid__":"dfGcDyGwNC6LVG3Hwo9Skx"}}},{"__type__":"cc.SpriteFrame","content":{"name":"run_13_sh_ride_shape_1002_sh_run_1_5","texture":"62nM1XzvBJhZRfiJx31rnQ","rect":[109,137,104,134],"offset":[-3,-30],"originalSize":[490,490],"capInsets":[0,0,0,0]}},{"__type__":"cc.SpriteFrame","content":{"name":"run_13_sh_ride_shape_1002_sh_run_1_1","texture":"62nM1XzvBJhZRfiJx31rnQ","rect":[109,1,104,134],"offset":[-4,-31],"originalSize":[490,490],"capInsets":[0,0,0,0]}},{"__type__":"cc.SpriteFrame","content":{"name":"run_13_sh_ride_shape_1002_sh_run_1_7","texture":"62nM1XzvBJhZRfiJx31rnQ","rect":[1,137,106,134],"offset":[-3,-30],"originalSize":[490,490],"capInsets":[0,0,0,0]}},{"__type__":"cc.SpriteFrame","content":{"name":"run_13_sh_ride_shape_1002_sh_run_1_3","texture":"62nM1XzvBJhZRfiJx31rnQ","rect":[109,273,102,134],"offset":[-5,-30],"originalSize":[490,490],"capInsets":[0,0,0,0]}},{"__type__":"cc.SpriteFrame","content":{"name":"run_13_sh_ride_shape_1002_sh_run_1_2","texture":"62nM1XzvBJhZRfiJx31rnQ","rect":[213,273,100,134],"offset":[-5,-31],"originalSize":[490,490],"capInsets":[0,0,0,0]}},{"__type__":"cc.SpriteFrame","content":{"name":"run_13_sh_ride_shape_1002_sh_run_1_4","texture":"62nM1XzvBJhZRfiJx31rnQ","rect":[215,1,104,134],"offset":[-4,-30],"originalSize":[490,490],"capInsets":[0,0,0,0]}},{"__type__":"cc.SpriteFrame","content":{"name":"run_13_sh_ride_shape_1002_sh_run_1_6","texture":"62nM1XzvBJhZRfiJx31rnQ","rect":[1,1,106,134],"offset":[-3,-30],"originalSize":[490,490],"capInsets":[0,0,0,0]}},{"__type__":"cc.SpriteFrame","content":{"name":"run_13_sh_ride_shape_1002_sh_run_1_8","texture":"62nM1XzvBJhZRfiJx31rnQ","rect":[1,273,106,134],"offset":[-4,-30],"originalSize":[490,490],"capInsets":[0,0,0,0]}}]