[{"__type__":"cc.SpriteFrame","content":{"name":"run_1_rd1_ride_ride_9141_rd1_run_1_4","texture":"138qPzkCBAeL8GjTwl22QH","rect":[2,170,166,160],"offset":[9,8],"originalSize":[500,500],"rotated":1,"capInsets":[0,0,0,0]}},{"__type__":"cc.SpriteFrame","content":{"name":"run_1_rd1_ride_ride_9141_rd1_run_1_1","texture":"138qPzkCBAeL8GjTwl22QH","rect":[170,2,158,152],"offset":[7,11],"originalSize":[500,500],"rotated":1,"capInsets":[0,0,0,0]}},{"__type__":"cc.SpriteFrame","content":{"name":"run_1_rd1_ride_ride_9141_rd1_run_1_6","texture":"138qPzkCBAeL8GjTwl22QH","rect":[164,170,160,152],"offset":[8,16],"originalSize":[500,500],"rotated":1,"capInsets":[0,0,0,0]}},{"__type__":"cc.SpriteFrame","content":{"name":"run_1_rd1_ride_ride_9141_rd1_run_1_8","texture":"138qPzkCBAeL8GjTwl22QH","rect":[324,154,154,152],"offset":[9,16],"originalSize":[500,500],"capInsets":[0,0,0,0]}},{"__type__":"cc.SpriteAtlas","_name":"run_1_f.plist","_spriteFrames":{"run_1_rd1_ride_ride_9141_rd1_run_1_1":{"__uuid__":"49FLVMM4hCKoUKmvTkobub"},"run_1_rd1_ride_ride_9141_rd1_run_1_2":{"__uuid__":"b2r5dvJL1IT7XCMTje3wzp"},"run_1_rd1_ride_ride_9141_rd1_run_1_3":{"__uuid__":"d1LRF9pLxBQJdWwtY4UPoJ"},"run_1_rd1_ride_ride_9141_rd1_run_1_4":{"__uuid__":"267BOkd9tLo7TenBclVFx/"},"run_1_rd1_ride_ride_9141_rd1_run_1_5":{"__uuid__":"a4GKMf6KdGL4Yxi+skdref"},"run_1_rd1_ride_ride_9141_rd1_run_1_6":{"__uuid__":"67swqnUjNPNIVmbQ2U/J5d"},"run_1_rd1_ride_ride_9141_rd1_run_1_7":{"__uuid__":"d2c6K/cOhBXY3aHe9MMqlb"},"run_1_rd1_ride_ride_9141_rd1_run_1_8":{"__uuid__":"6cH5MZeM5O8KaH/XFtLOPT"}}},{"__type__":"cc.SpriteFrame","content":{"name":"run_1_rd1_ride_ride_9141_rd1_run_1_5","texture":"138qPzkCBAeL8GjTwl22QH","rect":[160,338,166,156],"offset":[9,12],"originalSize":[500,500],"rotated":1,"capInsets":[0,0,0,0]}},{"__type__":"cc.SpriteFrame","content":{"name":"run_1_rd1_ride_ride_9141_rd1_run_1_2","texture":"138qPzkCBAeL8GjTwl22QH","rect":[2,2,166,166],"offset":[6,8],"originalSize":[500,500],"capInsets":[0,0,0,0]}},{"__type__":"cc.SpriteFrame","content":{"name":"run_1_rd1_ride_ride_9141_rd1_run_1_3","texture":"138qPzkCBAeL8GjTwl22QH","rect":[2,338,166,156],"offset":[8,4],"originalSize":[500,500],"rotated":1,"capInsets":[0,0,0,0]}},{"__type__":"cc.SpriteFrame","content":{"name":"run_1_rd1_ride_ride_9141_rd1_run_1_7","texture":"138qPzkCBAeL8GjTwl22QH","rect":[324,2,156,150],"offset":[9,17],"originalSize":[500,500],"capInsets":[0,0,0,0]}}]