[{"__type__":"cc.SpriteFrame","content":{"name":"stand_5_part2_wing_5017_stand_5_part2_0008","texture":"22ldjiV5pAj4BZ8U/MMte1","rect":[2,96,104,88],"offset":[49,76],"originalSize":[500,500],"capInsets":[0,0,0,0]}},{"__type__":"cc.SpriteFrame","content":{"name":"stand_5_part2_wing_5017_stand_5_part2_0009","texture":"22ldjiV5pAj4BZ8U/MMte1","rect":[352,2,106,90],"offset":[50,74],"originalSize":[500,500],"capInsets":[0,0,0,0]}},{"__type__":"cc.SpriteFrame","content":{"name":"stand_5_part2_wing_5017_stand_5_part2_0002","texture":"22ldjiV5pAj4BZ8U/MMte1","rect":[2,2,118,92],"offset":[55,80],"originalSize":[500,500],"capInsets":[0,0,0,0]}},{"__type__":"cc.SpriteFrame","content":{"name":"stand_5_part2_wing_5017_stand_5_part2_0004","texture":"22ldjiV5pAj4BZ8U/MMte1","rect":[328,182,94,90],"offset":[43,80],"originalSize":[500,500],"capInsets":[0,0,0,0]}},{"__type__":"cc.SpriteFrame","content":{"name":"stand_5_part2_wing_5017_stand_5_part2_0010","texture":"22ldjiV5pAj4BZ8U/MMte1","rect":[122,92,104,92],"offset":[48,74],"originalSize":[500,500],"capInsets":[0,0,0,0]}},{"__type__":"cc.SpriteAtlas","_name":"stand_5_part2.plist","_spriteFrames":{"stand_5_part2_wing_5017_stand_5_part2_0000":{"__uuid__":"b4lPUNyM5JxI4sDNANKAVt"},"stand_5_part2_wing_5017_stand_5_part2_0001":{"__uuid__":"b2We5ASiFOP4d6Px7woeWU"},"stand_5_part2_wing_5017_stand_5_part2_0002":{"__uuid__":"2eo3WuWdZLoIat4cOsdP7Z"},"stand_5_part2_wing_5017_stand_5_part2_0003":{"__uuid__":"f21yIRkhlLIIlgunWt3+OB"},"stand_5_part2_wing_5017_stand_5_part2_0004":{"__uuid__":"4c9DjcSK5Icr24jvnqiZPf"},"stand_5_part2_wing_5017_stand_5_part2_0005":{"__uuid__":"cbmRF82uFN2Y5pGPSNUCNn"},"stand_5_part2_wing_5017_stand_5_part2_0006":{"__uuid__":"dayx4QOjhAY4uHIBlnDr/M"},"stand_5_part2_wing_5017_stand_5_part2_0007":{"__uuid__":"cak8KqXClDGIQhqMKT0gaQ"},"stand_5_part2_wing_5017_stand_5_part2_0008":{"__uuid__":"10VdC2jgJIT5NhfkAxaNPs"},"stand_5_part2_wing_5017_stand_5_part2_0009":{"__uuid__":"2efcIgB9hBNLEnSyH21pel"},"stand_5_part2_wing_5017_stand_5_part2_0010":{"__uuid__":"5aA0Zf9+dJ4IR7fVC6e5M5"},"stand_5_part2_wing_5017_stand_5_part2_0011":{"__uuid__":"d3tVIw2eNDqL2kuaTvNLpp"}}},{"__type__":"cc.SpriteFrame","content":{"name":"stand_5_part2_wing_5017_stand_5_part2_0001","texture":"22ldjiV5pAj4BZ8U/MMte1","rect":[122,2,116,88],"offset":[54,77],"originalSize":[500,500],"capInsets":[0,0,0,0]}},{"__type__":"cc.SpriteFrame","content":{"name":"stand_5_part2_wing_5017_stand_5_part2_0000","texture":"22ldjiV5pAj4BZ8U/MMte1","rect":[240,2,110,86],"offset":[52,77],"originalSize":[500,500],"capInsets":[0,0,0,0]}},{"__type__":"cc.SpriteFrame","content":{"name":"stand_5_part2_wing_5017_stand_5_part2_0007","texture":"22ldjiV5pAj4BZ8U/MMte1","rect":[348,94,100,86],"offset":[47,75],"originalSize":[500,500],"capInsets":[0,0,0,0]}},{"__type__":"cc.SpriteFrame","content":{"name":"stand_5_part2_wing_5017_stand_5_part2_0005","texture":"22ldjiV5pAj4BZ8U/MMte1","rect":[2,186,94,90],"offset":[44,80],"originalSize":[500,500],"capInsets":[0,0,0,0]}},{"__type__":"cc.SpriteFrame","content":{"name":"stand_5_part2_wing_5017_stand_5_part2_0011","texture":"22ldjiV5pAj4BZ8U/MMte1","rect":[240,90,106,88],"offset":[50,76],"originalSize":[500,500],"capInsets":[0,0,0,0]}},{"__type__":"cc.SpriteFrame","content":{"name":"stand_5_part2_wing_5017_stand_5_part2_0006","texture":"22ldjiV5pAj4BZ8U/MMte1","rect":[228,180,98,86],"offset":[45,77],"originalSize":[500,500],"capInsets":[0,0,0,0]}},{"__type__":"cc.SpriteFrame","content":{"name":"stand_5_part2_wing_5017_stand_5_part2_0003","texture":"22ldjiV5pAj4BZ8U/MMte1","rect":[424,182,92,86],"offset":[42,78],"originalSize":[500,500],"rotated":1,"capInsets":[0,0,0,0]}}]