[{"__type__":"cc.SpriteFrame","content":{"name":"stand_5_part1_wing_5017_stand_5_part1_0002","texture":"06ZAhUu/JKNKxzyFNubCRu","rect":[126,2,122,90],"offset":[-68,75],"originalSize":[500,500],"capInsets":[0,0,0,0]}},{"__type__":"cc.SpriteFrame","content":{"name":"stand_5_part1_wing_5017_stand_5_part1_0006","texture":"06ZAhUu/JKNKxzyFNubCRu","rect":[2,380,108,94],"offset":[-61,73],"originalSize":[500,500],"rotated":1,"capInsets":[0,0,0,0]}},{"__type__":"cc.SpriteFrame","content":{"name":"stand_5_part1_wing_5017_stand_5_part1_0009","texture":"06ZAhUu/JKNKxzyFNubCRu","rect":[250,2,122,88],"offset":[-68,76],"originalSize":[500,500],"capInsets":[0,0,0,0]}},{"__type__":"cc.SpriteFrame","content":{"name":"stand_5_part1_wing_5017_stand_5_part1_0011","texture":"06ZAhUu/JKNKxzyFNubCRu","rect":[374,90,122,86],"offset":[-68,75],"originalSize":[500,500],"capInsets":[0,0,0,0]}},{"__type__":"cc.SpriteFrame","content":{"name":"stand_5_part1_wing_5017_stand_5_part1_0004","texture":"06ZAhUu/JKNKxzyFNubCRu","rect":[126,94,120,92],"offset":[-67,74],"originalSize":[500,500],"capInsets":[0,0,0,0]}},{"__type__":"cc.SpriteFrame","content":{"name":"stand_5_part1_wing_5017_stand_5_part1_0003","texture":"06ZAhUu/JKNKxzyFNubCRu","rect":[2,2,122,92],"offset":[-68,75],"originalSize":[500,500],"capInsets":[0,0,0,0]}},{"__type__":"cc.SpriteFrame","content":{"name":"stand_5_part1_wing_5017_stand_5_part1_0000","texture":"06ZAhUu/JKNKxzyFNubCRu","rect":[372,178,116,86],"offset":[-65,75],"originalSize":[500,500],"capInsets":[0,0,0,0]}},{"__type__":"cc.SpriteFrame","content":{"name":"stand_5_part1_wing_5017_stand_5_part1_0005","texture":"06ZAhUu/JKNKxzyFNubCRu","rect":[98,380,102,92],"offset":[-58,73],"originalSize":[500,500],"rotated":1,"capInsets":[0,0,0,0]}},{"__type__":"cc.SpriteFrame","content":{"name":"stand_5_part1_wing_5017_stand_5_part1_0007","texture":"06ZAhUu/JKNKxzyFNubCRu","rect":[2,266,112,96],"offset":[-63,74],"originalSize":[500,500],"rotated":1,"capInsets":[0,0,0,0]}},{"__type__":"cc.SpriteFrame","content":{"name":"stand_5_part1_wing_5017_stand_5_part1_0001","texture":"06ZAhUu/JKNKxzyFNubCRu","rect":[250,92,120,96],"offset":[-67,71],"originalSize":[500,500],"capInsets":[0,0,0,0]}},{"__type__":"cc.SpriteFrame","content":{"name":"stand_5_part1_wing_5017_stand_5_part1_0008","texture":"06ZAhUu/JKNKxzyFNubCRu","rect":[2,96,118,90],"offset":[-66,77],"originalSize":[500,500],"capInsets":[0,0,0,0]}},{"__type__":"cc.SpriteAtlas","_name":"stand_5_part1.plist","_spriteFrames":{"stand_5_part1_wing_5017_stand_5_part1_0000":{"__uuid__":"84ycoOps9BQKd1P96UFOLZ"},"stand_5_part1_wing_5017_stand_5_part1_0001":{"__uuid__":"98lT1c23FBtb/YwmPuk6RY"},"stand_5_part1_wing_5017_stand_5_part1_0002":{"__uuid__":"12cXyTALlBJaYoPCFQmhMP"},"stand_5_part1_wing_5017_stand_5_part1_0003":{"__uuid__":"6fVS7dOj9E0q9gSdzTa+IB"},"stand_5_part1_wing_5017_stand_5_part1_0004":{"__uuid__":"6eULsEvZ9EkrAdVS/c/45s"},"stand_5_part1_wing_5017_stand_5_part1_0005":{"__uuid__":"8bQzalIEpFtrWLKoG81A85"},"stand_5_part1_wing_5017_stand_5_part1_0006":{"__uuid__":"27Mv651ihG65R2lBqhEZKB"},"stand_5_part1_wing_5017_stand_5_part1_0007":{"__uuid__":"8b2r/82SxJS5h/ECm2Sshp"},"stand_5_part1_wing_5017_stand_5_part1_0008":{"__uuid__":"9crwRowsNAa5PJ6rc6A4Wb"},"stand_5_part1_wing_5017_stand_5_part1_0009":{"__uuid__":"2eVqSnhzxNc6TC0PAja1A4"},"stand_5_part1_wing_5017_stand_5_part1_0010":{"__uuid__":"e5jS5PJa5GJ6/W+UcvOESV"},"stand_5_part1_wing_5017_stand_5_part1_0011":{"__uuid__":"36VRIZaElOvqb5KS2zuMzb"}}},{"__type__":"cc.SpriteFrame","content":{"name":"stand_5_part1_wing_5017_stand_5_part1_0010","texture":"06ZAhUu/JKNKxzyFNubCRu","rect":[374,2,122,86],"offset":[-68,74],"originalSize":[500,500],"capInsets":[0,0,0,0]}}]