[{"__type__":"cc.SpriteAtlas","_name":"run_1_b.plist","_spriteFrames":{"run_1_rd2_ride_ride_9311_rd2_run_1_1":{"__uuid__":"e9P481qEND64QVNnoHhMFW"},"run_1_rd2_ride_ride_9311_rd2_run_1_2":{"__uuid__":"5bR/ceJpxHGqSKG+jCXMV4"},"run_1_rd2_ride_ride_9311_rd2_run_1_3":{"__uuid__":"5fAInscrpKcr4VjO/TQlna"},"run_1_rd2_ride_ride_9311_rd2_run_1_4":{"__uuid__":"6eXCu0VJ9FkIkl6Vx852Yc"},"run_1_rd2_ride_ride_9311_rd2_run_1_5":{"__uuid__":"f1hD1HoUtOiLHEPEPKsRqN"},"run_1_rd2_ride_ride_9311_rd2_run_1_6":{"__uuid__":"81tAI1lK9BuYrxTR8O/UNq"},"run_1_rd2_ride_ride_9311_rd2_run_1_7":{"__uuid__":"b4+82BTYRHnIO+VLwJTPHk"},"run_1_rd2_ride_ride_9311_rd2_run_1_8":{"__uuid__":"27vQYzg9xJ8pp6R97zDUFy"}}},{"__type__":"cc.SpriteFrame","content":{"name":"run_1_rd2_ride_ride_9311_rd2_run_1_8","texture":"6fnm4TBXlGmqvhL0vAgCZ8","rect":[308,314,126,148],"offset":[-41,21],"originalSize":[500,500],"capInsets":[0,0,0,0]}},{"__type__":"cc.SpriteFrame","content":{"name":"run_1_rd2_ride_ride_9311_rd2_run_1_2","texture":"6fnm4TBXlGmqvhL0vAgCZ8","rect":[342,162,150,150],"offset":[-42,25],"originalSize":[500,500],"capInsets":[0,0,0,0]}},{"__type__":"cc.SpriteFrame","content":{"name":"run_1_rd2_ride_ride_9311_rd2_run_1_3","texture":"6fnm4TBXlGmqvhL0vAgCZ8","rect":[200,2,192,158],"offset":[-32,36],"originalSize":[500,500],"capInsets":[0,0,0,0]}},{"__type__":"cc.SpriteFrame","content":{"name":"run_1_rd2_ride_ride_9311_rd2_run_1_4","texture":"6fnm4TBXlGmqvhL0vAgCZ8","rect":[2,2,196,150],"offset":[-52,37],"originalSize":[500,500],"capInsets":[0,0,0,0]}},{"__type__":"cc.SpriteFrame","content":{"name":"run_1_rd2_ride_ride_9311_rd2_run_1_6","texture":"6fnm4TBXlGmqvhL0vAgCZ8","rect":[2,304,170,148],"offset":[-44,33],"originalSize":[500,500],"rotated":1,"capInsets":[0,0,0,0]}},{"__type__":"cc.SpriteFrame","content":{"name":"run_1_rd2_ride_ride_9311_rd2_run_1_7","texture":"6fnm4TBXlGmqvhL0vAgCZ8","rect":[152,304,154,154],"offset":[-25,26],"originalSize":[500,500],"capInsets":[0,0,0,0]}},{"__type__":"cc.SpriteFrame","content":{"name":"run_1_rd2_ride_ride_9311_rd2_run_1_1","texture":"6fnm4TBXlGmqvhL0vAgCZ8","rect":[194,162,132,146],"offset":[-39,15],"originalSize":[500,500],"rotated":1,"capInsets":[0,0,0,0]}},{"__type__":"cc.SpriteFrame","content":{"name":"run_1_rd2_ride_ride_9311_rd2_run_1_5","texture":"6fnm4TBXlGmqvhL0vAgCZ8","rect":[2,154,190,148],"offset":[-51,35],"originalSize":[500,500],"capInsets":[0,0,0,0]}}]