[{"__type__":"cc.SpriteFrame","content":{"name":"standrun_3_rd1rd2_ride_ride_9421_rd2_stand_3_8","texture":"a924dO91lCtZGOZh/zCgAe","rect":[313,381,154,182],"offset":[-33,44],"originalSize":[460,460],"capInsets":[0,0,0,0]}},{"__type__":"cc.SpriteFrame","content":{"name":"standrun_3_rd1rd2_ride_ride_9421_rd2_stand_3_6","texture":"a924dO91lCtZGOZh/zCgAe","rect":[1,379,154,186],"offset":[-32,45],"originalSize":[460,460],"capInsets":[0,0,0,0]}},{"__type__":"cc.SpriteFrame","content":{"name":"standrun_3_rd1rd2_ride_ride_9421_rd2_stand_3_4","texture":"a924dO91lCtZGOZh/zCgAe","rect":[313,191,152,188],"offset":[-32,46],"originalSize":[460,460],"capInsets":[0,0,0,0]}},{"__type__":"cc.SpriteFrame","content":{"name":"standrun_3_rd1rd2_ride_ride_9421_rd2_stand_3_7","texture":"a924dO91lCtZGOZh/zCgAe","rect":[157,379,154,184],"offset":[-32,44],"originalSize":[460,460],"capInsets":[0,0,0,0]}},{"__type__":"cc.SpriteAtlas","_name":"stand_3_b.plist","_spriteFrames":{"standrun_3_rd1rd2_ride_ride_9421_rd2_stand_3_1":{"__uuid__":"a7v5VQbdZL3ZrIEo0aZjja"},"standrun_3_rd1rd2_ride_ride_9421_rd2_stand_3_2":{"__uuid__":"c8tbmpz/dF/q0PuwDQIB1z"},"standrun_3_rd1rd2_ride_ride_9421_rd2_stand_3_3":{"__uuid__":"ddyyl8Z+VMRanpzt6S40hZ"},"standrun_3_rd1rd2_ride_ride_9421_rd2_stand_3_4":{"__uuid__":"1dL37ucAFPUZbUyaQ47xQJ"},"standrun_3_rd1rd2_ride_ride_9421_rd2_stand_3_5":{"__uuid__":"e4Sm1yF4tNO4wyJqzIN5rC"},"standrun_3_rd1rd2_ride_ride_9421_rd2_stand_3_6":{"__uuid__":"0d16FKor5LI4PxMc2MgrZ1"},"standrun_3_rd1rd2_ride_ride_9421_rd2_stand_3_7":{"__uuid__":"4dWXFCnTJGXqw3iP+eGFpn"},"standrun_3_rd1rd2_ride_ride_9421_rd2_stand_3_8":{"__uuid__":"047PPWJTRNHbpERL8b8PL3"}}},{"__type__":"cc.SpriteFrame","content":{"name":"standrun_3_rd1rd2_ride_ride_9421_rd2_stand_3_1","texture":"a924dO91lCtZGOZh/zCgAe","rect":[1,191,154,186],"offset":[-33,45],"originalSize":[460,460],"capInsets":[0,0,0,0]}},{"__type__":"cc.SpriteFrame","content":{"name":"standrun_3_rd1rd2_ride_ride_9421_rd2_stand_3_2","texture":"a924dO91lCtZGOZh/zCgAe","rect":[279,1,152,188],"offset":[-32,46],"originalSize":[460,460],"capInsets":[0,0,0,0]}},{"__type__":"cc.SpriteFrame","content":{"name":"standrun_3_rd1rd2_ride_ride_9421_rd2_stand_3_3","texture":"a924dO91lCtZGOZh/zCgAe","rect":[1,1,276,188],"offset":[-92,46],"originalSize":[460,460],"capInsets":[0,0,0,0]}},{"__type__":"cc.SpriteFrame","content":{"name":"standrun_3_rd1rd2_ride_ride_9421_rd2_stand_3_5","texture":"a924dO91lCtZGOZh/zCgAe","rect":[157,191,154,186],"offset":[-32,46],"originalSize":[460,460],"capInsets":[0,0,0,0]}}]