[{"__type__":"cc.SpriteFrame","content":{"name":"stand_1_rd1rd2rd3_ride_ride_9211_rd2_stand_1_6","texture":"8aSeVvsO5CVrLCeyB9FN4o","rect":[1,1,116,192],"offset":[5,108],"originalSize":[800,800],"capInsets":[0,0,0,0]}},{"__type__":"cc.SpriteFrame","content":{"name":"stand_1_rd1rd2rd3_ride_ride_9211_rd2_stand_1_5","texture":"8aSeVvsO5CVrLCeyB9FN4o","rect":[235,1,114,192],"offset":[6,107],"originalSize":[800,800],"capInsets":[0,0,0,0]}},{"__type__":"cc.SpriteFrame","content":{"name":"stand_1_rd1rd2rd3_ride_ride_9211_rd2_stand_1_4","texture":"8aSeVvsO5CVrLCeyB9FN4o","rect":[233,195,114,192],"offset":[6,108],"originalSize":[800,800],"capInsets":[0,0,0,0]}},{"__type__":"cc.SpriteFrame","content":{"name":"stand_1_rd1rd2rd3_ride_ride_9211_rd2_stand_1_2","texture":"8aSeVvsO5CVrLCeyB9FN4o","rect":[117,195,114,192],"offset":[6,112],"originalSize":[800,800],"capInsets":[0,0,0,0]}},{"__type__":"cc.SpriteAtlas","_name":"stand_1_b.plist","_spriteFrames":{"stand_1_rd1rd2rd3_ride_ride_9211_rd2_stand_1_1":{"__uuid__":"ebgOzCcypLnqi3ypLQQ1Dr"},"stand_1_rd1rd2rd3_ride_ride_9211_rd2_stand_1_2":{"__uuid__":"88+1Tup9JNkob7+rtlO0NA"},"stand_1_rd1rd2rd3_ride_ride_9211_rd2_stand_1_3":{"__uuid__":"a8y+xw3dFGo4dk9BAaQ0AX"},"stand_1_rd1rd2rd3_ride_ride_9211_rd2_stand_1_4":{"__uuid__":"6dWhhy2CxEdr/wdgoYz2zp"},"stand_1_rd1rd2rd3_ride_ride_9211_rd2_stand_1_5":{"__uuid__":"34vZY05ktP+b6XX+FsFOT8"},"stand_1_rd1rd2rd3_ride_ride_9211_rd2_stand_1_6":{"__uuid__":"14zWFGuHJBQa0ajIMXQDOn"},"stand_1_rd1rd2rd3_ride_ride_9211_rd2_stand_1_8":{"__uuid__":"fbOMe0sKtJxKEKqZ3jfcc4"}}},{"__type__":"cc.SpriteFrame","content":{"name":"stand_1_rd1rd2rd3_ride_ride_9211_rd2_stand_1_3","texture":"8aSeVvsO5CVrLCeyB9FN4o","rect":[119,1,114,192],"offset":[6,110],"originalSize":[800,800],"capInsets":[0,0,0,0]}},{"__type__":"cc.SpriteFrame","content":{"name":"stand_1_rd1rd2rd3_ride_ride_9211_rd2_stand_1_1","texture":"8aSeVvsO5CVrLCeyB9FN4o","rect":[1,195,114,192],"offset":[6,112],"originalSize":[800,800],"capInsets":[0,0,0,0]}},{"__type__":"cc.SpriteFrame","content":{"name":"stand_1_rd1rd2rd3_ride_ride_9211_rd2_stand_1_8","texture":"8aSeVvsO5CVrLCeyB9FN4o","rect":[349,195,114,192],"offset":[6,111],"originalSize":[800,800],"capInsets":[0,0,0,0]}}]