[{"__type__":"cc.SpriteFrame","content":{"name":"stand_7_part2_wing_5012_stand_7_part2_0003","texture":"daKqYJU0JCzKmmPwF9IcFN","rect":[2,2,86,98],"offset":[-50,41],"originalSize":[500,500],"rotated":1,"capInsets":[0,0,0,0]}},{"__type__":"cc.SpriteFrame","content":{"name":"stand_7_part2_wing_5012_stand_7_part2_0004","texture":"daKqYJU0JCzKmmPwF9IcFN","rect":[102,86,80,96],"offset":[-48,38],"originalSize":[500,500],"rotated":1,"capInsets":[0,0,0,0]}},{"__type__":"cc.SpriteFrame","content":{"name":"stand_7_part2_wing_5012_stand_7_part2_0008","texture":"daKqYJU0JCzKmmPwF9IcFN","rect":[190,236,64,90],"offset":[-40,27],"originalSize":[500,500],"capInsets":[0,0,0,0]}},{"__type__":"cc.SpriteFrame","content":{"name":"stand_7_part2_wing_5012_stand_7_part2_0012","texture":"daKqYJU0JCzKmmPwF9IcFN","rect":[94,312,76,88],"offset":[-45,31],"originalSize":[500,500],"rotated":1,"capInsets":[0,0,0,0]}},{"__type__":"cc.SpriteFrame","content":{"name":"stand_7_part2_wing_5012_stand_7_part2_0011","texture":"daKqYJU0JCzKmmPwF9IcFN","rect":[2,314,72,84],"offset":[-43,28],"originalSize":[500,500],"rotated":1,"capInsets":[0,0,0,0]}},{"__type__":"cc.SpriteFrame","content":{"name":"stand_7_part2_wing_5012_stand_7_part2_0006","texture":"daKqYJU0JCzKmmPwF9IcFN","rect":[98,168,66,94],"offset":[-41,29],"originalSize":[500,500],"rotated":1,"capInsets":[0,0,0,0]}},{"__type__":"cc.SpriteFrame","content":{"name":"stand_7_part2_wing_5012_stand_7_part2_0010","texture":"daKqYJU0JCzKmmPwF9IcFN","rect":[98,236,74,90],"offset":[-44,29],"originalSize":[500,500],"rotated":1,"capInsets":[0,0,0,0]}},{"__type__":"cc.SpriteFrame","content":{"name":"stand_7_part2_wing_5012_stand_7_part2_0005","texture":"daKqYJU0JCzKmmPwF9IcFN","rect":[2,90,76,96],"offset":[-46,33],"originalSize":[500,500],"rotated":1,"capInsets":[0,0,0,0]}},{"__type__":"cc.SpriteFrame","content":{"name":"stand_7_part2_wing_5012_stand_7_part2_0009","texture":"daKqYJU0JCzKmmPwF9IcFN","rect":[184,328,68,86],"offset":[-42,26],"originalSize":[500,500],"capInsets":[0,0,0,0]}},{"__type__":"cc.SpriteAtlas","_name":"stand_7_part2.plist","_spriteFrames":{"stand_7_part2_wing_5012_stand_7_part2_0001":{"__uuid__":"d9OXtAQlRPhKKj+w9OVQzj"},"stand_7_part2_wing_5012_stand_7_part2_0002":{"__uuid__":"cftiErRjlHqJ5g3D/sqesG"},"stand_7_part2_wing_5012_stand_7_part2_0003":{"__uuid__":"2eXgMkMctMR4iSfHtDacRN"},"stand_7_part2_wing_5012_stand_7_part2_0004":{"__uuid__":"37Pf+Y4MFGorlacpxbj0RT"},"stand_7_part2_wing_5012_stand_7_part2_0005":{"__uuid__":"9dF8t4ku5AL4ea+U1cuPJK"},"stand_7_part2_wing_5012_stand_7_part2_0006":{"__uuid__":"817uV7CrNHIJYwA66lVf+o"},"stand_7_part2_wing_5012_stand_7_part2_0007":{"__uuid__":"b0mPYmWIJGwJuQE4XmQDGD"},"stand_7_part2_wing_5012_stand_7_part2_0008":{"__uuid__":"38XZqj+GtKypz/28NYWToE"},"stand_7_part2_wing_5012_stand_7_part2_0009":{"__uuid__":"a23mUw/lNI9KaaufNZ2CP0"},"stand_7_part2_wing_5012_stand_7_part2_0010":{"__uuid__":"82vn3UNvtDZJALTPUh0Wc+"},"stand_7_part2_wing_5012_stand_7_part2_0011":{"__uuid__":"796WhlOe1FGL8075UIfQPa"},"stand_7_part2_wing_5012_stand_7_part2_0012":{"__uuid__":"6fX76sk7VE9rnWbNc/0SFc"}}},{"__type__":"cc.SpriteFrame","content":{"name":"stand_7_part2_wing_5012_stand_7_part2_0007","texture":"daKqYJU0JCzKmmPwF9IcFN","rect":[2,250,62,90],"offset":[-39,27],"originalSize":[500,500],"rotated":1,"capInsets":[0,0,0,0]}},{"__type__":"cc.SpriteFrame","content":{"name":"stand_7_part2_wing_5012_stand_7_part2_0002","texture":"daKqYJU0JCzKmmPwF9IcFN","rect":[102,2,82,96],"offset":[-48,40],"originalSize":[500,500],"rotated":1,"capInsets":[0,0,0,0]}},{"__type__":"cc.SpriteFrame","content":{"name":"stand_7_part2_wing_5012_stand_7_part2_0001","texture":"daKqYJU0JCzKmmPwF9IcFN","rect":[2,168,80,94],"offset":[-47,39],"originalSize":[500,500],"rotated":1,"capInsets":[0,0,0,0]}}]