[{"__type__":"cc.SpriteAtlas","_name":"run_1.plist","_spriteFrames":{"run_13_sh_ride_shape_1011_sh_run_1_1":{"__uuid__":"cb/BnTavVHhoYRawoffaJO"},"run_13_sh_ride_shape_1011_sh_run_1_2":{"__uuid__":"445wDobXhGZY2h21dJRf28"},"run_13_sh_ride_shape_1011_sh_run_1_3":{"__uuid__":"b8kkBKJntId4LbVzxX5Vr5"},"run_13_sh_ride_shape_1011_sh_run_1_4":{"__uuid__":"eeuRtEJ49DbIX3khrT5rxg"},"run_13_sh_ride_shape_1011_sh_run_1_5":{"__uuid__":"6bD24NKfdCspSA+j+cloh5"},"run_13_sh_ride_shape_1011_sh_run_1_6":{"__uuid__":"b2YU/AUvBAW5rK/7HZUNUh"},"run_13_sh_ride_shape_1011_sh_run_1_7":{"__uuid__":"fbeu4CxutN9aVV/DqBK/CJ"},"run_13_sh_ride_shape_1011_sh_run_1_8":{"__uuid__":"425JFb5/ZKj5OU1dx6Ns5O"}}},{"__type__":"cc.SpriteFrame","content":{"name":"run_13_sh_ride_shape_1011_sh_run_1_8","texture":"573hM9y5hNy6MH5oxQhkwq","rect":[281,157,90,154],"offset":[-1,-36],"originalSize":[490,490],"capInsets":[0,0,0,0]}},{"__type__":"cc.SpriteFrame","content":{"name":"run_13_sh_ride_shape_1011_sh_run_1_2","texture":"573hM9y5hNy6MH5oxQhkwq","rect":[189,1,92,152],"offset":[1,-37],"originalSize":[490,490],"capInsets":[0,0,0,0]}},{"__type__":"cc.SpriteFrame","content":{"name":"run_13_sh_ride_shape_1011_sh_run_1_5","texture":"573hM9y5hNy6MH5oxQhkwq","rect":[97,1,90,154],"offset":[0,-34],"originalSize":[490,490],"capInsets":[0,0,0,0]}},{"__type__":"cc.SpriteFrame","content":{"name":"run_13_sh_ride_shape_1011_sh_run_1_6","texture":"573hM9y5hNy6MH5oxQhkwq","rect":[283,1,90,154],"offset":[-1,-34],"originalSize":[490,490],"capInsets":[0,0,0,0]}},{"__type__":"cc.SpriteFrame","content":{"name":"run_13_sh_ride_shape_1011_sh_run_1_3","texture":"573hM9y5hNy6MH5oxQhkwq","rect":[1,1,94,154],"offset":[0,-36],"originalSize":[490,490],"capInsets":[0,0,0,0]}},{"__type__":"cc.SpriteFrame","content":{"name":"run_13_sh_ride_shape_1011_sh_run_1_1","texture":"573hM9y5hNy6MH5oxQhkwq","rect":[1,157,92,154],"offset":[0,-37],"originalSize":[490,490],"capInsets":[0,0,0,0]}},{"__type__":"cc.SpriteFrame","content":{"name":"run_13_sh_ride_shape_1011_sh_run_1_4","texture":"573hM9y5hNy6MH5oxQhkwq","rect":[95,157,92,154],"offset":[0,-35],"originalSize":[490,490],"capInsets":[0,0,0,0]}},{"__type__":"cc.SpriteFrame","content":{"name":"run_13_sh_ride_shape_1011_sh_run_1_7","texture":"573hM9y5hNy6MH5oxQhkwq","rect":[189,155,90,154],"offset":[-1,-35],"originalSize":[490,490],"capInsets":[0,0,0,0]}}]