[{"__type__":"cc.SpriteFrame","content":{"name":"stand_8_part2_wing_5011_stand_8_part2_0004","texture":"bdGf+oIRpKbb+uVzWYijgf","rect":[106,230,56,100],"offset":[-50,71],"originalSize":[500,500],"rotated":1,"capInsets":[0,0,0,0]}},{"__type__":"cc.SpriteFrame","content":{"name":"stand_8_part2_wing_5011_stand_8_part2_0008","texture":"bdGf+oIRpKbb+uVzWYijgf","rect":[114,60,54,110],"offset":[-51,69],"originalSize":[500,500],"rotated":1,"capInsets":[0,0,0,0]}},{"__type__":"cc.SpriteFrame","content":{"name":"stand_8_part2_wing_5011_stand_8_part2_0011","texture":"bdGf+oIRpKbb+uVzWYijgf","rect":[2,60,56,110],"offset":[-50,70],"originalSize":[500,500],"rotated":1,"capInsets":[0,0,0,0]}},{"__type__":"cc.SpriteFrame","content":{"name":"stand_8_part2_wing_5011_stand_8_part2_0002","texture":"bdGf+oIRpKbb+uVzWYijgf","rect":[102,288,58,96],"offset":[-52,74],"originalSize":[500,500],"rotated":1,"capInsets":[0,0,0,0]}},{"__type__":"cc.SpriteFrame","content":{"name":"stand_8_part2_wing_5011_stand_8_part2_0001","texture":"bdGf+oIRpKbb+uVzWYijgf","rect":[2,236,58,98],"offset":[-52,76],"originalSize":[500,500],"rotated":1,"capInsets":[0,0,0,0]}},{"__type__":"cc.SpriteFrame","content":{"name":"stand_8_part2_wing_5011_stand_8_part2_0005","texture":"bdGf+oIRpKbb+uVzWYijgf","rect":[2,178,56,102],"offset":[-51,70],"originalSize":[500,500],"rotated":1,"capInsets":[0,0,0,0]}},{"__type__":"cc.SpriteFrame","content":{"name":"stand_8_part2_wing_5011_stand_8_part2_0009","texture":"bdGf+oIRpKbb+uVzWYijgf","rect":[114,116,54,110],"offset":[-51,69],"originalSize":[500,500],"rotated":1,"capInsets":[0,0,0,0]}},{"__type__":"cc.SpriteAtlas","_name":"stand_8_part2.plist","_spriteFrames":{"stand_8_part2_wing_5011_stand_8_part2_0001":{"__uuid__":"86Npwb8ldLKItB5MP9Dmk0"},"stand_8_part2_wing_5011_stand_8_part2_0002":{"__uuid__":"76OFyn/HRJW5Dgo/kXwWsL"},"stand_8_part2_wing_5011_stand_8_part2_0003":{"__uuid__":"ffhNwJhZJBrbfcb17dOsDy"},"stand_8_part2_wing_5011_stand_8_part2_0004":{"__uuid__":"06L5j7AaRG0oRG4kLUDzUT"},"stand_8_part2_wing_5011_stand_8_part2_0005":{"__uuid__":"94OP6okmFB0IJl5PfEXgPr"},"stand_8_part2_wing_5011_stand_8_part2_0006":{"__uuid__":"c2UWqQDVdGh5qrs2nqYewU"},"stand_8_part2_wing_5011_stand_8_part2_0007":{"__uuid__":"d98H3EmapKOJUF/2TVhBtO"},"stand_8_part2_wing_5011_stand_8_part2_0008":{"__uuid__":"407I6tKC1Gb7t1tbjTapeZ"},"stand_8_part2_wing_5011_stand_8_part2_0009":{"__uuid__":"9dlEvc2cZNw4F2i+9svsGv"},"stand_8_part2_wing_5011_stand_8_part2_0010":{"__uuid__":"e6dns/FndFBq5FgdP0PphZ"},"stand_8_part2_wing_5011_stand_8_part2_0011":{"__uuid__":"49munZ+d1F3KfxU1VBL26M"},"stand_8_part2_wing_5011_stand_8_part2_0012":{"__uuid__":"e4u8XU8RdPWZLHSHVDj4cv"}}},{"__type__":"cc.SpriteFrame","content":{"name":"stand_8_part2_wing_5011_stand_8_part2_0006","texture":"bdGf+oIRpKbb+uVzWYijgf","rect":[112,172,56,106],"offset":[-51,70],"originalSize":[500,500],"rotated":1,"capInsets":[0,0,0,0]}},{"__type__":"cc.SpriteFrame","content":{"name":"stand_8_part2_wing_5011_stand_8_part2_0007","texture":"bdGf+oIRpKbb+uVzWYijgf","rect":[2,2,56,110],"offset":[-51,70],"originalSize":[500,500],"rotated":1,"capInsets":[0,0,0,0]}},{"__type__":"cc.SpriteFrame","content":{"name":"stand_8_part2_wing_5011_stand_8_part2_0012","texture":"bdGf+oIRpKbb+uVzWYijgf","rect":[2,118,58,108],"offset":[-51,71],"originalSize":[500,500],"rotated":1,"capInsets":[0,0,0,0]}},{"__type__":"cc.SpriteFrame","content":{"name":"stand_8_part2_wing_5011_stand_8_part2_0010","texture":"bdGf+oIRpKbb+uVzWYijgf","rect":[114,2,56,110],"offset":[-51,69],"originalSize":[500,500],"rotated":1,"capInsets":[0,0,0,0]}},{"__type__":"cc.SpriteFrame","content":{"name":"stand_8_part2_wing_5011_stand_8_part2_0003","texture":"bdGf+oIRpKbb+uVzWYijgf","rect":[2,296,58,96],"offset":[-51,72],"originalSize":[500,500],"rotated":1,"capInsets":[0,0,0,0]}}]