[{"__type__":"cc.SpriteFrame","content":{"name":"run_1_rd2_ride_ride_9321_rd2_run_1_5","texture":"f0QskYB+ZAwLynotSNWDXb","rect":[351,177,169,212],"offset":[-37,8],"originalSize":[425,400],"capInsets":[0,0,0,0]}},{"__type__":"cc.SpriteFrame","content":{"name":"run_1_rd2_ride_ride_9321_rd2_run_1_4","texture":"f0QskYB+ZAwLynotSNWDXb","rect":[1,1,189,194],"offset":[-38,16],"originalSize":[425,400],"capInsets":[0,0,0,0]}},{"__type__":"cc.SpriteAtlas","_name":"run_1_b.plist","_spriteFrames":{"run_1_rd2_ride_ride_9321_rd2_run_1_1":{"__uuid__":"f5szT1QldDr4JPNd1lKwiN"},"run_1_rd2_ride_ride_9321_rd2_run_1_2":{"__uuid__":"477ztXNAZHNaY5kut7ZYGk"},"run_1_rd2_ride_ride_9321_rd2_run_1_3":{"__uuid__":"efXpZx8xlB0b2wIY7aeBA8"},"run_1_rd2_ride_ride_9321_rd2_run_1_4":{"__uuid__":"1f7mZjELtMJbDElZ+fffNA"},"run_1_rd2_ride_ride_9321_rd2_run_1_5":{"__uuid__":"01AI9B0PVBT77W+1Vlm70+"},"run_1_rd2_ride_ride_9321_rd2_run_1_6":{"__uuid__":"97ogqlW55CnrG5q+sHH0LC"},"run_1_rd2_ride_ride_9321_rd2_run_1_7":{"__uuid__":"d9vzeEO3ZHNbLEiCPtdmm/"},"run_1_rd2_ride_ride_9321_rd2_run_1_8":{"__uuid__":"7c6K7reX9ElqsVl3m+9ZzZ"}}},{"__type__":"cc.SpriteFrame","content":{"name":"run_1_rd2_ride_ride_9321_rd2_run_1_2","texture":"f0QskYB+ZAwLynotSNWDXb","rect":[192,1,179,174],"offset":[-30,11],"originalSize":[425,400],"capInsets":[0,0,0,0]}},{"__type__":"cc.SpriteFrame","content":{"name":"run_1_rd2_ride_ride_9321_rd2_run_1_8","texture":"f0QskYB+ZAwLynotSNWDXb","rect":[184,383,165,116],"offset":[-17,-4],"originalSize":[425,400],"capInsets":[0,0,0,0]}},{"__type__":"cc.SpriteFrame","content":{"name":"run_1_rd2_ride_ride_9321_rd2_run_1_6","texture":"f0QskYB+ZAwLynotSNWDXb","rect":[200,177,135,180],"offset":[-32,4],"originalSize":[425,400],"capInsets":[0,0,0,0]}},{"__type__":"cc.SpriteFrame","content":{"name":"run_1_rd2_ride_ride_9321_rd2_run_1_7","texture":"f0QskYB+ZAwLynotSNWDXb","rect":[373,1,135,142],"offset":[-24,-6],"originalSize":[425,400],"capInsets":[0,0,0,0]}},{"__type__":"cc.SpriteFrame","content":{"name":"run_1_rd2_ride_ride_9321_rd2_run_1_3","texture":"f0QskYB+ZAwLynotSNWDXb","rect":[1,197,197,184],"offset":[-28,21],"originalSize":[425,400],"capInsets":[0,0,0,0]}},{"__type__":"cc.SpriteFrame","content":{"name":"run_1_rd2_ride_ride_9321_rd2_run_1_1","texture":"f0QskYB+ZAwLynotSNWDXb","rect":[1,383,181,140],"offset":[-14,6],"originalSize":[425,400],"capInsets":[0,0,0,0]}}]