[{"__type__":"cc.SpriteFrame","content":{"name":"stand_3_rd1rd2rd3_ride_ride_9211_rd3_stand_3_2","texture":"52zrUd8FZPCpMMQrthnQ1t","rect":[149,71,134,68],"offset":[44,4],"originalSize":[800,800],"capInsets":[0,0,0,0]}},{"__type__":"cc.SpriteFrame","content":{"name":"stand_3_rd1rd2rd3_ride_ride_9211_rd3_stand_3_4","texture":"52zrUd8FZPCpMMQrthnQ1t","rect":[145,199,130,62],"offset":[46,3],"originalSize":[800,800],"capInsets":[0,0,0,0]}},{"__type__":"cc.SpriteFrame","content":{"name":"stand_3_rd1rd2rd3_ride_ride_9211_rd3_stand_3_6","texture":"52zrUd8FZPCpMMQrthnQ1t","rect":[1,181,142,52],"offset":[52,9],"originalSize":[800,800],"capInsets":[0,0,0,0]}},{"__type__":"cc.SpriteFrame","content":{"name":"stand_3_rd1rd2rd3_ride_ride_9211_rd3_stand_3_1","texture":"52zrUd8FZPCpMMQrthnQ1t","rect":[1,113,142,66],"offset":[48,6],"originalSize":[800,800],"capInsets":[0,0,0,0]}},{"__type__":"cc.SpriteFrame","content":{"name":"stand_3_rd1rd2rd3_ride_ride_9211_rd3_stand_3_5","texture":"52zrUd8FZPCpMMQrthnQ1t","rect":[145,141,134,56],"offset":[49,7],"originalSize":[800,800],"capInsets":[0,0,0,0]}},{"__type__":"cc.SpriteFrame","content":{"name":"stand_3_rd1rd2rd3_ride_ride_9211_rd3_stand_3_3","texture":"52zrUd8FZPCpMMQrthnQ1t","rect":[153,1,130,68],"offset":[42,3],"originalSize":[800,800],"capInsets":[0,0,0,0]}},{"__type__":"cc.SpriteAtlas","_name":"stand_3_f1.plist","_spriteFrames":{"stand_3_rd1rd2rd3_ride_ride_9211_rd3_stand_3_1":{"__uuid__":"80bCxfy8xFbpoj5g425T1h"},"stand_3_rd1rd2rd3_ride_ride_9211_rd3_stand_3_2":{"__uuid__":"0cZ0IGW31FJb0m3uiV7cE/"},"stand_3_rd1rd2rd3_ride_ride_9211_rd3_stand_3_3":{"__uuid__":"adXzblDHtJ3pvK1IiVgb/D"},"stand_3_rd1rd2rd3_ride_ride_9211_rd3_stand_3_4":{"__uuid__":"0d9Zba+jJMQ4WrRnaRvLXH"},"stand_3_rd1rd2rd3_ride_ride_9211_rd3_stand_3_5":{"__uuid__":"9famHT7yNL0I5GrKDjBRFQ"},"stand_3_rd1rd2rd3_ride_ride_9211_rd3_stand_3_6":{"__uuid__":"25KSptYz1DPZDgAw+08HPk"},"stand_3_rd1rd2rd3_ride_ride_9211_rd3_stand_3_7":{"__uuid__":"ef4Mr5nrpGrrJt1VY110+h"},"stand_3_rd1rd2rd3_ride_ride_9211_rd3_stand_3_8":{"__uuid__":"e2BZ8/ieJHpKRFnFXIH5QK"}}},{"__type__":"cc.SpriteFrame","content":{"name":"stand_3_rd1rd2rd3_ride_ride_9211_rd3_stand_3_8","texture":"52zrUd8FZPCpMMQrthnQ1t","rect":[1,1,150,56],"offset":[52,9],"originalSize":[800,800],"capInsets":[0,0,0,0]}},{"__type__":"cc.SpriteFrame","content":{"name":"stand_3_rd1rd2rd3_ride_ride_9211_rd3_stand_3_7","texture":"52zrUd8FZPCpMMQrthnQ1t","rect":[1,59,146,52],"offset":[52,9],"originalSize":[800,800],"capInsets":[0,0,0,0]}}]