[{"__type__":"cc.SpriteFrame","content":{"name":"stand_3_part1_wing_5012_stand_3_part1_0002","texture":"37PXGd+9JDRZKu22NOwD88","rect":[2,2,56,92],"offset":[-12,30],"originalSize":[500,500],"rotated":1,"capInsets":[0,0,0,0]}},{"__type__":"cc.SpriteFrame","content":{"name":"stand_3_part1_wing_5012_stand_3_part1_0003","texture":"37PXGd+9JDRZKu22NOwD88","rect":[96,2,56,92],"offset":[-12,29],"originalSize":[500,500],"rotated":1,"capInsets":[0,0,0,0]}},{"__type__":"cc.SpriteFrame","content":{"name":"stand_3_part1_wing_5012_stand_3_part1_0001","texture":"37PXGd+9JDRZKu22NOwD88","rect":[96,60,54,88],"offset":[-11,28],"originalSize":[500,500],"rotated":1,"capInsets":[0,0,0,0]}},{"__type__":"cc.SpriteFrame","content":{"name":"stand_3_part1_wing_5012_stand_3_part1_0011","texture":"37PXGd+9JDRZKu22NOwD88","rect":[88,224,50,82],"offset":[-2,22],"originalSize":[500,500],"rotated":1,"capInsets":[0,0,0,0]}},{"__type__":"cc.SpriteFrame","content":{"name":"stand_3_part1_wing_5012_stand_3_part1_0004","texture":"37PXGd+9JDRZKu22NOwD88","rect":[190,2,56,90],"offset":[-10,26],"originalSize":[500,500],"capInsets":[0,0,0,0]}},{"__type__":"cc.SpriteFrame","content":{"name":"stand_3_part1_wing_5012_stand_3_part1_0005","texture":"37PXGd+9JDRZKu22NOwD88","rect":[2,60,54,92],"offset":[-6,25],"originalSize":[500,500],"rotated":1,"capInsets":[0,0,0,0]}},{"__type__":"cc.SpriteFrame","content":{"name":"stand_3_part1_wing_5012_stand_3_part1_0010","texture":"37PXGd+9JDRZKu22NOwD88","rect":[176,182,70,82],"offset":[-10,23],"originalSize":[500,500],"capInsets":[0,0,0,0]}},{"__type__":"cc.SpriteFrame","content":{"name":"stand_3_part1_wing_5012_stand_3_part1_0009","texture":"37PXGd+9JDRZKu22NOwD88","rect":[90,170,52,84],"offset":[1,24],"originalSize":[500,500],"rotated":1,"capInsets":[0,0,0,0]}},{"__type__":"cc.SpriteAtlas","_name":"stand_3_part1.plist","_spriteFrames":{"stand_3_part1_wing_5012_stand_3_part1_0001":{"__uuid__":"1aSWmb8D5NfoP4cQAcK4EJ"},"stand_3_part1_wing_5012_stand_3_part1_0002":{"__uuid__":"11bkBX0sdM5IfUouJDmChN"},"stand_3_part1_wing_5012_stand_3_part1_0003":{"__uuid__":"12eyYgYIBMTrt0g6nCUMxt"},"stand_3_part1_wing_5012_stand_3_part1_0004":{"__uuid__":"4eangEGqBECq1cWos96ISO"},"stand_3_part1_wing_5012_stand_3_part1_0005":{"__uuid__":"50QVs+p0FPHqSGVBsfxzx6"},"stand_3_part1_wing_5012_stand_3_part1_0006":{"__uuid__":"91Sdd8IbNP6o3K2Dq87V1I"},"stand_3_part1_wing_5012_stand_3_part1_0007":{"__uuid__":"ba+OksQ7FElIw4jUaN0PUn"},"stand_3_part1_wing_5012_stand_3_part1_0008":{"__uuid__":"b36SU8/qNBIaB+EsR7IKfL"},"stand_3_part1_wing_5012_stand_3_part1_0009":{"__uuid__":"7cHNQD0whMO7vmoG4Gtzw9"},"stand_3_part1_wing_5012_stand_3_part1_0010":{"__uuid__":"63wUS8rERBaaEoWUgtl+Ec"},"stand_3_part1_wing_5012_stand_3_part1_0011":{"__uuid__":"418OXscalDbYhKwYsXTcNq"},"stand_3_part1_wing_5012_stand_3_part1_0012":{"__uuid__":"8e3sEp3P1GoJfi0YUg2wYS"}}},{"__type__":"cc.SpriteFrame","content":{"name":"stand_3_part1_wing_5012_stand_3_part1_0012","texture":"37PXGd+9JDRZKu22NOwD88","rect":[2,172,52,84],"offset":[-6,23],"originalSize":[500,500],"rotated":1,"capInsets":[0,0,0,0]}},{"__type__":"cc.SpriteFrame","content":{"name":"stand_3_part1_wing_5012_stand_3_part1_0006","texture":"37PXGd+9JDRZKu22NOwD88","rect":[186,94,56,86],"offset":[0,23],"originalSize":[500,500],"capInsets":[0,0,0,0]}},{"__type__":"cc.SpriteFrame","content":{"name":"stand_3_part1_wing_5012_stand_3_part1_0008","texture":"37PXGd+9JDRZKu22NOwD88","rect":[90,116,52,84],"offset":[3,24],"originalSize":[500,500],"rotated":1,"capInsets":[0,0,0,0]}},{"__type__":"cc.SpriteFrame","content":{"name":"stand_3_part1_wing_5012_stand_3_part1_0007","texture":"37PXGd+9JDRZKu22NOwD88","rect":[2,116,54,86],"offset":[4,25],"originalSize":[500,500],"rotated":1,"capInsets":[0,0,0,0]}}]