[{"__type__":"cc.SpriteFrame","content":{"name":"stand_13_sh_ride_shape_2014_sh_stand_1_1","texture":"05bH7CVhZLTprUAMxOLHix","rect":[203,123,96,122],"offset":[10,-1],"originalSize":[500,500],"capInsets":[0,0,0,0]}},{"__type__":"cc.SpriteFrame","content":{"name":"stand_13_sh_ride_shape_2014_sh_stand_1_4","texture":"05bH7CVhZLTprUAMxOLHix","rect":[101,125,98,122],"offset":[10,0],"originalSize":[500,500],"capInsets":[0,0,0,0]}},{"__type__":"cc.SpriteFrame","content":{"name":"stand_13_sh_ride_shape_2014_sh_stand_1_6","texture":"05bH7CVhZLTprUAMxOLHix","rect":[1,1,100,122],"offset":[9,-1],"originalSize":[500,500],"capInsets":[0,0,0,0]}},{"__type__":"cc.SpriteAtlas","_name":"stand_1.plist","_spriteFrames":{"stand_13_sh_ride_shape_2014_sh_stand_1_1":{"__uuid__":"0dKmYKVdpMzb/M/WAbmQpp"},"stand_13_sh_ride_shape_2014_sh_stand_1_2":{"__uuid__":"86fYaHmPNKqZoOa4EhSJKH"},"stand_13_sh_ride_shape_2014_sh_stand_1_3":{"__uuid__":"ebrylb745AorGZIhfJ7NJu"},"stand_13_sh_ride_shape_2014_sh_stand_1_4":{"__uuid__":"2b0Wulg8BLKoxvkLQBGX/E"},"stand_13_sh_ride_shape_2014_sh_stand_1_5":{"__uuid__":"de54eHX2VIv7MUFfbNsMjz"},"stand_13_sh_ride_shape_2014_sh_stand_1_6":{"__uuid__":"52Vx4vQ0tOiprdBQXegfGT"},"stand_13_sh_ride_shape_2014_sh_stand_1_7":{"__uuid__":"aaZtpHRpRJDIKMFyf57XKs"},"stand_13_sh_ride_shape_2014_sh_stand_1_8":{"__uuid__":"892/4fG9BJB7dtaSELB0TN"}}},{"__type__":"cc.SpriteFrame","content":{"name":"stand_13_sh_ride_shape_2014_sh_stand_1_2","texture":"05bH7CVhZLTprUAMxOLHix","rect":[1,125,98,122],"offset":[9,-1],"originalSize":[500,500],"capInsets":[0,0,0,0]}},{"__type__":"cc.SpriteFrame","content":{"name":"stand_13_sh_ride_shape_2014_sh_stand_1_8","texture":"05bH7CVhZLTprUAMxOLHix","rect":[101,249,98,122],"offset":[10,-1],"originalSize":[500,500],"capInsets":[0,0,0,0]}},{"__type__":"cc.SpriteFrame","content":{"name":"stand_13_sh_ride_shape_2014_sh_stand_1_7","texture":"05bH7CVhZLTprUAMxOLHix","rect":[203,1,98,120],"offset":[10,-2],"originalSize":[500,500],"capInsets":[0,0,0,0]}},{"__type__":"cc.SpriteFrame","content":{"name":"stand_13_sh_ride_shape_2014_sh_stand_1_5","texture":"05bH7CVhZLTprUAMxOLHix","rect":[103,1,98,122],"offset":[10,-1],"originalSize":[500,500],"capInsets":[0,0,0,0]}},{"__type__":"cc.SpriteFrame","content":{"name":"stand_13_sh_ride_shape_2014_sh_stand_1_3","texture":"05bH7CVhZLTprUAMxOLHix","rect":[1,249,98,122],"offset":[10,0],"originalSize":[500,500],"capInsets":[0,0,0,0]}}]