[{"__type__":"cc.SpriteFrame","content":{"name":"run_13_sh_ride_shape_1031_sh_run_3_0005","texture":"60LOXNZeZKuIiETOZPJiZO","rect":[1,263,100,126],"offset":[6,25],"originalSize":[430,430],"capInsets":[0,0,0,0]}},{"__type__":"cc.SpriteAtlas","_name":"run_3.plist","_spriteFrames":{"run_13_sh_ride_shape_1031_sh_run_3_0001":{"__uuid__":"baD8WjWlJOxau/DUX/TJ3+"},"run_13_sh_ride_shape_1031_sh_run_3_0002":{"__uuid__":"c5sTybcZZFfJ3qP/AZjovf"},"run_13_sh_ride_shape_1031_sh_run_3_0003":{"__uuid__":"e5d4BG8aZE7KE2Y8IcJTcT"},"run_13_sh_ride_shape_1031_sh_run_3_0004":{"__uuid__":"9eIu74LsBIg6fQZS4CvUh/"},"run_13_sh_ride_shape_1031_sh_run_3_0005":{"__uuid__":"32sK2k8qdCL6Yw7rSPCX2t"},"run_13_sh_ride_shape_1031_sh_run_3_0006":{"__uuid__":"3fcENIqKZBYYpcOp8u9pN3"},"run_13_sh_ride_shape_1031_sh_run_3_0007":{"__uuid__":"f9EBW0PH5PQJZFyyXCpbS0"},"run_13_sh_ride_shape_1031_sh_run_3_0008":{"__uuid__":"dbchkjvgpJ5bAzoVDRb1N3"}}},{"__type__":"cc.SpriteFrame","content":{"name":"run_13_sh_ride_shape_1031_sh_run_3_0006","texture":"60LOXNZeZKuIiETOZPJiZO","rect":[103,261,98,126],"offset":[8,25],"originalSize":[430,430],"capInsets":[0,0,0,0]}},{"__type__":"cc.SpriteFrame","content":{"name":"run_13_sh_ride_shape_1031_sh_run_3_0004","texture":"60LOXNZeZKuIiETOZPJiZO","rect":[103,131,100,128],"offset":[5,25],"originalSize":[430,430],"capInsets":[0,0,0,0]}},{"__type__":"cc.SpriteFrame","content":{"name":"run_13_sh_ride_shape_1031_sh_run_3_0001","texture":"60LOXNZeZKuIiETOZPJiZO","rect":[205,1,98,130],"offset":[5,25],"originalSize":[430,430],"capInsets":[0,0,0,0]}},{"__type__":"cc.SpriteFrame","content":{"name":"run_13_sh_ride_shape_1031_sh_run_3_0002","texture":"60LOXNZeZKuIiETOZPJiZO","rect":[205,133,96,130],"offset":[4,25],"originalSize":[430,430],"capInsets":[0,0,0,0]}},{"__type__":"cc.SpriteFrame","content":{"name":"run_13_sh_ride_shape_1031_sh_run_3_0008","texture":"60LOXNZeZKuIiETOZPJiZO","rect":[1,131,100,130],"offset":[8,25],"originalSize":[430,430],"capInsets":[0,0,0,0]}},{"__type__":"cc.SpriteFrame","content":{"name":"run_13_sh_ride_shape_1031_sh_run_3_0003","texture":"60LOXNZeZKuIiETOZPJiZO","rect":[105,1,98,128],"offset":[4,24],"originalSize":[430,430],"capInsets":[0,0,0,0]}},{"__type__":"cc.SpriteFrame","content":{"name":"run_13_sh_ride_shape_1031_sh_run_3_0007","texture":"60LOXNZeZKuIiETOZPJiZO","rect":[1,1,102,128],"offset":[8,25],"originalSize":[430,430],"capInsets":[0,0,0,0]}}]