[{"__type__":"cc.SpriteFrame","content":{"name":"stand_1_part1_wing_5013_stand_1_part1_0006","texture":"42zDfiD3lHBbU1ivo6YL77","rect":[2,182,80,92],"offset":[-61,72],"originalSize":[500,500],"rotated":1,"capInsets":[0,0,0,0]}},{"__type__":"cc.SpriteAtlas","_name":"stand_1_part1.plist","_spriteFrames":{"stand_1_part1_wing_5013_stand_1_part1_0001":{"__uuid__":"3cRPLsvMhJKqJ8JcQj/54Z"},"stand_1_part1_wing_5013_stand_1_part1_0002":{"__uuid__":"52vMCzwbFLxKLQ9e5AoUUK"},"stand_1_part1_wing_5013_stand_1_part1_0003":{"__uuid__":"6boz7Ne8xPYJu74X6WEXpT"},"stand_1_part1_wing_5013_stand_1_part1_0004":{"__uuid__":"91qQwtvEtB/IcMgF9x0jCT"},"stand_1_part1_wing_5013_stand_1_part1_0005":{"__uuid__":"2fRkp7ICdI2ZvFpiFCEdvT"},"stand_1_part1_wing_5013_stand_1_part1_0006":{"__uuid__":"03PItoDqJHp50kIU5ifUeD"},"stand_1_part1_wing_5013_stand_1_part1_0007":{"__uuid__":"9dEUyPr+5HepH3nTrj5LLL"},"stand_1_part1_wing_5013_stand_1_part1_0008":{"__uuid__":"47IPMGB51PHp6N2pYKKoCR"},"stand_1_part1_wing_5013_stand_1_part1_0009":{"__uuid__":"cfV64Ot51FZ7c6MOwYPK5a"},"stand_1_part1_wing_5013_stand_1_part1_0010":{"__uuid__":"2csVvTKltAo41kF9bMF0SI"},"stand_1_part1_wing_5013_stand_1_part1_0011":{"__uuid__":"a61TCe2q1Bb6C8Ixt5XkOX"},"stand_1_part1_wing_5013_stand_1_part1_0012":{"__uuid__":"b5Pj2QZydAXKytKirNEXOn"}}},{"__type__":"cc.SpriteFrame","content":{"name":"stand_1_part1_wing_5013_stand_1_part1_0010","texture":"42zDfiD3lHBbU1ivo6YL77","rect":[2,92,94,88],"offset":[-66,68],"originalSize":[500,500],"capInsets":[0,0,0,0]}},{"__type__":"cc.SpriteFrame","content":{"name":"stand_1_part1_wing_5013_stand_1_part1_0005","texture":"42zDfiD3lHBbU1ivo6YL77","rect":[2,264,86,82],"offset":[-63,69],"originalSize":[500,500],"capInsets":[0,0,0,0]}},{"__type__":"cc.SpriteFrame","content":{"name":"stand_1_part1_wing_5013_stand_1_part1_0001","texture":"42zDfiD3lHBbU1ivo6YL77","rect":[86,434,78,74],"offset":[-58,57],"originalSize":[500,500],"capInsets":[0,0,0,0]}},{"__type__":"cc.SpriteFrame","content":{"name":"stand_1_part1_wing_5013_stand_1_part1_0008","texture":"42zDfiD3lHBbU1ivo6YL77","rect":[98,98,82,94],"offset":[-62,76],"originalSize":[500,500],"rotated":1,"capInsets":[0,0,0,0]}},{"__type__":"cc.SpriteFrame","content":{"name":"stand_1_part1_wing_5013_stand_1_part1_0002","texture":"42zDfiD3lHBbU1ivo6YL77","rect":[88,348,72,80],"offset":[-57,60],"originalSize":[500,500],"capInsets":[0,0,0,0]}},{"__type__":"cc.SpriteFrame","content":{"name":"stand_1_part1_wing_5013_stand_1_part1_0003","texture":"42zDfiD3lHBbU1ivo6YL77","rect":[90,266,74,78],"offset":[-58,59],"originalSize":[500,500],"capInsets":[0,0,0,0]}},{"__type__":"cc.SpriteFrame","content":{"name":"stand_1_part1_wing_5013_stand_1_part1_0004","texture":"42zDfiD3lHBbU1ivo6YL77","rect":[2,348,84,84],"offset":[-62,64],"originalSize":[500,500],"capInsets":[0,0,0,0]}},{"__type__":"cc.SpriteFrame","content":{"name":"stand_1_part1_wing_5013_stand_1_part1_0007","texture":"42zDfiD3lHBbU1ivo6YL77","rect":[2,2,88,100],"offset":[-60,79],"originalSize":[500,500],"rotated":1,"capInsets":[0,0,0,0]}},{"__type__":"cc.SpriteFrame","content":{"name":"stand_1_part1_wing_5013_stand_1_part1_0011","texture":"42zDfiD3lHBbU1ivo6YL77","rect":[96,182,82,88],"offset":[-62,62],"originalSize":[500,500],"rotated":1,"capInsets":[0,0,0,0]}},{"__type__":"cc.SpriteFrame","content":{"name":"stand_1_part1_wing_5013_stand_1_part1_0012","texture":"42zDfiD3lHBbU1ivo6YL77","rect":[2,434,76,82],"offset":[-59,61],"originalSize":[500,500],"rotated":1,"capInsets":[0,0,0,0]}},{"__type__":"cc.SpriteFrame","content":{"name":"stand_1_part1_wing_5013_stand_1_part1_0009","texture":"42zDfiD3lHBbU1ivo6YL77","rect":[104,2,94,94],"offset":[-64,71],"originalSize":[500,500],"capInsets":[0,0,0,0]}}]