[{"__type__":"cc.SpriteFrame","content":{"name":"run_1_rd1rd2_ride_ride_9231_rd2_run_1_3","texture":"ddV+rAShREEYW/FijM9MSg","rect":[277,1,266,214],"offset":[-27,81],"originalSize":[424,424],"capInsets":[0,0,0,0]}},{"__type__":"cc.SpriteFrame","content":{"name":"run_1_rd1rd2_ride_ride_9231_rd2_run_1_5","texture":"ddV+rAShREEYW/FijM9MSg","rect":[1,437,242,220],"offset":[-12,84],"originalSize":[424,424],"capInsets":[0,0,0,0]}},{"__type__":"cc.SpriteFrame","content":{"name":"run_1_rd1rd2_ride_ride_9231_rd2_run_1_1","texture":"ddV+rAShREEYW/FijM9MSg","rect":[541,217,190,214],"offset":[-54,81],"originalSize":[424,424],"capInsets":[0,0,0,0]}},{"__type__":"cc.SpriteAtlas","_name":"run_1_b.plist","_spriteFrames":{"run_1_rd1rd2_ride_ride_9231_rd2_run_1_1":{"__uuid__":"65QSAW6B9Bjat2GgtsY5Fw"},"run_1_rd1rd2_ride_ride_9231_rd2_run_1_2":{"__uuid__":"afi4kt7iFK0ILP5In+FWS1"},"run_1_rd1rd2_ride_ride_9231_rd2_run_1_3":{"__uuid__":"53th9QVL5ErYh+zw49ApYT"},"run_1_rd1rd2_ride_ride_9231_rd2_run_1_4":{"__uuid__":"96Cemblt5HkJwVZ3OPM5Gr"},"run_1_rd1rd2_ride_ride_9231_rd2_run_1_5":{"__uuid__":"629yA++ctAloi0xuDDOb8o"},"run_1_rd1rd2_ride_ride_9231_rd2_run_1_6":{"__uuid__":"c5lpG8ZP5AbLkMoiye6QGO"},"run_1_rd1rd2_ride_ride_9231_rd2_run_1_7":{"__uuid__":"8eHnvJyntGQ49NbM/vRIZ0"},"run_1_rd1rd2_ride_ride_9231_rd2_run_1_8":{"__uuid__":"a8NoABOVNNAb4PqM20kGNT"}}},{"__type__":"cc.SpriteFrame","content":{"name":"run_1_rd1rd2_ride_ride_9231_rd2_run_1_7","texture":"ddV+rAShREEYW/FijM9MSg","rect":[491,435,242,214],"offset":[-15,81],"originalSize":[424,424],"capInsets":[0,0,0,0]}},{"__type__":"cc.SpriteFrame","content":{"name":"run_1_rd1rd2_ride_ride_9231_rd2_run_1_4","texture":"ddV+rAShREEYW/FijM9MSg","rect":[1,1,274,216],"offset":[-30,82],"originalSize":[424,424],"capInsets":[0,0,0,0]}},{"__type__":"cc.SpriteFrame","content":{"name":"run_1_rd1rd2_ride_ride_9231_rd2_run_1_8","texture":"ddV+rAShREEYW/FijM9MSg","rect":[245,437,244,214],"offset":[-17,81],"originalSize":[424,424],"capInsets":[0,0,0,0]}},{"__type__":"cc.SpriteFrame","content":{"name":"run_1_rd1rd2_ride_ride_9231_rd2_run_1_2","texture":"ddV+rAShREEYW/FijM9MSg","rect":[277,217,262,216],"offset":[-26,82],"originalSize":[424,424],"capInsets":[0,0,0,0]}},{"__type__":"cc.SpriteFrame","content":{"name":"run_1_rd1rd2_ride_ride_9231_rd2_run_1_6","texture":"ddV+rAShREEYW/FijM9MSg","rect":[1,219,244,216],"offset":[-13,82],"originalSize":[424,424],"capInsets":[0,0,0,0]}}]