[{"__type__":"cc.SpriteFrame","content":{"name":"stand_8_part1_wing_5014_stand_8_part1_0005","texture":"16HKYtQ+NGlZMuqDcRPPTk","rect":[2,402,74,100],"offset":[-51,31],"originalSize":[500,500],"capInsets":[0,0,0,0]}},{"__type__":"cc.SpriteFrame","content":{"name":"stand_8_part1_wing_5014_stand_8_part1_0010","texture":"16HKYtQ+NGlZMuqDcRPPTk","rect":[140,2,72,110],"offset":[-52,35],"originalSize":[500,500],"rotated":1,"capInsets":[0,0,0,0]}},{"__type__":"cc.SpriteFrame","content":{"name":"stand_8_part1_wing_5014_stand_8_part1_0011","texture":"16HKYtQ+NGlZMuqDcRPPTk","rect":[2,112,72,116],"offset":[-52,38],"originalSize":[500,500],"rotated":1,"capInsets":[0,0,0,0]}},{"__type__":"cc.SpriteAtlas","_name":"stand_8_part1.plist","_spriteFrames":{"stand_8_part1_wing_5014_stand_8_part1_0001":{"__uuid__":"7dHSrpTWdHiaENORRLVT5N"},"stand_8_part1_wing_5014_stand_8_part1_0002":{"__uuid__":"79DF2MQ1VNya2000b9iT9l"},"stand_8_part1_wing_5014_stand_8_part1_0003":{"__uuid__":"da/XJc49ZGlrBX7uhny+Wn"},"stand_8_part1_wing_5014_stand_8_part1_0004":{"__uuid__":"88YbEq8tpFkpPTQWNLHzh2"},"stand_8_part1_wing_5014_stand_8_part1_0005":{"__uuid__":"00txmyhRtP+YHCOI6xklkL"},"stand_8_part1_wing_5014_stand_8_part1_0006":{"__uuid__":"fc+ALTMQZIx4KuhG2fsIT3"},"stand_8_part1_wing_5014_stand_8_part1_0007":{"__uuid__":"f8woKRrTxDLbSIyEOKaZRe"},"stand_8_part1_wing_5014_stand_8_part1_0008":{"__uuid__":"91uc+woWtAPYL6dC2o5dsV"},"stand_8_part1_wing_5014_stand_8_part1_0009":{"__uuid__":"ffMUMjbOVKmJzU2sTKq3gL"},"stand_8_part1_wing_5014_stand_8_part1_0010":{"__uuid__":"25iLh3SCNOLpLMAksWww2v"},"stand_8_part1_wing_5014_stand_8_part1_0011":{"__uuid__":"27+wnHvLpOj6+Bl07MIQ9s"},"stand_8_part1_wing_5014_stand_8_part1_0012":{"__uuid__":"9eKV0boetA0ZXqoQjDFc00"}}},{"__type__":"cc.SpriteFrame","content":{"name":"stand_8_part1_wing_5014_stand_8_part1_0002","texture":"16HKYtQ+NGlZMuqDcRPPTk","rect":[2,276,56,104],"offset":[-41,31],"originalSize":[500,500],"rotated":1,"capInsets":[0,0,0,0]}},{"__type__":"cc.SpriteFrame","content":{"name":"stand_8_part1_wing_5014_stand_8_part1_0001","texture":"16HKYtQ+NGlZMuqDcRPPTk","rect":[2,2,136,108],"offset":[-84,33],"originalSize":[500,500],"capInsets":[0,0,0,0]}},{"__type__":"cc.SpriteFrame","content":{"name":"stand_8_part1_wing_5014_stand_8_part1_0004","texture":"16HKYtQ+NGlZMuqDcRPPTk","rect":[78,402,80,98],"offset":[-39,29],"originalSize":[500,500],"capInsets":[0,0,0,0]}},{"__type__":"cc.SpriteFrame","content":{"name":"stand_8_part1_wing_5014_stand_8_part1_0008","texture":"16HKYtQ+NGlZMuqDcRPPTk","rect":[108,224,78,104],"offset":[-55,35],"originalSize":[500,500],"rotated":1,"capInsets":[0,0,0,0]}},{"__type__":"cc.SpriteFrame","content":{"name":"stand_8_part1_wing_5014_stand_8_part1_0012","texture":"16HKYtQ+NGlZMuqDcRPPTk","rect":[140,76,72,108],"offset":[-52,33],"originalSize":[500,500],"rotated":1,"capInsets":[0,0,0,0]}},{"__type__":"cc.SpriteFrame","content":{"name":"stand_8_part1_wing_5014_stand_8_part1_0003","texture":"16HKYtQ+NGlZMuqDcRPPTk","rect":[2,334,66,102],"offset":[-38,30],"originalSize":[500,500],"rotated":1,"capInsets":[0,0,0,0]}},{"__type__":"cc.SpriteFrame","content":{"name":"stand_8_part1_wing_5014_stand_8_part1_0007","texture":"16HKYtQ+NGlZMuqDcRPPTk","rect":[2,186,88,104],"offset":[-51,35],"originalSize":[500,500],"rotated":1,"capInsets":[0,0,0,0]}},{"__type__":"cc.SpriteFrame","content":{"name":"stand_8_part1_wing_5014_stand_8_part1_0006","texture":"16HKYtQ+NGlZMuqDcRPPTk","rect":[108,304,82,102],"offset":[-52,34],"originalSize":[500,500],"rotated":1,"capInsets":[0,0,0,0]}},{"__type__":"cc.SpriteFrame","content":{"name":"stand_8_part1_wing_5014_stand_8_part1_0009","texture":"16HKYtQ+NGlZMuqDcRPPTk","rect":[120,150,72,106],"offset":[-52,35],"originalSize":[500,500],"rotated":1,"capInsets":[0,0,0,0]}}]