[{"__type__":"cc.SpriteFrame","content":{"name":"run_3_rd1_ride_ride_9321_rd1_run_3_8","texture":"96T9LMwpxG/r1RzzzIAxKi","rect":[359,287,122,150],"offset":[70,-74],"originalSize":[500,500],"capInsets":[0,0,0,0]}},{"__type__":"cc.SpriteFrame","content":{"name":"run_3_rd1_ride_ride_9321_rd1_run_3_1","texture":"96T9LMwpxG/r1RzzzIAxKi","rect":[345,1,134,144],"offset":[75,-62],"originalSize":[500,500],"capInsets":[0,0,0,0]}},{"__type__":"cc.SpriteFrame","content":{"name":"run_3_rd1_ride_ride_9321_rd1_run_3_5","texture":"96T9LMwpxG/r1RzzzIAxKi","rect":[143,1,200,132],"offset":[67,-46],"originalSize":[500,500],"capInsets":[0,0,0,0]}},{"__type__":"cc.SpriteFrame","content":{"name":"run_3_rd1_ride_ride_9321_rd1_run_3_6","texture":"96T9LMwpxG/r1RzzzIAxKi","rect":[1,1,140,120],"offset":[69,-69],"originalSize":[500,500],"capInsets":[0,0,0,0]}},{"__type__":"cc.SpriteFrame","content":{"name":"run_3_rd1_ride_ride_9321_rd1_run_3_7","texture":"96T9LMwpxG/r1RzzzIAxKi","rect":[187,287,170,144],"offset":[44,-78],"originalSize":[500,500],"capInsets":[0,0,0,0]}},{"__type__":"cc.SpriteFrame","content":{"name":"run_3_rd1_ride_ride_9321_rd1_run_3_2","texture":"96T9LMwpxG/r1RzzzIAxKi","rect":[203,147,162,138],"offset":[82,-51],"originalSize":[500,500],"capInsets":[0,0,0,0]}},{"__type__":"cc.SpriteAtlas","_name":"run_3_f.plist","_spriteFrames":{"run_3_rd1_ride_ride_9321_rd1_run_3_1":{"__uuid__":"363G6PohNErYskmcHD/PlC"},"run_3_rd1_ride_ride_9321_rd1_run_3_2":{"__uuid__":"b4JKoE2jBOh7TqCXBmd1xN"},"run_3_rd1_ride_ride_9321_rd1_run_3_3":{"__uuid__":"f6aUG85M5M1rJecH3Rgtpq"},"run_3_rd1_ride_ride_9321_rd1_run_3_4":{"__uuid__":"d6OY0KoW5Im7JU1HDt+GB6"},"run_3_rd1_ride_ride_9321_rd1_run_3_5":{"__uuid__":"64tPLOi2VITKgwT2/zvdd9"},"run_3_rd1_ride_ride_9321_rd1_run_3_6":{"__uuid__":"99T7tqZZdHf6v02rDagDY0"},"run_3_rd1_ride_ride_9321_rd1_run_3_7":{"__uuid__":"a9ocjdDgpLwqv/jGkwcA3g"},"run_3_rd1_ride_ride_9321_rd1_run_3_8":{"__uuid__":"05CXM0tJJFQJEON3FsOSqJ"}}},{"__type__":"cc.SpriteFrame","content":{"name":"run_3_rd1_ride_ride_9321_rd1_run_3_4","texture":"96T9LMwpxG/r1RzzzIAxKi","rect":[1,135,200,134],"offset":[78,-39],"originalSize":[500,500],"capInsets":[0,0,0,0]}},{"__type__":"cc.SpriteFrame","content":{"name":"run_3_rd1_ride_ride_9321_rd1_run_3_3","texture":"96T9LMwpxG/r1RzzzIAxKi","rect":[1,271,184,138],"offset":[80,-39],"originalSize":[500,500],"capInsets":[0,0,0,0]}}]