[{"__type__":"cc.SpriteFrame","content":{"name":"stand_3_part2_wing_5016_stand_3_part2_0010","texture":"92GRzBnMlGKpvvehXJ0LKr","rect":[2,106,84,100],"offset":[57,58],"originalSize":[500,500],"capInsets":[0,0,0,0]}},{"__type__":"cc.SpriteFrame","content":{"name":"stand_3_part2_wing_5016_stand_3_part2_0009","texture":"92GRzBnMlGKpvvehXJ0LKr","rect":[90,2,86,96],"offset":[57,60],"originalSize":[500,500],"capInsets":[0,0,0,0]}},{"__type__":"cc.SpriteFrame","content":{"name":"stand_3_part2_wing_5016_stand_3_part2_0007","texture":"92GRzBnMlGKpvvehXJ0LKr","rect":[2,308,92,94],"offset":[60,62],"originalSize":[500,500],"capInsets":[0,0,0,0]}},{"__type__":"cc.SpriteFrame","content":{"name":"stand_3_part2_wing_5016_stand_3_part2_0008","texture":"92GRzBnMlGKpvvehXJ0LKr","rect":[274,2,90,94],"offset":[60,63],"originalSize":[500,500],"rotated":1,"capInsets":[0,0,0,0]}},{"__type__":"cc.SpriteFrame","content":{"name":"stand_3_part2_wing_5016_stand_3_part2_0006","texture":"92GRzBnMlGKpvvehXJ0LKr","rect":[88,106,96,94],"offset":[62,61],"originalSize":[500,500],"rotated":1,"capInsets":[0,0,0,0]}},{"__type__":"cc.SpriteFrame","content":{"name":"stand_3_part2_wing_5016_stand_3_part2_0002","texture":"92GRzBnMlGKpvvehXJ0LKr","rect":[2,404,94,92],"offset":[61,61],"originalSize":[500,500],"rotated":1,"capInsets":[0,0,0,0]}},{"__type__":"cc.SpriteFrame","content":{"name":"stand_3_part2_wing_5016_stand_3_part2_0000","texture":"92GRzBnMlGKpvvehXJ0LKr","rect":[274,94,90,90],"offset":[59,61],"originalSize":[500,500],"capInsets":[0,0,0,0]}},{"__type__":"cc.SpriteFrame","content":{"name":"stand_3_part2_wing_5016_stand_3_part2_0005","texture":"92GRzBnMlGKpvvehXJ0LKr","rect":[178,2,94,94],"offset":[61,61],"originalSize":[500,500],"capInsets":[0,0,0,0]}},{"__type__":"cc.SpriteFrame","content":{"name":"stand_3_part2_wing_5016_stand_3_part2_0011","texture":"92GRzBnMlGKpvvehXJ0LKr","rect":[2,2,86,102],"offset":[57,60],"originalSize":[500,500],"capInsets":[0,0,0,0]}},{"__type__":"cc.SpriteAtlas","_name":"stand_3_part2.plist","_spriteFrames":{"stand_3_part2_wing_5016_stand_3_part2_0000":{"__uuid__":"53PYvGkCpCnL0uHOPqlH9M"},"stand_3_part2_wing_5016_stand_3_part2_0001":{"__uuid__":"dbaEMcKahNBr3fqk5jNLgd"},"stand_3_part2_wing_5016_stand_3_part2_0002":{"__uuid__":"4fYrrejTZOGqlv9dpIMHPi"},"stand_3_part2_wing_5016_stand_3_part2_0003":{"__uuid__":"96fZ8x+A1Ok5VSpDhwczsQ"},"stand_3_part2_wing_5016_stand_3_part2_0004":{"__uuid__":"f9hH9y2sBMCq+YLGji5RrH"},"stand_3_part2_wing_5016_stand_3_part2_0005":{"__uuid__":"7aAdfArBxFMrg62ughLX9u"},"stand_3_part2_wing_5016_stand_3_part2_0006":{"__uuid__":"4e6O7iCsdFZZxXni26ne6B"},"stand_3_part2_wing_5016_stand_3_part2_0007":{"__uuid__":"1bJJvuoElGJo2Z+i4Yf4tZ"},"stand_3_part2_wing_5016_stand_3_part2_0008":{"__uuid__":"38j4GsGS5J46puSMIxtI8B"},"stand_3_part2_wing_5016_stand_3_part2_0009":{"__uuid__":"16I85+oApLb66Xq1myKKIG"},"stand_3_part2_wing_5016_stand_3_part2_0010":{"__uuid__":"0cmMRopuNJPKbeAvhbY7G/"},"stand_3_part2_wing_5016_stand_3_part2_0011":{"__uuid__":"84ehv4c1ZKvrS/M1iNPx67"}}},{"__type__":"cc.SpriteFrame","content":{"name":"stand_3_part2_wing_5016_stand_3_part2_0003","texture":"92GRzBnMlGKpvvehXJ0LKr","rect":[2,208,98,92],"offset":[60,61],"originalSize":[500,500],"rotated":1,"capInsets":[0,0,0,0]}},{"__type__":"cc.SpriteFrame","content":{"name":"stand_3_part2_wing_5016_stand_3_part2_0001","texture":"92GRzBnMlGKpvvehXJ0LKr","rect":[370,2,94,88],"offset":[60,61],"originalSize":[500,500],"capInsets":[0,0,0,0]}},{"__type__":"cc.SpriteFrame","content":{"name":"stand_3_part2_wing_5016_stand_3_part2_0004","texture":"92GRzBnMlGKpvvehXJ0LKr","rect":[370,92,86,92],"offset":[56,61],"originalSize":[500,500],"rotated":1,"capInsets":[0,0,0,0]}}]