[{"__type__":"cc.SpriteFrame","content":{"name":"run_3_rd1_ride_ride_9141_rd1_run_3_1","texture":"96fR/CzyJDBoZ8MttaOzlZ","rect":[2,170,138,166],"offset":[62,-7],"originalSize":[500,500],"capInsets":[0,0,0,0]}},{"__type__":"cc.SpriteAtlas","_name":"run_3_f.plist","_spriteFrames":{"run_3_rd1_ride_ride_9141_rd1_run_3_1":{"__uuid__":"2aYilNhm5Pm43EJi6wa6bE"},"run_3_rd1_ride_ride_9141_rd1_run_3_2":{"__uuid__":"7bcS/IheFE6qkhqHw3D4se"},"run_3_rd1_ride_ride_9141_rd1_run_3_3":{"__uuid__":"b0z93NJDNIg5UCQog66S6j"},"run_3_rd1_ride_ride_9141_rd1_run_3_4":{"__uuid__":"f7ZFD6fhxNm6UxApmawiEf"},"run_3_rd1_ride_ride_9141_rd1_run_3_5":{"__uuid__":"a13ssV7NVJNIcI3LqMbPqg"},"run_3_rd1_ride_ride_9141_rd1_run_3_6":{"__uuid__":"e1MOpl04dL74Wm0Dgo4L6m"},"run_3_rd1_ride_ride_9141_rd1_run_3_7":{"__uuid__":"4cRIEVmChL2JeorZC/+gGi"},"run_3_rd1_ride_ride_9141_rd1_run_3_8":{"__uuid__":"9eBgzJpkFLeb9ZCx+fd+V5"}}},{"__type__":"cc.SpriteFrame","content":{"name":"run_3_rd1_ride_ride_9141_rd1_run_3_7","texture":"96fR/CzyJDBoZ8MttaOzlZ","rect":[142,170,160,158],"offset":[71,-7],"originalSize":[500,500],"rotated":1,"capInsets":[0,0,0,0]}},{"__type__":"cc.SpriteFrame","content":{"name":"run_3_rd1_ride_ride_9141_rd1_run_3_2","texture":"96fR/CzyJDBoZ8MttaOzlZ","rect":[158,2,158,156],"offset":[58,-4],"originalSize":[500,500],"rotated":1,"capInsets":[0,0,0,0]}},{"__type__":"cc.SpriteFrame","content":{"name":"run_3_rd1_ride_ride_9141_rd1_run_3_8","texture":"96fR/CzyJDBoZ8MttaOzlZ","rect":[302,162,148,158],"offset":[72,-6],"originalSize":[500,500],"capInsets":[0,0,0,0]}},{"__type__":"cc.SpriteFrame","content":{"name":"run_3_rd1_ride_ride_9141_rd1_run_3_5","texture":"96fR/CzyJDBoZ8MttaOzlZ","rect":[2,2,154,166],"offset":[63,-11],"originalSize":[500,500],"capInsets":[0,0,0,0]}},{"__type__":"cc.SpriteFrame","content":{"name":"run_3_rd1_ride_ride_9141_rd1_run_3_3","texture":"96fR/CzyJDBoZ8MttaOzlZ","rect":[164,332,158,154],"offset":[65,-5],"originalSize":[500,500],"rotated":1,"capInsets":[0,0,0,0]}},{"__type__":"cc.SpriteFrame","content":{"name":"run_3_rd1_ride_ride_9141_rd1_run_3_6","texture":"96fR/CzyJDBoZ8MttaOzlZ","rect":[2,338,164,160],"offset":[68,-11],"originalSize":[500,500],"rotated":1,"capInsets":[0,0,0,0]}},{"__type__":"cc.SpriteFrame","content":{"name":"run_3_rd1_ride_ride_9141_rd1_run_3_4","texture":"96fR/CzyJDBoZ8MttaOzlZ","rect":[316,2,154,154],"offset":[68,-6],"originalSize":[500,500],"capInsets":[0,0,0,0]}}]