[{"__type__":"cc.SpriteFrame","content":{"name":"run_1_rd1_ride_ride_9311_rd1_run_1_1","texture":"ceM/+SJWhC6b6TNKyKs+T4","rect":[2,2,160,176],"offset":[24,-11],"originalSize":[500,500],"capInsets":[0,0,0,0]}},{"__type__":"cc.SpriteFrame","content":{"name":"run_1_rd1_ride_ride_9311_rd1_run_1_6","texture":"ceM/+SJWhC6b6TNKyKs+T4","rect":[176,172,148,142],"offset":[22,19],"originalSize":[500,500],"capInsets":[0,0,0,0]}},{"__type__":"cc.SpriteFrame","content":{"name":"run_1_rd1_ride_ride_9311_rd1_run_1_2","texture":"ceM/+SJWhC6b6TNKyKs+T4","rect":[2,180,172,172],"offset":[29,-3],"originalSize":[500,500],"capInsets":[0,0,0,0]}},{"__type__":"cc.SpriteAtlas","_name":"run_1_f.plist","_spriteFrames":{"run_1_rd1_ride_ride_9311_rd1_run_1_1":{"__uuid__":"05OIACBGFDs7zw1qXnuJrC"},"run_1_rd1_ride_ride_9311_rd1_run_1_2":{"__uuid__":"23gxH9UrVI94FszrqpaCAt"},"run_1_rd1_ride_ride_9311_rd1_run_1_3":{"__uuid__":"c54b/BecZG7rShh9ZWn4hV"},"run_1_rd1_ride_ride_9311_rd1_run_1_4":{"__uuid__":"e3wlF+3FNHEKRUhipxYIUn"},"run_1_rd1_ride_ride_9311_rd1_run_1_5":{"__uuid__":"cfIq5PWbJCAohgZ+GO4Z8j"},"run_1_rd1_ride_ride_9311_rd1_run_1_6":{"__uuid__":"21BCYB579L0Izz5vYcFYQR"},"run_1_rd1_ride_ride_9311_rd1_run_1_7":{"__uuid__":"aasSl8MMdK2KgshKvW9Yu3"},"run_1_rd1_ride_ride_9311_rd1_run_1_8":{"__uuid__":"78/iWIFc5Ib7UhzbJScjrm"}}},{"__type__":"cc.SpriteFrame","content":{"name":"run_1_rd1_ride_ride_9311_rd1_run_1_8","texture":"ceM/+SJWhC6b6TNKyKs+T4","rect":[154,354,154,168],"offset":[24,-2],"originalSize":[500,500],"rotated":1,"capInsets":[0,0,0,0]}},{"__type__":"cc.SpriteFrame","content":{"name":"run_1_rd1_ride_ride_9311_rd1_run_1_7","texture":"ceM/+SJWhC6b6TNKyKs+T4","rect":[2,354,150,156],"offset":[24,8],"originalSize":[500,500],"capInsets":[0,0,0,0]}},{"__type__":"cc.SpriteFrame","content":{"name":"run_1_rd1_ride_ride_9311_rd1_run_1_3","texture":"ceM/+SJWhC6b6TNKyKs+T4","rect":[164,2,166,168],"offset":[23,4],"originalSize":[500,500],"capInsets":[0,0,0,0]}},{"__type__":"cc.SpriteFrame","content":{"name":"run_1_rd1_ride_ride_9311_rd1_run_1_5","texture":"ceM/+SJWhC6b6TNKyKs+T4","rect":[332,156,146,148],"offset":[23,16],"originalSize":[500,500],"rotated":1,"capInsets":[0,0,0,0]}},{"__type__":"cc.SpriteFrame","content":{"name":"run_1_rd1_ride_ride_9311_rd1_run_1_4","texture":"ceM/+SJWhC6b6TNKyKs+T4","rect":[332,2,152,158],"offset":[25,10],"originalSize":[500,500],"rotated":1,"capInsets":[0,0,0,0]}}]