[{"__type__":"cc.SpriteFrame","content":{"name":"stand_3_rd1rd2_ride_ride_9431_rd2_stand_3_5","texture":"b5UCdxMAlKF77RJHv1FGdm","rect":[473,519,210,248],"offset":[-4,79],"originalSize":[500,500],"capInsets":[0,0,0,0]}},{"__type__":"cc.SpriteFrame","content":{"name":"stand_3_rd1rd2_ride_ride_9431_rd2_stand_3_7","texture":"b5UCdxMAlKF77RJHv1FGdm","rect":[1,1,244,252],"offset":[11,79],"originalSize":[500,500],"capInsets":[0,0,0,0]}},{"__type__":"cc.SpriteAtlas","_name":"stand_3_b.plist","_spriteFrames":{"stand_3_rd1rd2_ride_ride_9431_rd2_stand_3_1":{"__uuid__":"61byrzfYJMoLveYdKGszjh"},"stand_3_rd1rd2_ride_ride_9431_rd2_stand_3_2":{"__uuid__":"bde3KBftRIKJr9vKPXcfkq"},"stand_3_rd1rd2_ride_ride_9431_rd2_stand_3_3":{"__uuid__":"e8XUQoZORCGofwtNL7Aj8Q"},"stand_3_rd1rd2_ride_ride_9431_rd2_stand_3_4":{"__uuid__":"7758uA039Lz6vqvSAlBn2E"},"stand_3_rd1rd2_ride_ride_9431_rd2_stand_3_5":{"__uuid__":"06qKxrKUNIdZKEnxboaVMM"},"stand_3_rd1rd2_ride_ride_9431_rd2_stand_3_6":{"__uuid__":"77qpLHy9NFCqCfBJfhMEBj"},"stand_3_rd1rd2_ride_ride_9431_rd2_stand_3_7":{"__uuid__":"40t9f1Ll1Og6r/GmEyQ6+X"},"stand_3_rd1rd2_ride_ride_9431_rd2_stand_3_8":{"__uuid__":"bbeVG0DKFNM5E5A8f7jZQT"}}},{"__type__":"cc.SpriteFrame","content":{"name":"stand_3_rd1rd2_ride_ride_9431_rd2_stand_3_1","texture":"b5UCdxMAlKF77RJHv1FGdm","rect":[449,1,212,258],"offset":[-7,72],"originalSize":[500,500],"capInsets":[0,0,0,0]}},{"__type__":"cc.SpriteFrame","content":{"name":"stand_3_rd1rd2_ride_ride_9431_rd2_stand_3_6","texture":"b5UCdxMAlKF77RJHv1FGdm","rect":[1,521,228,248],"offset":[5,79],"originalSize":[500,500],"capInsets":[0,0,0,0]}},{"__type__":"cc.SpriteFrame","content":{"name":"stand_3_rd1rd2_ride_ride_9431_rd2_stand_3_4","texture":"b5UCdxMAlKF77RJHv1FGdm","rect":[247,1,200,266],"offset":[-9,69],"originalSize":[500,500],"capInsets":[0,0,0,0]}},{"__type__":"cc.SpriteFrame","content":{"name":"stand_3_rd1rd2_ride_ride_9431_rd2_stand_3_8","texture":"b5UCdxMAlKF77RJHv1FGdm","rect":[473,261,198,256],"offset":[-13,75],"originalSize":[500,500],"capInsets":[0,0,0,0]}},{"__type__":"cc.SpriteFrame","content":{"name":"stand_3_rd1rd2_ride_ride_9431_rd2_stand_3_2","texture":"b5UCdxMAlKF77RJHv1FGdm","rect":[243,269,228,262],"offset":[2,70],"originalSize":[500,500],"capInsets":[0,0,0,0]}},{"__type__":"cc.SpriteFrame","content":{"name":"stand_3_rd1rd2_ride_ride_9431_rd2_stand_3_3","texture":"b5UCdxMAlKF77RJHv1FGdm","rect":[1,255,240,264],"offset":[11,69],"originalSize":[500,500],"capInsets":[0,0,0,0]}}]