[{"__type__":"cc.SpriteFrame","content":{"name":"stand_5_part2_wing_5002_stand_5_part2_0004","texture":"cf6ZDZwo5CU4RdmWC4het2","rect":[190,76,74,52],"offset":[40,71],"originalSize":[470,470],"rotated":1,"capInsets":[0,0,0,0]}},{"__type__":"cc.SpriteFrame","content":{"name":"stand_5_part2_wing_5002_stand_5_part2_0011","texture":"cf6ZDZwo5CU4RdmWC4het2","rect":[2,82,74,74],"offset":[41,68],"originalSize":[470,470],"capInsets":[0,0,0,0]}},{"__type__":"cc.SpriteFrame","content":{"name":"stand_5_part2_wing_5002_stand_5_part2_0001","texture":"cf6ZDZwo5CU4RdmWC4het2","rect":[78,76,76,54],"offset":[41,72],"originalSize":[470,470],"rotated":1,"capInsets":[0,0,0,0]}},{"__type__":"cc.SpriteFrame","content":{"name":"stand_5_part2_wing_5002_stand_5_part2_0010","texture":"cf6ZDZwo5CU4RdmWC4het2","rect":[2,2,74,78],"offset":[40,69],"originalSize":[470,470],"capInsets":[0,0,0,0]}},{"__type__":"cc.SpriteFrame","content":{"name":"stand_5_part2_wing_5002_stand_5_part2_0007","texture":"cf6ZDZwo5CU4RdmWC4het2","rect":[138,2,72,54],"offset":[39,72],"originalSize":[470,470],"rotated":1,"capInsets":[0,0,0,0]}},{"__type__":"cc.SpriteFrame","content":{"name":"stand_5_part2_wing_5002_stand_5_part2_0009","texture":"cf6ZDZwo5CU4RdmWC4het2","rect":[64,158,74,58],"offset":[40,75],"originalSize":[470,470],"rotated":1,"capInsets":[0,0,0,0]}},{"__type__":"cc.SpriteFrame","content":{"name":"stand_5_part2_wing_5002_stand_5_part2_0002","texture":"cf6ZDZwo5CU4RdmWC4het2","rect":[178,152,76,52],"offset":[42,71],"originalSize":[470,470],"capInsets":[0,0,0,0]}},{"__type__":"cc.SpriteFrame","content":{"name":"stand_5_part2_wing_5002_stand_5_part2_0012","texture":"cf6ZDZwo5CU4RdmWC4het2","rect":[2,158,74,60],"offset":[41,72],"originalSize":[470,470],"rotated":1,"capInsets":[0,0,0,0]}},{"__type__":"cc.SpriteFrame","content":{"name":"stand_5_part2_wing_5002_stand_5_part2_0003","texture":"cf6ZDZwo5CU4RdmWC4het2","rect":[124,154,78,52],"offset":[42,71],"originalSize":[470,470],"rotated":1,"capInsets":[0,0,0,0]}},{"__type__":"cc.SpriteFrame","content":{"name":"stand_5_part2_wing_5002_stand_5_part2_0006","texture":"cf6ZDZwo5CU4RdmWC4het2","rect":[194,2,72,52],"offset":[40,72],"originalSize":[470,470],"rotated":1,"capInsets":[0,0,0,0]}},{"__type__":"cc.SpriteFrame","content":{"name":"stand_5_part2_wing_5002_stand_5_part2_0008","texture":"cf6ZDZwo5CU4RdmWC4het2","rect":[78,2,72,58],"offset":[39,74],"originalSize":[470,470],"rotated":1,"capInsets":[0,0,0,0]}},{"__type__":"cc.SpriteAtlas","_name":"stand_5_part2.plist","_spriteFrames":{"stand_5_part2_wing_5002_stand_5_part2_0001":{"__uuid__":"52jWO/jxNPMqgmIGQoLLEF"},"stand_5_part2_wing_5002_stand_5_part2_0002":{"__uuid__":"acpCJ3XypCcJ19E/lqE7n8"},"stand_5_part2_wing_5002_stand_5_part2_0003":{"__uuid__":"c3cQi+orxPKZhdTAH8TrJp"},"stand_5_part2_wing_5002_stand_5_part2_0004":{"__uuid__":"0eorgbiFZGq67vQFpyT0k0"},"stand_5_part2_wing_5002_stand_5_part2_0005":{"__uuid__":"e3KVVW6LBLbptr4gdpelsJ"},"stand_5_part2_wing_5002_stand_5_part2_0006":{"__uuid__":"c4zVmiM+tAcIrNJY6SvyDZ"},"stand_5_part2_wing_5002_stand_5_part2_0007":{"__uuid__":"7dDlRijkZPtZLHtxf13VY7"},"stand_5_part2_wing_5002_stand_5_part2_0008":{"__uuid__":"c6wufshx1LvouStgWEYHi2"},"stand_5_part2_wing_5002_stand_5_part2_0009":{"__uuid__":"84d0vVtrxNe511gnkA7gNC"},"stand_5_part2_wing_5002_stand_5_part2_0010":{"__uuid__":"7a1kYPw65Ob5iGdZiftWcd"},"stand_5_part2_wing_5002_stand_5_part2_0011":{"__uuid__":"28iq9NWRJFPJlhD0ppGMFU"},"stand_5_part2_wing_5002_stand_5_part2_0012":{"__uuid__":"c3bg5/BSlG07AKq5ZhOXSp"}}},{"__type__":"cc.SpriteFrame","content":{"name":"stand_5_part2_wing_5002_stand_5_part2_0005","texture":"cf6ZDZwo5CU4RdmWC4het2","rect":[134,76,74,54],"offset":[40,72],"originalSize":[470,470],"rotated":1,"capInsets":[0,0,0,0]}}]