[{"__type__":"cc.SpriteFrame","content":{"name":"stand_7_part1_wing_5016_stand_7_part1_0003","texture":"377/IfpghIkbImtgU5D18T","rect":[130,76,122,80],"offset":[58,38],"originalSize":[500,500],"capInsets":[0,0,0,0]}},{"__type__":"cc.SpriteAtlas","_name":"stand_7_part1.plist","_spriteFrames":{"stand_7_part1_wing_5016_stand_7_part1_0000":{"__uuid__":"b03chJMbpIUI204ipSANLg"},"stand_7_part1_wing_5016_stand_7_part1_0001":{"__uuid__":"8bOueB1GJOfLxLbtC1dMWv"},"stand_7_part1_wing_5016_stand_7_part1_0002":{"__uuid__":"4fUleEmMdB071dzoN4NFAj"},"stand_7_part1_wing_5016_stand_7_part1_0003":{"__uuid__":"12xlWaOSFJiqjFQyzDTEjR"},"stand_7_part1_wing_5016_stand_7_part1_0004":{"__uuid__":"5aTuTEJblB4q8iK9qPlmfN"},"stand_7_part1_wing_5016_stand_7_part1_0005":{"__uuid__":"e46tDkkm5JvbF/M/Lzzk8F"},"stand_7_part1_wing_5016_stand_7_part1_0006":{"__uuid__":"7cDtyrIyZML6cIF60xEJLA"},"stand_7_part1_wing_5016_stand_7_part1_0007":{"__uuid__":"8dPiutlO9L74ZDvuVOpCB/"},"stand_7_part1_wing_5016_stand_7_part1_0008":{"__uuid__":"68m5v5GSVEPZo1WfsSrp3X"},"stand_7_part1_wing_5016_stand_7_part1_0009":{"__uuid__":"ecYuw7wV1OI6ajChrmGvdl"},"stand_7_part1_wing_5016_stand_7_part1_0010":{"__uuid__":"78O/STrHxHtYtfoXNj/LZU"},"stand_7_part1_wing_5016_stand_7_part1_0011":{"__uuid__":"cc1/GWCIpM9IUCHfNGusaE"}}},{"__type__":"cc.SpriteFrame","content":{"name":"stand_7_part1_wing_5016_stand_7_part1_0002","texture":"377/IfpghIkbImtgU5D18T","rect":[2,84,122,78],"offset":[58,37],"originalSize":[500,500],"capInsets":[0,0,0,0]}},{"__type__":"cc.SpriteFrame","content":{"name":"stand_7_part1_wing_5016_stand_7_part1_0004","texture":"377/IfpghIkbImtgU5D18T","rect":[2,394,116,76],"offset":[55,36],"originalSize":[500,500],"rotated":1,"capInsets":[0,0,0,0]}},{"__type__":"cc.SpriteFrame","content":{"name":"stand_7_part1_wing_5016_stand_7_part1_0008","texture":"377/IfpghIkbImtgU5D18T","rect":[122,390,118,72],"offset":[56,35],"originalSize":[500,500],"rotated":1,"capInsets":[0,0,0,0]}},{"__type__":"cc.SpriteFrame","content":{"name":"stand_7_part1_wing_5016_stand_7_part1_0010","texture":"377/IfpghIkbImtgU5D18T","rect":[130,2,124,72],"offset":[58,35],"originalSize":[500,500],"capInsets":[0,0,0,0]}},{"__type__":"cc.SpriteFrame","content":{"name":"stand_7_part1_wing_5016_stand_7_part1_0006","texture":"377/IfpghIkbImtgU5D18T","rect":[126,232,120,80],"offset":[56,37],"originalSize":[500,500],"capInsets":[0,0,0,0]}},{"__type__":"cc.SpriteFrame","content":{"name":"stand_7_part1_wing_5016_stand_7_part1_0001","texture":"377/IfpghIkbImtgU5D18T","rect":[2,238,120,78],"offset":[56,36],"originalSize":[500,500],"capInsets":[0,0,0,0]}},{"__type__":"cc.SpriteFrame","content":{"name":"stand_7_part1_wing_5016_stand_7_part1_0007","texture":"377/IfpghIkbImtgU5D18T","rect":[2,318,118,74],"offset":[55,33],"originalSize":[500,500],"capInsets":[0,0,0,0]}},{"__type__":"cc.SpriteFrame","content":{"name":"stand_7_part1_wing_5016_stand_7_part1_0000","texture":"377/IfpghIkbImtgU5D18T","rect":[124,314,118,74],"offset":[55,37],"originalSize":[500,500],"capInsets":[0,0,0,0]}},{"__type__":"cc.SpriteFrame","content":{"name":"stand_7_part1_wing_5016_stand_7_part1_0011","texture":"377/IfpghIkbImtgU5D18T","rect":[2,164,122,72],"offset":[58,37],"originalSize":[500,500],"capInsets":[0,0,0,0]}},{"__type__":"cc.SpriteFrame","content":{"name":"stand_7_part1_wing_5016_stand_7_part1_0005","texture":"377/IfpghIkbImtgU5D18T","rect":[2,2,126,80],"offset":[59,38],"originalSize":[500,500],"capInsets":[0,0,0,0]}},{"__type__":"cc.SpriteFrame","content":{"name":"stand_7_part1_wing_5016_stand_7_part1_0009","texture":"377/IfpghIkbImtgU5D18T","rect":[126,158,122,72],"offset":[58,35],"originalSize":[500,500],"capInsets":[0,0,0,0]}}]