[{"__type__":"cc.SpriteAtlas","_name":"stand_5_part2.plist","_spriteFrames":{"stand_5_part2_wing_5001_stand_5_part2_0001":{"__uuid__":"b6fhyuWiNCtYerQpgIPtR2"},"stand_5_part2_wing_5001_stand_5_part2_0002":{"__uuid__":"40Oll6rdBPrpMmVWae1IiG"},"stand_5_part2_wing_5001_stand_5_part2_0003":{"__uuid__":"efT+vn6BRB3YxN+4oscwr4"},"stand_5_part2_wing_5001_stand_5_part2_0004":{"__uuid__":"9b0b4yaOdPBpmN9LeO0Lib"},"stand_5_part2_wing_5001_stand_5_part2_0005":{"__uuid__":"38AtfhilBJbL0XTqCBp7RS"},"stand_5_part2_wing_5001_stand_5_part2_0006":{"__uuid__":"8e0qVykcpO8Z96otfrcJeP"},"stand_5_part2_wing_5001_stand_5_part2_0007":{"__uuid__":"bbgq8331lIk7EXQvCy4ceI"},"stand_5_part2_wing_5001_stand_5_part2_0008":{"__uuid__":"44oJO3D51D8IkSv/ZFrj5K"},"stand_5_part2_wing_5001_stand_5_part2_0009":{"__uuid__":"b1pigtu55OXLekrxJFVqx7"},"stand_5_part2_wing_5001_stand_5_part2_0010":{"__uuid__":"5eQkLv77xMqYgPdUKzIzIa"},"stand_5_part2_wing_5001_stand_5_part2_0011":{"__uuid__":"98FaWRMx9DOYhZbtdpKhQP"},"stand_5_part2_wing_5001_stand_5_part2_0012":{"__uuid__":"37xBfr9GVCg7O8mS7f+zCt"}}},{"__type__":"cc.SpriteFrame","content":{"name":"stand_5_part2_wing_5001_stand_5_part2_0012","texture":"8bhoelmC1IwqfZ5AMW9THx","rect":[126,180,60,74],"offset":[29,73],"originalSize":[470,470],"capInsets":[0,0,0,0]}},{"__type__":"cc.SpriteFrame","content":{"name":"stand_5_part2_wing_5001_stand_5_part2_0005","texture":"8bhoelmC1IwqfZ5AMW9THx","rect":[170,64,60,80],"offset":[29,74],"originalSize":[470,470],"rotated":1,"capInsets":[0,0,0,0]}},{"__type__":"cc.SpriteFrame","content":{"name":"stand_5_part2_wing_5001_stand_5_part2_0002","texture":"8bhoelmC1IwqfZ5AMW9THx","rect":[110,2,62,58],"offset":[29,73],"originalSize":[470,470],"rotated":1,"capInsets":[0,0,0,0]}},{"__type__":"cc.SpriteFrame","content":{"name":"stand_5_part2_wing_5001_stand_5_part2_0008","texture":"8bhoelmC1IwqfZ5AMW9THx","rect":[56,2,52,90],"offset":[26,72],"originalSize":[470,470],"capInsets":[0,0,0,0]}},{"__type__":"cc.SpriteFrame","content":{"name":"stand_5_part2_wing_5001_stand_5_part2_0010","texture":"8bhoelmC1IwqfZ5AMW9THx","rect":[2,2,52,94],"offset":[26,67],"originalSize":[470,470],"capInsets":[0,0,0,0]}},{"__type__":"cc.SpriteFrame","content":{"name":"stand_5_part2_wing_5001_stand_5_part2_0006","texture":"8bhoelmC1IwqfZ5AMW9THx","rect":[170,2,60,84],"offset":[29,74],"originalSize":[470,470],"rotated":1,"capInsets":[0,0,0,0]}},{"__type__":"cc.SpriteFrame","content":{"name":"stand_5_part2_wing_5001_stand_5_part2_0011","texture":"8bhoelmC1IwqfZ5AMW9THx","rect":[188,126,56,76],"offset":[27,73],"originalSize":[470,470],"capInsets":[0,0,0,0]}},{"__type__":"cc.SpriteFrame","content":{"name":"stand_5_part2_wing_5001_stand_5_part2_0004","texture":"8bhoelmC1IwqfZ5AMW9THx","rect":[64,182,60,68],"offset":[30,78],"originalSize":[470,470],"capInsets":[0,0,0,0]}},{"__type__":"cc.SpriteFrame","content":{"name":"stand_5_part2_wing_5001_stand_5_part2_0009","texture":"8bhoelmC1IwqfZ5AMW9THx","rect":[2,98,52,92],"offset":[26,70],"originalSize":[470,470],"capInsets":[0,0,0,0]}},{"__type__":"cc.SpriteFrame","content":{"name":"stand_5_part2_wing_5001_stand_5_part2_0001","texture":"8bhoelmC1IwqfZ5AMW9THx","rect":[108,94,60,84],"offset":[30,67],"originalSize":[470,470],"capInsets":[0,0,0,0]}},{"__type__":"cc.SpriteFrame","content":{"name":"stand_5_part2_wing_5001_stand_5_part2_0007","texture":"8bhoelmC1IwqfZ5AMW9THx","rect":[56,94,50,86],"offset":[25,73],"originalSize":[470,470],"capInsets":[0,0,0,0]}},{"__type__":"cc.SpriteFrame","content":{"name":"stand_5_part2_wing_5001_stand_5_part2_0003","texture":"8bhoelmC1IwqfZ5AMW9THx","rect":[2,192,60,62],"offset":[30,75],"originalSize":[470,470],"capInsets":[0,0,0,0]}}]