[{"__type__":"cc.SpriteFrame","content":{"name":"run_13_sh_ride_shape_1032_sh_run_3_0006","texture":"6fpL6c0h1LQLL6im5xmPDt","rect":[195,213,92,102],"offset":[1,46],"originalSize":[480,480],"capInsets":[0,0,0,0]}},{"__type__":"cc.SpriteFrame","content":{"name":"run_13_sh_ride_shape_1032_sh_run_3_0008","texture":"6fpL6c0h1LQLL6im5xmPDt","rect":[1,1,96,106],"offset":[2,43],"originalSize":[480,480],"capInsets":[0,0,0,0]}},{"__type__":"cc.SpriteFrame","content":{"name":"run_13_sh_ride_shape_1032_sh_run_3_0002","texture":"6fpL6c0h1LQLL6im5xmPDt","rect":[1,109,94,106],"offset":[-1,43],"originalSize":[480,480],"capInsets":[0,0,0,0]}},{"__type__":"cc.SpriteFrame","content":{"name":"run_13_sh_ride_shape_1032_sh_run_3_0001","texture":"6fpL6c0h1LQLL6im5xmPDt","rect":[99,1,94,108],"offset":[0,43],"originalSize":[480,480],"capInsets":[0,0,0,0]}},{"__type__":"cc.SpriteFrame","content":{"name":"run_13_sh_ride_shape_1032_sh_run_3_0003","texture":"6fpL6c0h1LQLL6im5xmPDt","rect":[195,1,94,104],"offset":[-1,45],"originalSize":[480,480],"capInsets":[0,0,0,0]}},{"__type__":"cc.SpriteAtlas","_name":"run_3.plist","_spriteFrames":{"run_13_sh_ride_shape_1032_sh_run_3_0001":{"__uuid__":"34AoR0Z/lFtqoOL84lL9Ls"},"run_13_sh_ride_shape_1032_sh_run_3_0002":{"__uuid__":"1f/ukJyN5IY5zEXgMKtKKM"},"run_13_sh_ride_shape_1032_sh_run_3_0003":{"__uuid__":"582n2sWI5CM4hCID8hd7zo"},"run_13_sh_ride_shape_1032_sh_run_3_0004":{"__uuid__":"71wk5KnuhJ17Fdv07IrIA+"},"run_13_sh_ride_shape_1032_sh_run_3_0005":{"__uuid__":"c9xL7ek0VA64BNgtHjTo6K"},"run_13_sh_ride_shape_1032_sh_run_3_0006":{"__uuid__":"02qPwtIRJLGpQNV5QFuhmR"},"run_13_sh_ride_shape_1032_sh_run_3_0007":{"__uuid__":"92sb5WZcVKCJwTgBwDcx3d"},"run_13_sh_ride_shape_1032_sh_run_3_0008":{"__uuid__":"16dbHAKU5Pb4S8Mq+OtX3c"}}},{"__type__":"cc.SpriteFrame","content":{"name":"run_13_sh_ride_shape_1032_sh_run_3_0004","texture":"6fpL6c0h1LQLL6im5xmPDt","rect":[97,111,96,100],"offset":[1,46],"originalSize":[480,480],"capInsets":[0,0,0,0]}},{"__type__":"cc.SpriteFrame","content":{"name":"run_13_sh_ride_shape_1032_sh_run_3_0007","texture":"6fpL6c0h1LQLL6im5xmPDt","rect":[195,107,92,104],"offset":[1,45],"originalSize":[480,480],"capInsets":[0,0,0,0]}},{"__type__":"cc.SpriteFrame","content":{"name":"run_13_sh_ride_shape_1032_sh_run_3_0005","texture":"6fpL6c0h1LQLL6im5xmPDt","rect":[97,213,96,100],"offset":[2,47],"originalSize":[480,480],"capInsets":[0,0,0,0]}}]