[{"__type__":"cc.SpriteFrame","content":{"name":"run_1_rd2_ride_ride_9141_rd2_run_1_4","texture":"d0JGhKf2VCKoUQR20qFw1D","rect":[2,202,142,194],"offset":[-80,50],"originalSize":[490,490],"capInsets":[0,0,0,0]}},{"__type__":"cc.SpriteAtlas","_name":"run_1_b.plist","_spriteFrames":{"run_1_rd2_ride_ride_9141_rd2_run_1_1":{"__uuid__":"783DdH3/NLBrjf+7u7Yw2V"},"run_1_rd2_ride_ride_9141_rd2_run_1_2":{"__uuid__":"e5/UAKO9hHqZrnLtF8TGK6"},"run_1_rd2_ride_ride_9141_rd2_run_1_3":{"__uuid__":"8cEJbYk3lBPo8XhhGqOuYO"},"run_1_rd2_ride_ride_9141_rd2_run_1_4":{"__uuid__":"12RL+XesRGWZ/2LhX5G9Rc"},"run_1_rd2_ride_ride_9141_rd2_run_1_5":{"__uuid__":"5eip9IAZxK5onQMx9udKzq"},"run_1_rd2_ride_ride_9141_rd2_run_1_6":{"__uuid__":"d4UlJIo8lPn5keo76gnvCD"},"run_1_rd2_ride_ride_9141_rd2_run_1_7":{"__uuid__":"b29rtfxu1MbqJkJESNfJTH"},"run_1_rd2_ride_ride_9141_rd2_run_1_8":{"__uuid__":"e2l2H4MJVOs7hM6rQj8Ljd"}}},{"__type__":"cc.SpriteFrame","content":{"name":"run_1_rd2_ride_ride_9141_rd2_run_1_5","texture":"d0JGhKf2VCKoUQR20qFw1D","rect":[2,2,136,198],"offset":[-80,54],"originalSize":[490,490],"capInsets":[0,0,0,0]}},{"__type__":"cc.SpriteFrame","content":{"name":"run_1_rd2_ride_ride_9141_rd2_run_1_1","texture":"d0JGhKf2VCKoUQR20qFw1D","rect":[286,148,132,180],"offset":[-73,38],"originalSize":[490,490],"rotated":1,"capInsets":[0,0,0,0]}},{"__type__":"cc.SpriteFrame","content":{"name":"run_1_rd2_ride_ride_9141_rd2_run_1_3","texture":"d0JGhKf2VCKoUQR20qFw1D","rect":[140,2,144,182],"offset":[-79,40],"originalSize":[490,490],"capInsets":[0,0,0,0]}},{"__type__":"cc.SpriteFrame","content":{"name":"run_1_rd2_ride_ride_9141_rd2_run_1_7","texture":"d0JGhKf2VCKoUQR20qFw1D","rect":[146,364,146,178],"offset":[-86,40],"originalSize":[490,490],"rotated":1,"capInsets":[0,0,0,0]}},{"__type__":"cc.SpriteFrame","content":{"name":"run_1_rd2_ride_ride_9141_rd2_run_1_6","texture":"d0JGhKf2VCKoUQR20qFw1D","rect":[286,2,144,182],"offset":[-85,44],"originalSize":[490,490],"rotated":1,"capInsets":[0,0,0,0]}},{"__type__":"cc.SpriteFrame","content":{"name":"run_1_rd2_ride_ride_9141_rd2_run_1_8","texture":"d0JGhKf2VCKoUQR20qFw1D","rect":[326,282,142,176],"offset":[-81,38],"originalSize":[490,490],"rotated":1,"capInsets":[0,0,0,0]}},{"__type__":"cc.SpriteFrame","content":{"name":"run_1_rd2_ride_ride_9141_rd2_run_1_2","texture":"d0JGhKf2VCKoUQR20qFw1D","rect":[146,186,136,176],"offset":[-75,37],"originalSize":[490,490],"capInsets":[0,0,0,0]}}]