[{"__type__":"cc.SpriteAtlas","_name":"run_1.plist","_spriteFrames":{"run_13_sh_ride_shape_3035_sh_run_1_0001":{"__uuid__":"fdtEsYt1pNloYz6xsztNIv"},"run_13_sh_ride_shape_3035_sh_run_1_0002":{"__uuid__":"ab+hkkzL9KMoZ9RuPj+K9i"},"run_13_sh_ride_shape_3035_sh_run_1_0003":{"__uuid__":"38tVs8x7RMKa/CkB+qGKVc"},"run_13_sh_ride_shape_3035_sh_run_1_0004":{"__uuid__":"73lwwa5fpLgpnjeEqXbiG8"},"run_13_sh_ride_shape_3035_sh_run_1_0005":{"__uuid__":"64KKU0G4BEEoe/GV7K+wYX"},"run_13_sh_ride_shape_3035_sh_run_1_0006":{"__uuid__":"8eaGCJ0ChOzZWNvlFEYUAj"},"run_13_sh_ride_shape_3035_sh_run_1_0007":{"__uuid__":"aagAuuj69AjKWqVGM5X82k"},"run_13_sh_ride_shape_3035_sh_run_1_0008":{"__uuid__":"c61pNG0DpJiK22HmHy4jZt"}}},{"__type__":"cc.SpriteFrame","content":{"name":"run_13_sh_ride_shape_3035_sh_run_1_0003","texture":"3cZKXhZhZJ4afGXGZCCEDm","rect":[1,1,96,154],"offset":[-12,33],"originalSize":[420,420],"capInsets":[0,0,0,0]}},{"__type__":"cc.SpriteFrame","content":{"name":"run_13_sh_ride_shape_3035_sh_run_1_0005","texture":"3cZKXhZhZJ4afGXGZCCEDm","rect":[99,157,92,154],"offset":[-9,33],"originalSize":[420,420],"capInsets":[0,0,0,0]}},{"__type__":"cc.SpriteFrame","content":{"name":"run_13_sh_ride_shape_3035_sh_run_1_0004","texture":"3cZKXhZhZJ4afGXGZCCEDm","rect":[1,157,96,154],"offset":[-11,33],"originalSize":[420,420],"capInsets":[0,0,0,0]}},{"__type__":"cc.SpriteFrame","content":{"name":"run_13_sh_ride_shape_3035_sh_run_1_0006","texture":"3cZKXhZhZJ4afGXGZCCEDm","rect":[193,1,92,154],"offset":[-9,33],"originalSize":[420,420],"capInsets":[0,0,0,0]}},{"__type__":"cc.SpriteFrame","content":{"name":"run_13_sh_ride_shape_3035_sh_run_1_0007","texture":"3cZKXhZhZJ4afGXGZCCEDm","rect":[193,157,90,154],"offset":[-8,33],"originalSize":[420,420],"capInsets":[0,0,0,0]}},{"__type__":"cc.SpriteFrame","content":{"name":"run_13_sh_ride_shape_3035_sh_run_1_0002","texture":"3cZKXhZhZJ4afGXGZCCEDm","rect":[99,1,92,154],"offset":[-10,33],"originalSize":[420,420],"capInsets":[0,0,0,0]}},{"__type__":"cc.SpriteFrame","content":{"name":"run_13_sh_ride_shape_3035_sh_run_1_0008","texture":"3cZKXhZhZJ4afGXGZCCEDm","rect":[285,157,88,154],"offset":[-7,33],"originalSize":[420,420],"capInsets":[0,0,0,0]}},{"__type__":"cc.SpriteFrame","content":{"name":"run_13_sh_ride_shape_3035_sh_run_1_0001","texture":"3cZKXhZhZJ4afGXGZCCEDm","rect":[287,1,88,154],"offset":[-9,33],"originalSize":[420,420],"capInsets":[0,0,0,0]}}]