[{"__type__":"cc.SpriteFrame","content":{"name":"run_13_sh_ride_shape_3035_sh_run_3_0003","texture":"d2LeGrZwlH4ZOm76y04+Nv","rect":[1,169,82,166],"offset":[-4,29],"originalSize":[420,420],"capInsets":[0,0,0,0]}},{"__type__":"cc.SpriteAtlas","_name":"run_3.plist","_spriteFrames":{"run_13_sh_ride_shape_3035_sh_run_3_0001":{"__uuid__":"797X67ieFFtYdvGWl4aWVL"},"run_13_sh_ride_shape_3035_sh_run_3_0002":{"__uuid__":"71Wo2qjEVI9bkY5GkuhBnf"},"run_13_sh_ride_shape_3035_sh_run_3_0003":{"__uuid__":"0aaxXJb9ZByIB+flP4wNWI"},"run_13_sh_ride_shape_3035_sh_run_3_0004":{"__uuid__":"fc/eSZyldIPb83Qt2Y1x/I"},"run_13_sh_ride_shape_3035_sh_run_3_0005":{"__uuid__":"32zx3XAwBOwocHEQK6DtYX"},"run_13_sh_ride_shape_3035_sh_run_3_0006":{"__uuid__":"30MujDi3lCSLz/Y17hROTX"},"run_13_sh_ride_shape_3035_sh_run_3_0007":{"__uuid__":"9aN2g+y+NJWoSKRe9jHlBR"},"run_13_sh_ride_shape_3035_sh_run_3_0008":{"__uuid__":"b4hhRkroZNZ56f1nFlHMnP"}}},{"__type__":"cc.SpriteFrame","content":{"name":"run_13_sh_ride_shape_3035_sh_run_3_0006","texture":"d2LeGrZwlH4ZOm76y04+Nv","rect":[179,1,82,164],"offset":[-4,29],"originalSize":[420,420],"capInsets":[0,0,0,0]}},{"__type__":"cc.SpriteFrame","content":{"name":"run_13_sh_ride_shape_3035_sh_run_3_0005","texture":"d2LeGrZwlH4ZOm76y04+Nv","rect":[85,169,82,166],"offset":[-4,29],"originalSize":[420,420],"capInsets":[0,0,0,0]}},{"__type__":"cc.SpriteFrame","content":{"name":"run_13_sh_ride_shape_3035_sh_run_3_0002","texture":"d2LeGrZwlH4ZOm76y04+Nv","rect":[169,169,80,166],"offset":[-4,29],"originalSize":[420,420],"capInsets":[0,0,0,0]}},{"__type__":"cc.SpriteFrame","content":{"name":"run_13_sh_ride_shape_3035_sh_run_3_0001","texture":"d2LeGrZwlH4ZOm76y04+Nv","rect":[97,1,80,166],"offset":[-5,29],"originalSize":[420,420],"capInsets":[0,0,0,0]}},{"__type__":"cc.SpriteFrame","content":{"name":"run_13_sh_ride_shape_3035_sh_run_3_0007","texture":"d2LeGrZwlH4ZOm76y04+Nv","rect":[263,1,82,164],"offset":[-4,28],"originalSize":[420,420],"capInsets":[0,0,0,0]}},{"__type__":"cc.SpriteFrame","content":{"name":"run_13_sh_ride_shape_3035_sh_run_3_0008","texture":"d2LeGrZwlH4ZOm76y04+Nv","rect":[251,167,82,164],"offset":[-5,28],"originalSize":[420,420],"capInsets":[0,0,0,0]}},{"__type__":"cc.SpriteFrame","content":{"name":"run_13_sh_ride_shape_3035_sh_run_3_0004","texture":"d2LeGrZwlH4ZOm76y04+Nv","rect":[1,1,94,166],"offset":[2,29],"originalSize":[420,420],"capInsets":[0,0,0,0]}}]