[{"__type__":"cc.SpriteFrame","content":{"name":"stand_5_part1_wing_5002_stand_5_part1_0001","texture":"83C+b4J0pOT4uQ81mQbmuG","rect":[156,2,72,56],"offset":[-49,74],"originalSize":[490,490],"capInsets":[0,0,0,0]}},{"__type__":"cc.SpriteFrame","content":{"name":"stand_5_part1_wing_5002_stand_5_part1_0012","texture":"83C+b4J0pOT4uQ81mQbmuG","rect":[150,120,70,60],"offset":[-48,77],"originalSize":[490,490],"capInsets":[0,0,0,0]}},{"__type__":"cc.SpriteFrame","content":{"name":"stand_5_part1_wing_5002_stand_5_part1_0002","texture":"83C+b4J0pOT4uQ81mQbmuG","rect":[2,58,72,56],"offset":[-49,74],"originalSize":[490,490],"capInsets":[0,0,0,0]}},{"__type__":"cc.SpriteAtlas","_name":"stand_5_part1.plist","_spriteFrames":{"stand_5_part1_wing_5002_stand_5_part1_0001":{"__uuid__":"0afQA1q9FEXKN05AN5MrVs"},"stand_5_part1_wing_5002_stand_5_part1_0002":{"__uuid__":"31jAz2liRKf566AFW+6j03"},"stand_5_part1_wing_5002_stand_5_part1_0003":{"__uuid__":"ccvVTexdFAY5htuebtWzfw"},"stand_5_part1_wing_5002_stand_5_part1_0004":{"__uuid__":"dcx+PRPyVA6oZXwFz/hYzh"},"stand_5_part1_wing_5002_stand_5_part1_0005":{"__uuid__":"7bJoulkR9NXYb/FDci37Vx"},"stand_5_part1_wing_5002_stand_5_part1_0006":{"__uuid__":"feCEIYtQFEPKiter8TQz/C"},"stand_5_part1_wing_5002_stand_5_part1_0007":{"__uuid__":"8c9p9fmsRNpZKU/0njIriT"},"stand_5_part1_wing_5002_stand_5_part1_0008":{"__uuid__":"c35TJAIuhNQ4QhiKwm5zkY"},"stand_5_part1_wing_5002_stand_5_part1_0009":{"__uuid__":"88huqqsCFL+qXHeoioT6yD"},"stand_5_part1_wing_5002_stand_5_part1_0010":{"__uuid__":"9faOWXJEpPvrbPjAH6atY9"},"stand_5_part1_wing_5002_stand_5_part1_0011":{"__uuid__":"e9smaSwVtNVaKUJxvOdnU2"},"stand_5_part1_wing_5002_stand_5_part1_0012":{"__uuid__":"1aBfpaihRKH40OGmnsEouM"}}},{"__type__":"cc.SpriteFrame","content":{"name":"stand_5_part1_wing_5002_stand_5_part1_0005","texture":"83C+b4J0pOT4uQ81mQbmuG","rect":[76,60,74,58],"offset":[-50,71],"originalSize":[490,490],"capInsets":[0,0,0,0]}},{"__type__":"cc.SpriteFrame","content":{"name":"stand_5_part1_wing_5002_stand_5_part1_0009","texture":"83C+b4J0pOT4uQ81mQbmuG","rect":[2,178,72,62],"offset":[-49,79],"originalSize":[490,490],"capInsets":[0,0,0,0]}},{"__type__":"cc.SpriteFrame","content":{"name":"stand_5_part1_wing_5002_stand_5_part1_0007","texture":"83C+b4J0pOT4uQ81mQbmuG","rect":[80,2,74,56],"offset":[-50,75],"originalSize":[490,490],"capInsets":[0,0,0,0]}},{"__type__":"cc.SpriteFrame","content":{"name":"stand_5_part1_wing_5002_stand_5_part1_0010","texture":"83C+b4J0pOT4uQ81mQbmuG","rect":[148,182,72,68],"offset":[-49,82],"originalSize":[490,490],"capInsets":[0,0,0,0]}},{"__type__":"cc.SpriteFrame","content":{"name":"stand_5_part1_wing_5002_stand_5_part1_0008","texture":"83C+b4J0pOT4uQ81mQbmuG","rect":[152,60,70,58],"offset":[-48,77],"originalSize":[490,490],"capInsets":[0,0,0,0]}},{"__type__":"cc.SpriteFrame","content":{"name":"stand_5_part1_wing_5002_stand_5_part1_0003","texture":"83C+b4J0pOT4uQ81mQbmuG","rect":[2,116,72,60],"offset":[-49,70],"originalSize":[490,490],"capInsets":[0,0,0,0]}},{"__type__":"cc.SpriteFrame","content":{"name":"stand_5_part1_wing_5002_stand_5_part1_0004","texture":"83C+b4J0pOT4uQ81mQbmuG","rect":[76,120,72,60],"offset":[-49,70],"originalSize":[490,490],"capInsets":[0,0,0,0]}},{"__type__":"cc.SpriteFrame","content":{"name":"stand_5_part1_wing_5002_stand_5_part1_0011","texture":"83C+b4J0pOT4uQ81mQbmuG","rect":[76,182,70,66],"offset":[-48,79],"originalSize":[490,490],"capInsets":[0,0,0,0]}},{"__type__":"cc.SpriteFrame","content":{"name":"stand_5_part1_wing_5002_stand_5_part1_0006","texture":"83C+b4J0pOT4uQ81mQbmuG","rect":[2,2,76,54],"offset":[-51,73],"originalSize":[490,490],"capInsets":[0,0,0,0]}}]