[{"__type__":"cc.SpriteFrame","content":{"name":"stand_1_rd1_ride_ride_9441_rd1_stand_1_7","texture":"7fB3/vDIVG36X51OSkydz3","rect":[1,557,300,232],"offset":[-58,6],"originalSize":[700,700],"capInsets":[0,0,0,0]}},{"__type__":"cc.SpriteFrame","content":{"name":"stand_1_rd1_ride_ride_9441_rd1_stand_1_3","texture":"7fB3/vDIVG36X51OSkydz3","rect":[303,669,298,222],"offset":[-57,1],"originalSize":[700,700],"capInsets":[0,0,0,0]}},{"__type__":"cc.SpriteFrame","content":{"name":"stand_1_rd1_ride_ride_9441_rd1_stand_1_2","texture":"7fB3/vDIVG36X51OSkydz3","rect":[601,223,296,222],"offset":[-56,1],"originalSize":[700,700],"capInsets":[0,0,0,0]}},{"__type__":"cc.SpriteFrame","content":{"name":"stand_1_rd1_ride_ride_9441_rd1_stand_1_1","texture":"7fB3/vDIVG36X51OSkydz3","rect":[601,447,294,220],"offset":[-55,0],"originalSize":[700,700],"capInsets":[0,0,0,0]}},{"__type__":"cc.SpriteFrame","content":{"name":"stand_1_rd1_ride_ride_9441_rd1_stand_1_8","texture":"7fB3/vDIVG36X51OSkydz3","rect":[1,317,296,238],"offset":[-56,9],"originalSize":[700,700],"capInsets":[0,0,0,0]}},{"__type__":"cc.SpriteFrame","content":{"name":"stand_1_rd1_ride_ride_9441_rd1_stand_1_5","texture":"7fB3/vDIVG36X51OSkydz3","rect":[305,1,302,220],"offset":[-61,0],"originalSize":[700,700],"capInsets":[0,0,0,0]}},{"__type__":"cc.SpriteFrame","content":{"name":"stand_1_rd1_ride_ride_9441_rd1_stand_1_6","texture":"7fB3/vDIVG36X51OSkydz3","rect":[1,1,302,314],"offset":[-60,47],"originalSize":[700,700],"capInsets":[0,0,0,0]}},{"__type__":"cc.SpriteAtlas","_name":"stand_1_f.plist","_spriteFrames":{"stand_1_rd1_ride_ride_9441_rd1_stand_1_1":{"__uuid__":"53HlHjSxtHnJnHvfPcSHIi"},"stand_1_rd1_ride_ride_9441_rd1_stand_1_2":{"__uuid__":"29nMi0hzNA8KlcSMJt4A3y"},"stand_1_rd1_ride_ride_9441_rd1_stand_1_3":{"__uuid__":"1bjjwq1dVNaaE2geB2r4Gb"},"stand_1_rd1_ride_ride_9441_rd1_stand_1_4":{"__uuid__":"fc+rTPLRBPt7FApFRIcGgr"},"stand_1_rd1_ride_ride_9441_rd1_stand_1_5":{"__uuid__":"c7N/6n8YVKC6ZQcw///a5R"},"stand_1_rd1_ride_ride_9441_rd1_stand_1_6":{"__uuid__":"deIu2IJ1pPUZJ8eIk9dtvf"},"stand_1_rd1_ride_ride_9441_rd1_stand_1_7":{"__uuid__":"18U/iwOBRCIqsRTkXrKNJN"},"stand_1_rd1_ride_ride_9441_rd1_stand_1_8":{"__uuid__":"5aFKb5A1ZGBL0aTovs8j+6"}}},{"__type__":"cc.SpriteFrame","content":{"name":"stand_1_rd1_ride_ride_9441_rd1_stand_1_4","texture":"7fB3/vDIVG36X51OSkydz3","rect":[299,317,300,222],"offset":[-59,1],"originalSize":[700,700],"capInsets":[0,0,0,0]}}]