[{"__type__":"cc.SpriteFrame","content":{"name":"run_3_rd2_ride_ride_9321_rd2_run_3_7","texture":"3fecifH0tHAa7nlAU9GhgS","rect":[321,1,142,212],"offset":[-7,2],"originalSize":[430,430],"capInsets":[0,0,0,0]}},{"__type__":"cc.SpriteFrame","content":{"name":"run_3_rd2_ride_ride_9321_rd2_run_3_1","texture":"3fecifH0tHAa7nlAU9GhgS","rect":[1,1,180,194],"offset":[9,13],"originalSize":[430,430],"capInsets":[0,0,0,0]}},{"__type__":"cc.SpriteFrame","content":{"name":"run_3_rd2_ride_ride_9321_rd2_run_3_6","texture":"3fecifH0tHAa7nlAU9GhgS","rect":[1,381,136,180],"offset":[-11,15],"originalSize":[430,430],"capInsets":[0,0,0,0]}},{"__type__":"cc.SpriteFrame","content":{"name":"run_3_rd2_ride_ride_9321_rd2_run_3_2","texture":"3fecifH0tHAa7nlAU9GhgS","rect":[1,197,172,182],"offset":[5,9],"originalSize":[430,430],"capInsets":[0,0,0,0]}},{"__type__":"cc.SpriteFrame","content":{"name":"run_3_rd2_ride_ride_9321_rd2_run_3_8","texture":"3fecifH0tHAa7nlAU9GhgS","rect":[175,197,144,182],"offset":[-6,22],"originalSize":[430,430],"capInsets":[0,0,0,0]}},{"__type__":"cc.SpriteFrame","content":{"name":"run_3_rd2_ride_ride_9321_rd2_run_3_3","texture":"3fecifH0tHAa7nlAU9GhgS","rect":[183,1,120,188],"offset":[-21,6],"originalSize":[430,430],"capInsets":[0,0,0,0]}},{"__type__":"cc.SpriteFrame","content":{"name":"run_3_rd2_ride_ride_9321_rd2_run_3_4","texture":"3fecifH0tHAa7nlAU9GhgS","rect":[321,215,128,198],"offset":[-17,-1],"originalSize":[430,430],"capInsets":[0,0,0,0]}},{"__type__":"cc.SpriteAtlas","_name":"run_3_b.plist","_spriteFrames":{"run_3_rd2_ride_ride_9321_rd2_run_3_1":{"__uuid__":"16kuoXDV5O1Zt548g8ShWb"},"run_3_rd2_ride_ride_9321_rd2_run_3_2":{"__uuid__":"43ZshW761F1YhMEZkrg49V"},"run_3_rd2_ride_ride_9321_rd2_run_3_3":{"__uuid__":"52lPn3XgxI5ImeElwXy9ma"},"run_3_rd2_ride_ride_9321_rd2_run_3_4":{"__uuid__":"89YHG3LrdBNKug/SoJ57i1"},"run_3_rd2_ride_ride_9321_rd2_run_3_5":{"__uuid__":"bc8W6aR4xJr41wzdcONlec"},"run_3_rd2_ride_ride_9321_rd2_run_3_6":{"__uuid__":"3fJU9rd7NIaboJlL5aL9F+"},"run_3_rd2_ride_ride_9321_rd2_run_3_7":{"__uuid__":"0bAMB4sc9G8au5SOP6XK2M"},"run_3_rd2_ride_ride_9321_rd2_run_3_8":{"__uuid__":"4bMGJSJsxD5a9lMDQTALWY"}}},{"__type__":"cc.SpriteFrame","content":{"name":"run_3_rd2_ride_ride_9321_rd2_run_3_5","texture":"3fecifH0tHAa7nlAU9GhgS","rect":[139,381,130,174],"offset":[-14,12],"originalSize":[430,430],"capInsets":[0,0,0,0]}}]