[{"__type__":"cc.SpriteFrame","content":{"name":"stand_1_part2_wing_5010_stand_1_part2_0004","texture":"9dEflL9SRPxKNHC2ohVltS","rect":[132,2,88,120],"offset":[14,98],"originalSize":[500,500],"rotated":1,"capInsets":[0,0,0,0]}},{"__type__":"cc.SpriteFrame","content":{"name":"stand_1_part2_wing_5010_stand_1_part2_0010","texture":"9dEflL9SRPxKNHC2ohVltS","rect":[132,92,78,120],"offset":[9,97],"originalSize":[500,500],"rotated":1,"capInsets":[0,0,0,0]}},{"__type__":"cc.SpriteFrame","content":{"name":"stand_1_part2_wing_5010_stand_1_part2_0002","texture":"9dEflL9SRPxKNHC2ohVltS","rect":[2,150,88,126],"offset":[14,99],"originalSize":[500,500],"rotated":1,"capInsets":[0,0,0,0]}},{"__type__":"cc.SpriteFrame","content":{"name":"stand_1_part2_wing_5010_stand_1_part2_0011","texture":"9dEflL9SRPxKNHC2ohVltS","rect":[2,82,66,128],"offset":[4,99],"originalSize":[500,500],"rotated":1,"capInsets":[0,0,0,0]}},{"__type__":"cc.SpriteFrame","content":{"name":"stand_1_part2_wing_5010_stand_1_part2_0003","texture":"9dEflL9SRPxKNHC2ohVltS","rect":[130,172,90,124],"offset":[15,99],"originalSize":[500,500],"rotated":1,"capInsets":[0,0,0,0]}},{"__type__":"cc.SpriteFrame","content":{"name":"stand_1_part2_wing_5010_stand_1_part2_0009","texture":"9dEflL9SRPxKNHC2ohVltS","rect":[130,264,76,124],"offset":[9,94],"originalSize":[500,500],"rotated":1,"capInsets":[0,0,0,0]}},{"__type__":"cc.SpriteFrame","content":{"name":"stand_1_part2_wing_5010_stand_1_part2_0001","texture":"9dEflL9SRPxKNHC2ohVltS","rect":[2,240,86,126],"offset":[13,99],"originalSize":[500,500],"rotated":1,"capInsets":[0,0,0,0]}},{"__type__":"cc.SpriteFrame","content":{"name":"stand_1_part2_wing_5010_stand_1_part2_0007","texture":"9dEflL9SRPxKNHC2ohVltS","rect":[124,342,74,120],"offset":[8,95],"originalSize":[500,500],"rotated":1,"capInsets":[0,0,0,0]}},{"__type__":"cc.SpriteFrame","content":{"name":"stand_1_part2_wing_5010_stand_1_part2_0008","texture":"9dEflL9SRPxKNHC2ohVltS","rect":[2,328,76,120],"offset":[8,96],"originalSize":[500,500],"rotated":1,"capInsets":[0,0,0,0]}},{"__type__":"cc.SpriteFrame","content":{"name":"stand_1_part2_wing_5010_stand_1_part2_0006","texture":"9dEflL9SRPxKNHC2ohVltS","rect":[118,418,72,116],"offset":[7,94],"originalSize":[500,500],"rotated":1,"capInsets":[0,0,0,0]}},{"__type__":"cc.SpriteAtlas","_name":"stand_1_part2.plist","_spriteFrames":{"stand_1_part2_wing_5010_stand_1_part2_0001":{"__uuid__":"72XNgXuiNLXqL2PQcATEww"},"stand_1_part2_wing_5010_stand_1_part2_0002":{"__uuid__":"29Zis6y35GgbyiSaFS4Glp"},"stand_1_part2_wing_5010_stand_1_part2_0003":{"__uuid__":"57CaH17qJE4bzTp+oEfpnk"},"stand_1_part2_wing_5010_stand_1_part2_0004":{"__uuid__":"08LlMu5ENITazR6gyz1f2Z"},"stand_1_part2_wing_5010_stand_1_part2_0005":{"__uuid__":"e4eVdzCv5MXr8dz65AOCKG"},"stand_1_part2_wing_5010_stand_1_part2_0006":{"__uuid__":"7et0gbgQpO0JJUUXdD66i6"},"stand_1_part2_wing_5010_stand_1_part2_0007":{"__uuid__":"7apJQtBYBOQqXdVko6eCbA"},"stand_1_part2_wing_5010_stand_1_part2_0008":{"__uuid__":"7efA57a8xHh6cZPPkD2O6B"},"stand_1_part2_wing_5010_stand_1_part2_0009":{"__uuid__":"5bNDVvDH9JYrUhcC8dLL4f"},"stand_1_part2_wing_5010_stand_1_part2_0010":{"__uuid__":"15T/+KNsNLyZI32lxIj7Pi"},"stand_1_part2_wing_5010_stand_1_part2_0011":{"__uuid__":"55TElOx55Ox5YGeUjab0hk"},"stand_1_part2_wing_5010_stand_1_part2_0012":{"__uuid__":"cfXJdadpZO7Kkmeax/KFKT"}}},{"__type__":"cc.SpriteFrame","content":{"name":"stand_1_part2_wing_5010_stand_1_part2_0012","texture":"9dEflL9SRPxKNHC2ohVltS","rect":[2,2,78,128],"offset":[9,99],"originalSize":[500,500],"rotated":1,"capInsets":[0,0,0,0]}},{"__type__":"cc.SpriteFrame","content":{"name":"stand_1_part2_wing_5010_stand_1_part2_0005","texture":"9dEflL9SRPxKNHC2ohVltS","rect":[2,418,90,114],"offset":[16,96],"originalSize":[500,500],"rotated":1,"capInsets":[0,0,0,0]}}]