[{"__type__":"cc.SpriteFrame","content":{"name":"stand_1_rd1rd2_ride_ride_9341_rd1_stand_1_6","texture":"9ao5QFqc9L7ahSuu+QGlEb","rect":[1,1,226,232],"offset":[-39,-30],"originalSize":[450,450],"capInsets":[0,0,0,0]}},{"__type__":"cc.SpriteFrame","content":{"name":"stand_1_rd1rd2_ride_ride_9341_rd1_stand_1_1","texture":"9ao5QFqc9L7ahSuu+QGlEb","rect":[229,111,238,114],"offset":[-49,31],"originalSize":[450,450],"capInsets":[0,0,0,0]}},{"__type__":"cc.SpriteFrame","content":{"name":"stand_1_rd1rd2_ride_ride_9341_rd1_stand_1_7","texture":"9ao5QFqc9L7ahSuu+QGlEb","rect":[1,359,220,184],"offset":[-33,-9],"originalSize":[450,450],"capInsets":[0,0,0,0]}},{"__type__":"cc.SpriteFrame","content":{"name":"stand_1_rd1rd2_ride_ride_9341_rd1_stand_1_8","texture":"9ao5QFqc9L7ahSuu+QGlEb","rect":[223,447,214,128],"offset":[-33,8],"originalSize":[450,450],"capInsets":[0,0,0,0]}},{"__type__":"cc.SpriteFrame","content":{"name":"stand_1_rd1rd2_ride_ride_9341_rd1_stand_1_2","texture":"9ao5QFqc9L7ahSuu+QGlEb","rect":[1,235,246,122],"offset":[-53,29],"originalSize":[450,450],"capInsets":[0,0,0,0]}},{"__type__":"cc.SpriteFrame","content":{"name":"stand_1_rd1rd2_ride_ride_9341_rd1_stand_1_5","texture":"9ao5QFqc9L7ahSuu+QGlEb","rect":[249,227,236,218],"offset":[-45,-22],"originalSize":[450,450],"capInsets":[0,0,0,0]}},{"__type__":"cc.SpriteAtlas","_name":"stand_1_f.plist","_spriteFrames":{"stand_1_rd1rd2_ride_ride_9341_rd1_stand_1_1":{"__uuid__":"3ciqmMk61NZrAAiwMPSUY5"},"stand_1_rd1rd2_ride_ride_9341_rd1_stand_1_2":{"__uuid__":"51Of1JFfZPDasXsj7stDAv"},"stand_1_rd1rd2_ride_ride_9341_rd1_stand_1_3":{"__uuid__":"f5lnQeCnVFr6l5V/6nXWn7"},"stand_1_rd1rd2_ride_ride_9341_rd1_stand_1_4":{"__uuid__":"e8k0rbQudNPLgiare21ueo"},"stand_1_rd1rd2_ride_ride_9341_rd1_stand_1_5":{"__uuid__":"83sAi7BsRAs53JyxkEhQOf"},"stand_1_rd1rd2_ride_ride_9341_rd1_stand_1_6":{"__uuid__":"31OGZhzAVFGqfGB7yDzv/v"},"stand_1_rd1rd2_ride_ride_9341_rd1_stand_1_7":{"__uuid__":"41IDvH3xNFLZqMuOYTsC69"},"stand_1_rd1rd2_ride_ride_9341_rd1_stand_1_8":{"__uuid__":"50gXUcvhVGlJQxrtCfmSuF"}}},{"__type__":"cc.SpriteFrame","content":{"name":"stand_1_rd1rd2_ride_ride_9341_rd1_stand_1_4","texture":"9ao5QFqc9L7ahSuu+QGlEb","rect":[439,447,190,156],"offset":[-23,11],"originalSize":[450,450],"capInsets":[0,0,0,0]}},{"__type__":"cc.SpriteFrame","content":{"name":"stand_1_rd1rd2_ride_ride_9341_rd1_stand_1_3","texture":"9ao5QFqc9L7ahSuu+QGlEb","rect":[229,1,242,108],"offset":[-49,25],"originalSize":[450,450],"capInsets":[0,0,0,0]}}]