[{"__type__":"cc.SpriteFrame","content":{"name":"stand_1_part2_wing_5012_stand_1_part2_0009","texture":"bckwufAhVOpqX5xMnBynfW","rect":[110,230,50,106],"offset":[-14,89],"originalSize":[500,500],"rotated":1,"capInsets":[0,0,0,0]}},{"__type__":"cc.SpriteFrame","content":{"name":"stand_1_part2_wing_5012_stand_1_part2_0011","texture":"bckwufAhVOpqX5xMnBynfW","rect":[114,2,56,110],"offset":[-6,88],"originalSize":[500,500],"rotated":1,"capInsets":[0,0,0,0]}},{"__type__":"cc.SpriteFrame","content":{"name":"stand_1_part2_wing_5012_stand_1_part2_0008","texture":"bckwufAhVOpqX5xMnBynfW","rect":[2,290,48,102],"offset":[-18,86],"originalSize":[500,500],"rotated":1,"capInsets":[0,0,0,0]}},{"__type__":"cc.SpriteFrame","content":{"name":"stand_1_part2_wing_5012_stand_1_part2_0006","texture":"bckwufAhVOpqX5xMnBynfW","rect":[108,282,50,102],"offset":[-16,86],"originalSize":[500,500],"rotated":1,"capInsets":[0,0,0,0]}},{"__type__":"cc.SpriteFrame","content":{"name":"stand_1_part2_wing_5012_stand_1_part2_0012","texture":"bckwufAhVOpqX5xMnBynfW","rect":[2,124,56,108],"offset":[-3,84],"originalSize":[500,500],"rotated":1,"capInsets":[0,0,0,0]}},{"__type__":"cc.SpriteAtlas","_name":"stand_1_part2.plist","_spriteFrames":{"stand_1_part2_wing_5012_stand_1_part2_0001":{"__uuid__":"c7RcOiW45MGJqt0cCLWvPN"},"stand_1_part2_wing_5012_stand_1_part2_0002":{"__uuid__":"b2hLjSQq1PloyeByqGrtDX"},"stand_1_part2_wing_5012_stand_1_part2_0003":{"__uuid__":"98h0+H5E1PWqNDTeRXNhWT"},"stand_1_part2_wing_5012_stand_1_part2_0004":{"__uuid__":"feVYSczedC97G2YnS3x280"},"stand_1_part2_wing_5012_stand_1_part2_0005":{"__uuid__":"ebvlrq80tKIYCes3QMYkTb"},"stand_1_part2_wing_5012_stand_1_part2_0006":{"__uuid__":"76m1jShFtFbLE6/P2Tb6/5"},"stand_1_part2_wing_5012_stand_1_part2_0007":{"__uuid__":"d2PcqBy0RP9Z2VTrRWNDw7"},"stand_1_part2_wing_5012_stand_1_part2_0008":{"__uuid__":"5aYqYu7MNOoIbcKILXYBKI"},"stand_1_part2_wing_5012_stand_1_part2_0009":{"__uuid__":"11IULAw3dHZKkrPNYGY8MD"},"stand_1_part2_wing_5012_stand_1_part2_0010":{"__uuid__":"eerShCdL5FM5Tzdz1IwKb7"},"stand_1_part2_wing_5012_stand_1_part2_0011":{"__uuid__":"29NvrC1kZCYKtNh1mswIIF"},"stand_1_part2_wing_5012_stand_1_part2_0012":{"__uuid__":"77uTys2UxCa68pBT679Trx"}}},{"__type__":"cc.SpriteFrame","content":{"name":"stand_1_part2_wing_5012_stand_1_part2_0003","texture":"bckwufAhVOpqX5xMnBynfW","rect":[2,182,56,106],"offset":[0,87],"originalSize":[500,500],"rotated":1,"capInsets":[0,0,0,0]}},{"__type__":"cc.SpriteFrame","content":{"name":"stand_1_part2_wing_5012_stand_1_part2_0002","texture":"bckwufAhVOpqX5xMnBynfW","rect":[112,116,56,108],"offset":[2,85],"originalSize":[500,500],"rotated":1,"capInsets":[0,0,0,0]}},{"__type__":"cc.SpriteFrame","content":{"name":"stand_1_part2_wing_5012_stand_1_part2_0001","texture":"bckwufAhVOpqX5xMnBynfW","rect":[2,2,58,110],"offset":[1,86],"originalSize":[500,500],"rotated":1,"capInsets":[0,0,0,0]}},{"__type__":"cc.SpriteFrame","content":{"name":"stand_1_part2_wing_5012_stand_1_part2_0007","texture":"bckwufAhVOpqX5xMnBynfW","rect":[2,240,48,104],"offset":[-20,86],"originalSize":[500,500],"rotated":1,"capInsets":[0,0,0,0]}},{"__type__":"cc.SpriteFrame","content":{"name":"stand_1_part2_wing_5012_stand_1_part2_0005","texture":"bckwufAhVOpqX5xMnBynfW","rect":[112,174,54,108],"offset":[-6,88],"originalSize":[500,500],"rotated":1,"capInsets":[0,0,0,0]}},{"__type__":"cc.SpriteFrame","content":{"name":"stand_1_part2_wing_5012_stand_1_part2_0010","texture":"bckwufAhVOpqX5xMnBynfW","rect":[114,60,54,110],"offset":[-9,90],"originalSize":[500,500],"rotated":1,"capInsets":[0,0,0,0]}},{"__type__":"cc.SpriteFrame","content":{"name":"stand_1_part2_wing_5012_stand_1_part2_0004","texture":"bckwufAhVOpqX5xMnBynfW","rect":[2,62,60,108],"offset":[0,88],"originalSize":[500,500],"rotated":1,"capInsets":[0,0,0,0]}}]