[{"__type__":"cc.SpriteAtlas","_name":"stand_1.plist","_spriteFrames":{"stand_13_sh_ride_shape_4018_sh_stand_1_1":{"__uuid__":"424RBaJMVOyLgFtATaO7V6"},"stand_13_sh_ride_shape_4018_sh_stand_1_2":{"__uuid__":"bcwH2uwehGN7wdgh9oDY7J"},"stand_13_sh_ride_shape_4018_sh_stand_1_3":{"__uuid__":"fbjSr11RpIIYDN1jCGXloN"},"stand_13_sh_ride_shape_4018_sh_stand_1_4":{"__uuid__":"3afxxiEntJ4Z/Oel2zxJYc"},"stand_13_sh_ride_shape_4018_sh_stand_1_5":{"__uuid__":"1dWXtB8pxGoL2o0wm+rjUf"},"stand_13_sh_ride_shape_4018_sh_stand_1_6":{"__uuid__":"1ctCxnV4NPRqQa/E9TQ4WG"},"stand_13_sh_ride_shape_4018_sh_stand_1_7":{"__uuid__":"0fj5l+SiFHiqvS6I9NIykC"},"stand_13_sh_ride_shape_4018_sh_stand_1_8":{"__uuid__":"18rY5qrMZFkYcxXLTJQfQa"}}},{"__type__":"cc.SpriteFrame","content":{"name":"stand_13_sh_ride_shape_4018_sh_stand_1_7","texture":"c4irHftoJGsoerafc9fwZt","rect":[109,139,106,134],"offset":[-19,-37],"originalSize":[470,470],"capInsets":[0,0,0,0]}},{"__type__":"cc.SpriteFrame","content":{"name":"stand_13_sh_ride_shape_4018_sh_stand_1_8","texture":"c4irHftoJGsoerafc9fwZt","rect":[107,275,104,134],"offset":[-18,-36],"originalSize":[470,470],"capInsets":[0,0,0,0]}},{"__type__":"cc.SpriteFrame","content":{"name":"stand_13_sh_ride_shape_4018_sh_stand_1_6","texture":"c4irHftoJGsoerafc9fwZt","rect":[1,139,106,134],"offset":[-19,-37],"originalSize":[470,470],"capInsets":[0,0,0,0]}},{"__type__":"cc.SpriteFrame","content":{"name":"stand_13_sh_ride_shape_4018_sh_stand_1_5","texture":"c4irHftoJGsoerafc9fwZt","rect":[1,1,108,136],"offset":[-21,-37],"originalSize":[470,470],"capInsets":[0,0,0,0]}},{"__type__":"cc.SpriteFrame","content":{"name":"stand_13_sh_ride_shape_4018_sh_stand_1_4","texture":"c4irHftoJGsoerafc9fwZt","rect":[111,1,106,136],"offset":[-20,-36],"originalSize":[470,470],"capInsets":[0,0,0,0]}},{"__type__":"cc.SpriteFrame","content":{"name":"stand_13_sh_ride_shape_4018_sh_stand_1_1","texture":"c4irHftoJGsoerafc9fwZt","rect":[217,139,104,134],"offset":[-18,-36],"originalSize":[470,470],"capInsets":[0,0,0,0]}},{"__type__":"cc.SpriteFrame","content":{"name":"stand_13_sh_ride_shape_4018_sh_stand_1_2","texture":"c4irHftoJGsoerafc9fwZt","rect":[1,275,104,134],"offset":[-19,-36],"originalSize":[470,470],"capInsets":[0,0,0,0]}},{"__type__":"cc.SpriteFrame","content":{"name":"stand_13_sh_ride_shape_4018_sh_stand_1_3","texture":"c4irHftoJGsoerafc9fwZt","rect":[219,1,104,136],"offset":[-20,-36],"originalSize":[470,470],"capInsets":[0,0,0,0]}}]