[{"__type__":"cc.SpriteFrame","content":{"name":"stand_13_sh_ride_shape_1001_sh_stand_1_3","texture":"44gEe+B/ZMbbTYZ2CRFyrj","rect":[237,1,76,154],"offset":[-5,-38],"originalSize":[500,500],"capInsets":[0,0,0,0]}},{"__type__":"cc.SpriteFrame","content":{"name":"stand_13_sh_ride_shape_1001_sh_stand_1_7","texture":"44gEe+B/ZMbbTYZ2CRFyrj","rect":[79,159,78,154],"offset":[-7,-38],"originalSize":[500,500],"capInsets":[0,0,0,0]}},{"__type__":"cc.SpriteFrame","content":{"name":"stand_13_sh_ride_shape_1001_sh_stand_1_2","texture":"44gEe+B/ZMbbTYZ2CRFyrj","rect":[1,157,76,156],"offset":[-6,-38],"originalSize":[500,500],"capInsets":[0,0,0,0]}},{"__type__":"cc.SpriteFrame","content":{"name":"stand_13_sh_ride_shape_1001_sh_stand_1_6","texture":"44gEe+B/ZMbbTYZ2CRFyrj","rect":[1,1,78,154],"offset":[-7,-37],"originalSize":[500,500],"capInsets":[0,0,0,0]}},{"__type__":"cc.SpriteFrame","content":{"name":"stand_13_sh_ride_shape_1001_sh_stand_1_5","texture":"44gEe+B/ZMbbTYZ2CRFyrj","rect":[159,1,76,156],"offset":[-6,-37],"originalSize":[500,500],"capInsets":[0,0,0,0]}},{"__type__":"cc.SpriteAtlas","_name":"stand_1.plist","_spriteFrames":{"stand_13_sh_ride_shape_1001_sh_stand_1_1":{"__uuid__":"c3CLtwt0VA5rlP0yDfNjEO"},"stand_13_sh_ride_shape_1001_sh_stand_1_2":{"__uuid__":"12k0VOrE9GSbC8wH1W27if"},"stand_13_sh_ride_shape_1001_sh_stand_1_3":{"__uuid__":"0c1JRHeS1MIIASKriW3N91"},"stand_13_sh_ride_shape_1001_sh_stand_1_4":{"__uuid__":"caLZjW1dBMkrL+KD23kQr1"},"stand_13_sh_ride_shape_1001_sh_stand_1_5":{"__uuid__":"92Qm/M8GlKdY5KB5Ug3Pnu"},"stand_13_sh_ride_shape_1001_sh_stand_1_6":{"__uuid__":"3cWAGha5pLSLSM4fq1755/"},"stand_13_sh_ride_shape_1001_sh_stand_1_7":{"__uuid__":"0fBV/MRGVKuJd3ZpRs93bd"},"stand_13_sh_ride_shape_1001_sh_stand_1_8":{"__uuid__":"e0KXXsU8pNYZqbIyuQR0/S"}}},{"__type__":"cc.SpriteFrame","content":{"name":"stand_13_sh_ride_shape_1001_sh_stand_1_1","texture":"44gEe+B/ZMbbTYZ2CRFyrj","rect":[81,1,76,156],"offset":[-6,-38],"originalSize":[500,500],"capInsets":[0,0,0,0]}},{"__type__":"cc.SpriteFrame","content":{"name":"stand_13_sh_ride_shape_1001_sh_stand_1_4","texture":"44gEe+B/ZMbbTYZ2CRFyrj","rect":[239,157,76,154],"offset":[-5,-38],"originalSize":[500,500],"capInsets":[0,0,0,0]}},{"__type__":"cc.SpriteFrame","content":{"name":"stand_13_sh_ride_shape_1001_sh_stand_1_8","texture":"44gEe+B/ZMbbTYZ2CRFyrj","rect":[159,159,78,154],"offset":[-7,-38],"originalSize":[500,500],"capInsets":[0,0,0,0]}}]