[{"__type__":"cc.SpriteFrame","content":{"name":"stand_1_rd1rd2_ride_ride_9341_rd2_stand_1_6","texture":"6chbBrHNZNPrkRoF+Zenc2","rect":[349,241,334,216],"offset":[-46,64],"originalSize":[450,450],"capInsets":[0,0,0,0]}},{"__type__":"cc.SpriteFrame","content":{"name":"stand_1_rd1rd2_ride_ride_9341_rd2_stand_1_8","texture":"6chbBrHNZNPrkRoF+Zenc2","rect":[349,1,336,238],"offset":[-42,66],"originalSize":[450,450],"capInsets":[0,0,0,0]}},{"__type__":"cc.SpriteFrame","content":{"name":"stand_1_rd1rd2_ride_ride_9341_rd2_stand_1_7","texture":"6chbBrHNZNPrkRoF+Zenc2","rect":[345,459,334,216],"offset":[-41,59],"originalSize":[450,450],"capInsets":[0,0,0,0]}},{"__type__":"cc.SpriteAtlas","_name":"stand_1_b.plist","_spriteFrames":{"stand_1_rd1rd2_ride_ride_9341_rd2_stand_1_1":{"__uuid__":"afMcLr645FXqecUM6ji+x1"},"stand_1_rd1rd2_ride_ride_9341_rd2_stand_1_2":{"__uuid__":"bacSV7hQhL1aQT5LsaXxvi"},"stand_1_rd1rd2_ride_ride_9341_rd2_stand_1_3":{"__uuid__":"9ckLFjkA9I0aDA0uVsSwJM"},"stand_1_rd1rd2_ride_ride_9341_rd2_stand_1_4":{"__uuid__":"97W7d7RoNGopiUVQlCuHo6"},"stand_1_rd1rd2_ride_ride_9341_rd2_stand_1_5":{"__uuid__":"8e0vITHsJGP4zLupGYKy2o"},"stand_1_rd1rd2_ride_ride_9341_rd2_stand_1_6":{"__uuid__":"1aub3shRVPvo3L/ukDmLGV"},"stand_1_rd1rd2_ride_ride_9341_rd2_stand_1_7":{"__uuid__":"3e0LfMlLhCqYkHQWwtO3LV"},"stand_1_rd1rd2_ride_ride_9341_rd2_stand_1_8":{"__uuid__":"24FpFAyS1Lz6i8JkHaG8Qo"}}},{"__type__":"cc.SpriteFrame","content":{"name":"stand_1_rd1rd2_ride_ride_9341_rd2_stand_1_5","texture":"6chbBrHNZNPrkRoF+Zenc2","rect":[333,677,314,256],"offset":[-34,59],"originalSize":[450,450],"capInsets":[0,0,0,0]}},{"__type__":"cc.SpriteFrame","content":{"name":"stand_1_rd1rd2_ride_ride_9341_rd2_stand_1_4","texture":"6chbBrHNZNPrkRoF+Zenc2","rect":[1,1,346,244],"offset":[-17,72],"originalSize":[450,450],"capInsets":[0,0,0,0]}},{"__type__":"cc.SpriteFrame","content":{"name":"stand_1_rd1rd2_ride_ride_9341_rd2_stand_1_3","texture":"6chbBrHNZNPrkRoF+Zenc2","rect":[1,247,342,244],"offset":[-24,69],"originalSize":[450,450],"capInsets":[0,0,0,0]}},{"__type__":"cc.SpriteFrame","content":{"name":"stand_1_rd1rd2_ride_ride_9341_rd2_stand_1_1","texture":"6chbBrHNZNPrkRoF+Zenc2","rect":[649,677,310,238],"offset":[-37,66],"originalSize":[450,450],"capInsets":[0,0,0,0]}},{"__type__":"cc.SpriteFrame","content":{"name":"stand_1_rd1rd2_ride_ride_9341_rd2_stand_1_2","texture":"6chbBrHNZNPrkRoF+Zenc2","rect":[1,493,330,252],"offset":[-28,73],"originalSize":[450,450],"capInsets":[0,0,0,0]}}]