[{"__type__":"cc.SpriteFrame","content":{"name":"stand_1_rd2_ride_ride_9141_rd2_stand_1_3","texture":"07kk3MnbVARYbR4YeE1ZPT","rect":[296,2,128,170],"offset":[-64,38],"originalSize":[500,500],"capInsets":[0,0,0,0]}},{"__type__":"cc.SpriteFrame","content":{"name":"stand_1_rd2_ride_ride_9141_rd2_stand_1_7","texture":"07kk3MnbVARYbR4YeE1ZPT","rect":[2,2,158,174],"offset":[-77,38],"originalSize":[500,500],"capInsets":[0,0,0,0]}},{"__type__":"cc.SpriteFrame","content":{"name":"stand_1_rd2_ride_ride_9141_rd2_stand_1_4","texture":"07kk3MnbVARYbR4YeE1ZPT","rect":[304,174,138,168],"offset":[-68,38],"originalSize":[500,500],"capInsets":[0,0,0,0]}},{"__type__":"cc.SpriteFrame","content":{"name":"stand_1_rd2_ride_ride_9141_rd2_stand_1_8","texture":"07kk3MnbVARYbR4YeE1ZPT","rect":[2,178,154,174],"offset":[-76,37],"originalSize":[500,500],"capInsets":[0,0,0,0]}},{"__type__":"cc.SpriteFrame","content":{"name":"stand_1_rd2_ride_ride_9141_rd2_stand_1_5","texture":"07kk3MnbVARYbR4YeE1ZPT","rect":[174,354,142,168],"offset":[-69,38],"originalSize":[500,500],"rotated":1,"capInsets":[0,0,0,0]}},{"__type__":"cc.SpriteFrame","content":{"name":"stand_1_rd2_ride_ride_9141_rd2_stand_1_1","texture":"07kk3MnbVARYbR4YeE1ZPT","rect":[158,178,144,174],"offset":[-71,38],"originalSize":[500,500],"capInsets":[0,0,0,0]}},{"__type__":"cc.SpriteFrame","content":{"name":"stand_1_rd2_ride_ride_9141_rd2_stand_1_6","texture":"07kk3MnbVARYbR4YeE1ZPT","rect":[2,354,152,170],"offset":[-73,38],"originalSize":[500,500],"rotated":1,"capInsets":[0,0,0,0]}},{"__type__":"cc.SpriteAtlas","_name":"stand_1_b.plist","_spriteFrames":{"stand_1_rd2_ride_ride_9141_rd2_stand_1_1":{"__uuid__":"6dNgciARJOs7aSyuGsvTgq"},"stand_1_rd2_ride_ride_9141_rd2_stand_1_2":{"__uuid__":"ecIGhrQhdJ9p/94jArDh6d"},"stand_1_rd2_ride_ride_9141_rd2_stand_1_3":{"__uuid__":"0fR+p45UFDKoeMMCkRioTG"},"stand_1_rd2_ride_ride_9141_rd2_stand_1_4":{"__uuid__":"2btTDGuLFIgbOieok7VGma"},"stand_1_rd2_ride_ride_9141_rd2_stand_1_5":{"__uuid__":"51F56uy6tIR77Y0lQF6Y52"},"stand_1_rd2_ride_ride_9141_rd2_stand_1_6":{"__uuid__":"b22uOzf0pLqYpQ5d3bb4HN"},"stand_1_rd2_ride_ride_9141_rd2_stand_1_7":{"__uuid__":"29QdCiI1xMxoY8yv/CMk47"},"stand_1_rd2_ride_ride_9141_rd2_stand_1_8":{"__uuid__":"2b3W8xqxhN+4mOmX2YsnSt"}}},{"__type__":"cc.SpriteFrame","content":{"name":"stand_1_rd2_ride_ride_9141_rd2_stand_1_2","texture":"07kk3MnbVARYbR4YeE1ZPT","rect":[162,2,132,172],"offset":[-66,38],"originalSize":[500,500],"capInsets":[0,0,0,0]}}]