[{"__type__":"cc.SpriteFrame","content":{"name":"stand_1_part1_wing_5001_stand_1_part1_0005","texture":"36JrG2LxlFYbmqsKiCZ5E8","rect":[178,126,62,76],"offset":[-57,61],"originalSize":[500,500],"rotated":1,"capInsets":[0,0,0,0]}},{"__type__":"cc.SpriteFrame","content":{"name":"stand_1_part1_wing_5001_stand_1_part1_0001","texture":"36JrG2LxlFYbmqsKiCZ5E8","rect":[62,2,58,78],"offset":[-55,54],"originalSize":[500,500],"rotated":1,"capInsets":[0,0,0,0]}},{"__type__":"cc.SpriteFrame","content":{"name":"stand_1_part1_wing_5001_stand_1_part1_0004","texture":"36JrG2LxlFYbmqsKiCZ5E8","rect":[178,190,64,66],"offset":[-58,59],"originalSize":[500,500],"rotated":1,"capInsets":[0,0,0,0]}},{"__type__":"cc.SpriteFrame","content":{"name":"stand_1_part1_wing_5001_stand_1_part1_0010","texture":"36JrG2LxlFYbmqsKiCZ5E8","rect":[88,62,60,80],"offset":[-56,61],"originalSize":[500,500],"rotated":1,"capInsets":[0,0,0,0]}},{"__type__":"cc.SpriteFrame","content":{"name":"stand_1_part1_wing_5001_stand_1_part1_0011","texture":"36JrG2LxlFYbmqsKiCZ5E8","rect":[2,62,60,84],"offset":[-56,58],"originalSize":[500,500],"rotated":1,"capInsets":[0,0,0,0]}},{"__type__":"cc.SpriteFrame","content":{"name":"stand_1_part1_wing_5001_stand_1_part1_0003","texture":"36JrG2LxlFYbmqsKiCZ5E8","rect":[142,2,62,58],"offset":[-57,59],"originalSize":[500,500],"capInsets":[0,0,0,0]}},{"__type__":"cc.SpriteFrame","content":{"name":"stand_1_part1_wing_5001_stand_1_part1_0008","texture":"36JrG2LxlFYbmqsKiCZ5E8","rect":[90,190,64,86],"offset":[-58,60],"originalSize":[500,500],"rotated":1,"capInsets":[0,0,0,0]}},{"__type__":"cc.SpriteFrame","content":{"name":"stand_1_part1_wing_5001_stand_1_part1_0002","texture":"36JrG2LxlFYbmqsKiCZ5E8","rect":[2,2,58,54],"offset":[-55,58],"originalSize":[500,500],"capInsets":[0,0,0,0]}},{"__type__":"cc.SpriteFrame","content":{"name":"stand_1_part1_wing_5001_stand_1_part1_0007","texture":"36JrG2LxlFYbmqsKiCZ5E8","rect":[2,188,64,86],"offset":[-58,63],"originalSize":[500,500],"rotated":1,"capInsets":[0,0,0,0]}},{"__type__":"cc.SpriteAtlas","_name":"stand_1_part1.plist","_spriteFrames":{"stand_1_part1_wing_5001_stand_1_part1_0001":{"__uuid__":"3c7U2xUHpMg72zX6DO3WQm"},"stand_1_part1_wing_5001_stand_1_part1_0002":{"__uuid__":"9cMXNkMJpDGI6a01CuTB61"},"stand_1_part1_wing_5001_stand_1_part1_0003":{"__uuid__":"80eGiylmJBXrUN85ZDXjE2"},"stand_1_part1_wing_5001_stand_1_part1_0004":{"__uuid__":"4cbxAGBexPeoDZx38vN2gR"},"stand_1_part1_wing_5001_stand_1_part1_0005":{"__uuid__":"249C8A6j5L563HFwDM6f8k"},"stand_1_part1_wing_5001_stand_1_part1_0006":{"__uuid__":"e5nXEgKlZCm4qWaaXREpJq"},"stand_1_part1_wing_5001_stand_1_part1_0007":{"__uuid__":"c0XT6L8cpJhIQyzmCbN+5L"},"stand_1_part1_wing_5001_stand_1_part1_0008":{"__uuid__":"8eibfPdgFGba8mL7M0Y9Zg"},"stand_1_part1_wing_5001_stand_1_part1_0009":{"__uuid__":"faYqjfrlRAaIHy6kXPkNiO"},"stand_1_part1_wing_5001_stand_1_part1_0010":{"__uuid__":"4fZpmzF71AbKceTugQHZ4W"},"stand_1_part1_wing_5001_stand_1_part1_0011":{"__uuid__":"65IDnn7jNAiomSruti1Ug6"},"stand_1_part1_wing_5001_stand_1_part1_0012":{"__uuid__":"e11pUorOhDmIxXqbHNnL82"}}},{"__type__":"cc.SpriteFrame","content":{"name":"stand_1_part1_wing_5001_stand_1_part1_0012","texture":"36JrG2LxlFYbmqsKiCZ5E8","rect":[170,62,62,84],"offset":[-57,55],"originalSize":[500,500],"rotated":1,"capInsets":[0,0,0,0]}},{"__type__":"cc.SpriteFrame","content":{"name":"stand_1_part1_wing_5001_stand_1_part1_0006","texture":"36JrG2LxlFYbmqsKiCZ5E8","rect":[94,126,62,82],"offset":[-57,64],"originalSize":[500,500],"rotated":1,"capInsets":[0,0,0,0]}},{"__type__":"cc.SpriteFrame","content":{"name":"stand_1_part1_wing_5001_stand_1_part1_0009","texture":"36JrG2LxlFYbmqsKiCZ5E8","rect":[2,124,62,90],"offset":[-57,58],"originalSize":[500,500],"rotated":1,"capInsets":[0,0,0,0]}}]