[{"__type__":"cc.SpriteFrame","content":{"name":"stand_3_rd1rd2_ride_ride_9341_rd2_stand_3_4","texture":"3djqm9H/hBmrBY284iucR4","rect":[299,395,288,286],"offset":[45,73],"originalSize":[500,500],"capInsets":[0,0,0,0]}},{"__type__":"cc.SpriteFrame","content":{"name":"stand_3_rd1rd2_ride_ride_9341_rd2_stand_3_1","texture":"3djqm9H/hBmrBY284iucR4","rect":[1,565,296,288],"offset":[42,65],"originalSize":[500,500],"capInsets":[0,0,0,0]}},{"__type__":"cc.SpriteFrame","content":{"name":"stand_3_rd1rd2_ride_ride_9341_rd2_stand_3_8","texture":"3djqm9H/hBmrBY284iucR4","rect":[1,1,310,256],"offset":[53,50],"originalSize":[500,500],"capInsets":[0,0,0,0]}},{"__type__":"cc.SpriteFrame","content":{"name":"stand_3_rd1rd2_ride_ride_9341_rd2_stand_3_5","texture":"3djqm9H/hBmrBY284iucR4","rect":[589,675,288,164],"offset":[44,29],"originalSize":[500,500],"capInsets":[0,0,0,0]}},{"__type__":"cc.SpriteFrame","content":{"name":"stand_3_rd1rd2_ride_ride_9341_rd2_stand_3_3","texture":"3djqm9H/hBmrBY284iucR4","rect":[589,395,294,278],"offset":[49,77],"originalSize":[500,500],"capInsets":[0,0,0,0]}},{"__type__":"cc.SpriteFrame","content":{"name":"stand_3_rd1rd2_ride_ride_9341_rd2_stand_3_2","texture":"3djqm9H/hBmrBY284iucR4","rect":[1,259,296,304],"offset":[46,79],"originalSize":[500,500],"capInsets":[0,0,0,0]}},{"__type__":"cc.SpriteFrame","content":{"name":"stand_3_rd1rd2_ride_ride_9341_rd2_stand_3_7","texture":"3djqm9H/hBmrBY284iucR4","rect":[313,1,310,220],"offset":[51,41],"originalSize":[500,500],"capInsets":[0,0,0,0]}},{"__type__":"cc.SpriteAtlas","_name":"stand_3_b.plist","_spriteFrames":{"stand_3_rd1rd2_ride_ride_9341_rd2_stand_3_1":{"__uuid__":"45o6SGpvBEh7RKvzM5WJ/k"},"stand_3_rd1rd2_ride_ride_9341_rd2_stand_3_2":{"__uuid__":"beCI1RJBxD9J3FFfHpZOWW"},"stand_3_rd1rd2_ride_ride_9341_rd2_stand_3_3":{"__uuid__":"b6YtMAwm5FKaiMamNuW9eL"},"stand_3_rd1rd2_ride_ride_9341_rd2_stand_3_4":{"__uuid__":"3bpipf+31EU5C1l3nkbUnC"},"stand_3_rd1rd2_ride_ride_9341_rd2_stand_3_5":{"__uuid__":"8bnlmUODdIsqCbqe6IsiAA"},"stand_3_rd1rd2_ride_ride_9341_rd2_stand_3_6":{"__uuid__":"cdmA8JpoJPo40omeYOrDyi"},"stand_3_rd1rd2_ride_ride_9341_rd2_stand_3_7":{"__uuid__":"c0fbwfYyJOk5pgRCGvn3JW"},"stand_3_rd1rd2_ride_ride_9341_rd2_stand_3_8":{"__uuid__":"66xRERv8pBDr73gx8y6+7X"}}},{"__type__":"cc.SpriteFrame","content":{"name":"stand_3_rd1rd2_ride_ride_9341_rd2_stand_3_6","texture":"3djqm9H/hBmrBY284iucR4","rect":[313,223,300,170],"offset":[48,27],"originalSize":[500,500],"capInsets":[0,0,0,0]}}]