[{"__type__":"cc.SpriteFrame","content":{"name":"stand_3_rd1rd2_ride_ride_9222_rd2_stand_3_2","texture":"bb//woMoZH0KxALBIcGGMA","rect":[353,1,350,232],"offset":[-3,-29],"originalSize":[500,500],"capInsets":[0,0,0,0]}},{"__type__":"cc.SpriteFrame","content":{"name":"stand_3_rd1rd2_ride_ride_9222_rd2_stand_3_5","texture":"bb//woMoZH0KxALBIcGGMA","rect":[1,697,350,224],"offset":[-3,-33],"originalSize":[500,500],"capInsets":[0,0,0,0]}},{"__type__":"cc.SpriteFrame","content":{"name":"stand_3_rd1rd2_ride_ride_9222_rd2_stand_3_1","texture":"bb//woMoZH0KxALBIcGGMA","rect":[1,1,350,232],"offset":[-3,-29],"originalSize":[500,500],"capInsets":[0,0,0,0]}},{"__type__":"cc.SpriteFrame","content":{"name":"stand_3_rd1rd2_ride_ride_9222_rd2_stand_3_7","texture":"bb//woMoZH0KxALBIcGGMA","rect":[1,467,350,228],"offset":[-3,-31],"originalSize":[500,500],"capInsets":[0,0,0,0]}},{"__type__":"cc.SpriteFrame","content":{"name":"stand_3_rd1rd2_ride_ride_9222_rd2_stand_3_4","texture":"bb//woMoZH0KxALBIcGGMA","rect":[353,467,350,226],"offset":[-3,-32],"originalSize":[500,500],"capInsets":[0,0,0,0]}},{"__type__":"cc.SpriteFrame","content":{"name":"stand_3_rd1rd2_ride_ride_9222_rd2_stand_3_6","texture":"bb//woMoZH0KxALBIcGGMA","rect":[353,695,350,226],"offset":[-3,-32],"originalSize":[500,500],"capInsets":[0,0,0,0]}},{"__type__":"cc.SpriteAtlas","_name":"stand_3_b.plist","_spriteFrames":{"stand_3_rd1rd2_ride_ride_9222_rd2_stand_3_1":{"__uuid__":"58IyD13nRJLbyQJFxUzZUB"},"stand_3_rd1rd2_ride_ride_9222_rd2_stand_3_2":{"__uuid__":"3dYJlEfVNB0KLqK0/NaZZq"},"stand_3_rd1rd2_ride_ride_9222_rd2_stand_3_3":{"__uuid__":"ebrjhkWRdKG7WRVXoOwc7q"},"stand_3_rd1rd2_ride_ride_9222_rd2_stand_3_4":{"__uuid__":"8dxMNkl0BBdqLBX3aiYXXR"},"stand_3_rd1rd2_ride_ride_9222_rd2_stand_3_5":{"__uuid__":"546xLE0RNNE5FOgbD7GIoO"},"stand_3_rd1rd2_ride_ride_9222_rd2_stand_3_6":{"__uuid__":"94V/AVQvFBqI7Mwtxqz2Q8"},"stand_3_rd1rd2_ride_ride_9222_rd2_stand_3_7":{"__uuid__":"6fNGriq8xD8blsB/4UDCO3"},"stand_3_rd1rd2_ride_ride_9222_rd2_stand_3_8":{"__uuid__":"f6ALwLLOFNV7wzIE2A/dWL"}}},{"__type__":"cc.SpriteFrame","content":{"name":"stand_3_rd1rd2_ride_ride_9222_rd2_stand_3_3","texture":"bb//woMoZH0KxALBIcGGMA","rect":[1,235,350,230],"offset":[-3,-30],"originalSize":[500,500],"capInsets":[0,0,0,0]}},{"__type__":"cc.SpriteFrame","content":{"name":"stand_3_rd1rd2_ride_ride_9222_rd2_stand_3_8","texture":"bb//woMoZH0KxALBIcGGMA","rect":[353,235,350,230],"offset":[-3,-30],"originalSize":[500,500],"capInsets":[0,0,0,0]}}]