[{"__type__":"cc.SpriteFrame","content":{"name":"run_1_rd1rd2_run_3_rd1rd2_ride_ride_9331_rd1_run_1_6","texture":"69uqs0UFxLJbzZIOWPYXVX","rect":[323,1,188,174],"offset":[-6,4],"originalSize":[736,736],"capInsets":[0,0,0,0]}},{"__type__":"cc.SpriteFrame","content":{"name":"run_1_rd1rd2_run_3_rd1rd2_ride_ride_9331_rd1_run_1_2","texture":"69uqs0UFxLJbzZIOWPYXVX","rect":[1,1,130,200],"offset":[34,-34],"originalSize":[736,736],"capInsets":[0,0,0,0]}},{"__type__":"cc.SpriteFrame","content":{"name":"run_1_rd1rd2_run_3_rd1rd2_ride_ride_9331_rd1_run_1_8","texture":"69uqs0UFxLJbzZIOWPYXVX","rect":[133,1,188,182],"offset":[50,-9],"originalSize":[736,736],"capInsets":[0,0,0,0]}},{"__type__":"cc.SpriteAtlas","_name":"run_1_f.plist","_spriteFrames":{"run_1_rd1rd2_run_3_rd1rd2_ride_ride_9331_rd1_run_1_1":{"__uuid__":"95BH0fumtP2LPe/eOxPtU3"},"run_1_rd1rd2_run_3_rd1rd2_ride_ride_9331_rd1_run_1_2":{"__uuid__":"1eN/b9GAxELLjUzy/1wxNZ"},"run_1_rd1rd2_run_3_rd1rd2_ride_ride_9331_rd1_run_1_3":{"__uuid__":"bceXkJZjNFca4Bb13U8rH/"},"run_1_rd1rd2_run_3_rd1rd2_ride_ride_9331_rd1_run_1_4":{"__uuid__":"7fnqNI8/FE0LKUGmxUOWGk"},"run_1_rd1rd2_run_3_rd1rd2_ride_ride_9331_rd1_run_1_5":{"__uuid__":"77F2tqfqxJb65q3Mb8gPwG"},"run_1_rd1rd2_run_3_rd1rd2_ride_ride_9331_rd1_run_1_6":{"__uuid__":"13Lpr+VeRLGIIHjqzLq+RF"},"run_1_rd1rd2_run_3_rd1rd2_ride_ride_9331_rd1_run_1_7":{"__uuid__":"cb3YzS6oFEnInfcbfE0/GP"},"run_1_rd1rd2_run_3_rd1rd2_ride_ride_9331_rd1_run_1_8":{"__uuid__":"3aCsvlYlRLt45t0U5dvPSC"}}},{"__type__":"cc.SpriteFrame","content":{"name":"run_1_rd1rd2_run_3_rd1rd2_ride_ride_9331_rd1_run_1_5","texture":"69uqs0UFxLJbzZIOWPYXVX","rect":[323,177,180,126],"offset":[-6,2],"originalSize":[736,736],"capInsets":[0,0,0,0]}},{"__type__":"cc.SpriteFrame","content":{"name":"run_1_rd1rd2_run_3_rd1rd2_ride_ride_9331_rd1_run_1_4","texture":"69uqs0UFxLJbzZIOWPYXVX","rect":[139,185,152,160],"offset":[6,-16],"originalSize":[736,736],"capInsets":[0,0,0,0]}},{"__type__":"cc.SpriteFrame","content":{"name":"run_1_rd1rd2_run_3_rd1rd2_ride_ride_9331_rd1_run_1_1","texture":"69uqs0UFxLJbzZIOWPYXVX","rect":[1,203,136,194],"offset":[42,-17],"originalSize":[736,736],"capInsets":[0,0,0,0]}},{"__type__":"cc.SpriteFrame","content":{"name":"run_1_rd1rd2_run_3_rd1rd2_ride_ride_9331_rd1_run_1_3","texture":"69uqs0UFxLJbzZIOWPYXVX","rect":[331,305,140,174],"offset":[13,-19],"originalSize":[736,736],"capInsets":[0,0,0,0]}},{"__type__":"cc.SpriteFrame","content":{"name":"run_1_rd1rd2_run_3_rd1rd2_ride_ride_9331_rd1_run_1_7","texture":"69uqs0UFxLJbzZIOWPYXVX","rect":[139,347,190,160],"offset":[12,1],"originalSize":[736,736],"capInsets":[0,0,0,0]}}]