[{"__type__":"cc.SpriteFrame","content":{"name":"run_13_rd1rd2_ride_ride_9411_rd1_run_3_5","texture":"69mqEE/9hE84a0yUgL4hy4","rect":[1,1,226,178],"offset":[-18,7],"originalSize":[470,470],"capInsets":[0,0,0,0]}},{"__type__":"cc.SpriteFrame","content":{"name":"run_13_rd1rd2_ride_ride_9411_rd1_run_3_8","texture":"69mqEE/9hE84a0yUgL4hy4","rect":[243,353,272,166],"offset":[6,10],"originalSize":[470,470],"capInsets":[0,0,0,0]}},{"__type__":"cc.SpriteAtlas","_name":"run_3_b.plist","_spriteFrames":{"run_13_rd1rd2_ride_ride_9411_rd1_run_3_1":{"__uuid__":"a6FWzLfjlHWoQ/oB6I1d3A"},"run_13_rd1rd2_ride_ride_9411_rd1_run_3_2":{"__uuid__":"d9DEl5Zs1IsZ8FUIWNAxwj"},"run_13_rd1rd2_ride_ride_9411_rd1_run_3_3":{"__uuid__":"9a+hPwlxRMspte70wuGyl8"},"run_13_rd1rd2_ride_ride_9411_rd1_run_3_4":{"__uuid__":"7bYXv2J5ZPu4G+If2JmvdL"},"run_13_rd1rd2_ride_ride_9411_rd1_run_3_5":{"__uuid__":"0cGkus+HlJ04d8tToGgVHE"},"run_13_rd1rd2_ride_ride_9411_rd1_run_3_6":{"__uuid__":"baph3CzIdL6IFsdeopqG9X"},"run_13_rd1rd2_ride_ride_9411_rd1_run_3_7":{"__uuid__":"90hLmveQlJc7jvrhU6d9Tn"},"run_13_rd1rd2_ride_ride_9411_rd1_run_3_8":{"__uuid__":"1bDjvtVsxD4rd1XE0LfcNo"}}},{"__type__":"cc.SpriteFrame","content":{"name":"run_13_rd1rd2_ride_ride_9411_rd1_run_3_4","texture":"69mqEE/9hE84a0yUgL4hy4","rect":[1,347,240,176],"offset":[-10,9],"originalSize":[470,470],"capInsets":[0,0,0,0]}},{"__type__":"cc.SpriteFrame","content":{"name":"run_13_rd1rd2_ride_ride_9411_rd1_run_3_7","texture":"69mqEE/9hE84a0yUgL4hy4","rect":[243,521,252,166],"offset":[0,11],"originalSize":[470,470],"capInsets":[0,0,0,0]}},{"__type__":"cc.SpriteFrame","content":{"name":"run_13_rd1rd2_ride_ride_9411_rd1_run_3_3","texture":"69mqEE/9hE84a0yUgL4hy4","rect":[293,175,258,176],"offset":[-5,12],"originalSize":[470,470],"capInsets":[0,0,0,0]}},{"__type__":"cc.SpriteFrame","content":{"name":"run_13_rd1rd2_ride_ride_9411_rd1_run_3_1","texture":"69mqEE/9hE84a0yUgL4hy4","rect":[1,181,290,164],"offset":[10,9],"originalSize":[470,470],"capInsets":[0,0,0,0]}},{"__type__":"cc.SpriteFrame","content":{"name":"run_13_rd1rd2_ride_ride_9411_rd1_run_3_6","texture":"69mqEE/9hE84a0yUgL4hy4","rect":[1,525,234,172],"offset":[-13,9],"originalSize":[470,470],"capInsets":[0,0,0,0]}},{"__type__":"cc.SpriteFrame","content":{"name":"run_13_rd1rd2_ride_ride_9411_rd1_run_3_2","texture":"69mqEE/9hE84a0yUgL4hy4","rect":[229,1,282,172],"offset":[2,8],"originalSize":[470,470],"capInsets":[0,0,0,0]}}]