[{"__type__":"cc.SpriteFrame","content":{"name":"stand_13_sh_ride_shape_4017_sh_stand_3_4","texture":"1bsar53oJG5aZZLcEXDBMh","rect":[83,157,80,154],"offset":[-15,-33],"originalSize":[470,470],"capInsets":[0,0,0,0]}},{"__type__":"cc.SpriteFrame","content":{"name":"stand_13_sh_ride_shape_4017_sh_stand_3_6","texture":"1bsar53oJG5aZZLcEXDBMh","rect":[247,1,80,154],"offset":[-14,-33],"originalSize":[470,470],"capInsets":[0,0,0,0]}},{"__type__":"cc.SpriteAtlas","_name":"stand_3.plist","_spriteFrames":{"stand_13_sh_ride_shape_4017_sh_stand_3_1":{"__uuid__":"faD0b4/rdFwYktROm8E3hi"},"stand_13_sh_ride_shape_4017_sh_stand_3_2":{"__uuid__":"8f7DxQvFFDh5HxMkaiNCRJ"},"stand_13_sh_ride_shape_4017_sh_stand_3_3":{"__uuid__":"cdmPanKMJFvJHPfQ+7qxKx"},"stand_13_sh_ride_shape_4017_sh_stand_3_4":{"__uuid__":"15kxczK6dBtZ16RHNf/etm"},"stand_13_sh_ride_shape_4017_sh_stand_3_5":{"__uuid__":"f5+EawDVdAhbqCYrljTOnE"},"stand_13_sh_ride_shape_4017_sh_stand_3_6":{"__uuid__":"43Fo6lZSdHMpzW/Qt+dSBH"},"stand_13_sh_ride_shape_4017_sh_stand_3_7":{"__uuid__":"e72VfrmntLWbI2E/5MB9PS"},"stand_13_sh_ride_shape_4017_sh_stand_3_8":{"__uuid__":"8fqqV8sDpKTrjd8ADBf4qs"}}},{"__type__":"cc.SpriteFrame","content":{"name":"stand_13_sh_ride_shape_4017_sh_stand_3_8","texture":"1bsar53oJG5aZZLcEXDBMh","rect":[247,157,80,154],"offset":[-14,-33],"originalSize":[470,470],"capInsets":[0,0,0,0]}},{"__type__":"cc.SpriteFrame","content":{"name":"stand_13_sh_ride_shape_4017_sh_stand_3_2","texture":"1bsar53oJG5aZZLcEXDBMh","rect":[1,157,80,154],"offset":[-15,-33],"originalSize":[470,470],"capInsets":[0,0,0,0]}},{"__type__":"cc.SpriteFrame","content":{"name":"stand_13_sh_ride_shape_4017_sh_stand_3_3","texture":"1bsar53oJG5aZZLcEXDBMh","rect":[83,1,80,154],"offset":[-15,-34],"originalSize":[470,470],"capInsets":[0,0,0,0]}},{"__type__":"cc.SpriteFrame","content":{"name":"stand_13_sh_ride_shape_4017_sh_stand_3_7","texture":"1bsar53oJG5aZZLcEXDBMh","rect":[165,157,80,154],"offset":[-14,-33],"originalSize":[470,470],"capInsets":[0,0,0,0]}},{"__type__":"cc.SpriteFrame","content":{"name":"stand_13_sh_ride_shape_4017_sh_stand_3_5","texture":"1bsar53oJG5aZZLcEXDBMh","rect":[165,1,80,154],"offset":[-14,-33],"originalSize":[470,470],"capInsets":[0,0,0,0]}},{"__type__":"cc.SpriteFrame","content":{"name":"stand_13_sh_ride_shape_4017_sh_stand_3_1","texture":"1bsar53oJG5aZZLcEXDBMh","rect":[1,1,80,154],"offset":[-15,-33],"originalSize":[470,470],"capInsets":[0,0,0,0]}}]