[{"__type__":"cc.SpriteFrame","content":{"name":"run_13_sh_ride_shape_1002_sh_run_3_6","texture":"1abB2nW01ItYOL2r7N4fLh","rect":[1,141,104,136],"offset":[-8,-21],"originalSize":[490,490],"capInsets":[0,0,0,0]}},{"__type__":"cc.SpriteFrame","content":{"name":"run_13_sh_ride_shape_1002_sh_run_3_3","texture":"1abB2nW01ItYOL2r7N4fLh","rect":[207,265,96,132],"offset":[-9,-19],"originalSize":[490,490],"capInsets":[0,0,0,0]}},{"__type__":"cc.SpriteAtlas","_name":"run_3.plist","_spriteFrames":{"run_13_sh_ride_shape_1002_sh_run_3_1":{"__uuid__":"a9+QRD9iZOepP4tUWIYGHX"},"run_13_sh_ride_shape_1002_sh_run_3_2":{"__uuid__":"c1JMRg/7VD4bkBwWnt25dK"},"run_13_sh_ride_shape_1002_sh_run_3_3":{"__uuid__":"16sQyDzJJCw5op/qhiUmKX"},"run_13_sh_ride_shape_1002_sh_run_3_4":{"__uuid__":"6cl/s2Mv9DkrEeoFnHCEfY"},"run_13_sh_ride_shape_1002_sh_run_3_5":{"__uuid__":"dadQpAzx5K9aVEKHWXq8xu"},"run_13_sh_ride_shape_1002_sh_run_3_6":{"__uuid__":"0f1MonpcBC5YiKRstvtSbl"},"run_13_sh_ride_shape_1002_sh_run_3_7":{"__uuid__":"f5ttvZvUVPsZ2S+YBkqKMv"},"run_13_sh_ride_shape_1002_sh_run_3_8":{"__uuid__":"87HmCA9F1MW7yFclzj8tj+"}}},{"__type__":"cc.SpriteFrame","content":{"name":"run_13_sh_ride_shape_1002_sh_run_3_4","texture":"1abB2nW01ItYOL2r7N4fLh","rect":[105,1,100,134],"offset":[-9,-20],"originalSize":[490,490],"capInsets":[0,0,0,0]}},{"__type__":"cc.SpriteFrame","content":{"name":"run_13_sh_ride_shape_1002_sh_run_3_8","texture":"1abB2nW01ItYOL2r7N4fLh","rect":[207,135,102,128],"offset":[-9,-16],"originalSize":[490,490],"capInsets":[0,0,0,0]}},{"__type__":"cc.SpriteFrame","content":{"name":"run_13_sh_ride_shape_1002_sh_run_3_1","texture":"1abB2nW01ItYOL2r7N4fLh","rect":[107,137,98,128],"offset":[-10,-16],"originalSize":[490,490],"capInsets":[0,0,0,0]}},{"__type__":"cc.SpriteFrame","content":{"name":"run_13_sh_ride_shape_1002_sh_run_3_2","texture":"1abB2nW01ItYOL2r7N4fLh","rect":[305,265,92,130],"offset":[-8,-18],"originalSize":[490,490],"capInsets":[0,0,0,0]}},{"__type__":"cc.SpriteFrame","content":{"name":"run_13_sh_ride_shape_1002_sh_run_3_5","texture":"1abB2nW01ItYOL2r7N4fLh","rect":[1,1,102,138],"offset":[-8,-21],"originalSize":[490,490],"capInsets":[0,0,0,0]}},{"__type__":"cc.SpriteFrame","content":{"name":"run_13_sh_ride_shape_1002_sh_run_3_7","texture":"1abB2nW01ItYOL2r7N4fLh","rect":[207,1,102,132],"offset":[-8,-19],"originalSize":[490,490],"capInsets":[0,0,0,0]}}]