[{"__type__":"cc.SpriteFrame","content":{"name":"stand_13_sh_ride_shape_1012_sh_stand_1_4","texture":"92Z/+p6PZBmrh0xGn1vqF/","rect":[91,151,88,144],"offset":[-23,-28],"originalSize":[500,500],"capInsets":[0,0,0,0]}},{"__type__":"cc.SpriteFrame","content":{"name":"stand_13_sh_ride_shape_1012_sh_stand_1_6","texture":"92Z/+p6PZBmrh0xGn1vqF/","rect":[1,151,88,146],"offset":[-24,-27],"originalSize":[500,500],"capInsets":[0,0,0,0]}},{"__type__":"cc.SpriteAtlas","_name":"stand_1.plist","_spriteFrames":{"stand_13_sh_ride_shape_1012_sh_stand_1_1":{"__uuid__":"99hieYAwpF1ItzM2bULIhS"},"stand_13_sh_ride_shape_1012_sh_stand_1_2":{"__uuid__":"f3jatrI8FIJqeZZ7M4Mu8G"},"stand_13_sh_ride_shape_1012_sh_stand_1_3":{"__uuid__":"e8rRQGKLxIdaNXvL3Y+kb/"},"stand_13_sh_ride_shape_1012_sh_stand_1_4":{"__uuid__":"10M5r3+CVFEpO+xSiX5RhZ"},"stand_13_sh_ride_shape_1012_sh_stand_1_5":{"__uuid__":"e8/QxQawFIzLI5L9x/61TT"},"stand_13_sh_ride_shape_1012_sh_stand_1_6":{"__uuid__":"17H9ZpoohOSYNl3hGqxT93"},"stand_13_sh_ride_shape_1012_sh_stand_1_7":{"__uuid__":"ccFPWS8/xL5bzWcqiy2dkF"},"stand_13_sh_ride_shape_1012_sh_stand_1_8":{"__uuid__":"bdMOmM64VLh40veHTN3GKK"}}},{"__type__":"cc.SpriteFrame","content":{"name":"stand_13_sh_ride_shape_1012_sh_stand_1_1","texture":"92Z/+p6PZBmrh0xGn1vqF/","rect":[1,1,90,148],"offset":[-23,-26],"originalSize":[500,500],"capInsets":[0,0,0,0]}},{"__type__":"cc.SpriteFrame","content":{"name":"stand_13_sh_ride_shape_1012_sh_stand_1_8","texture":"92Z/+p6PZBmrh0xGn1vqF/","rect":[183,1,88,148],"offset":[-24,-26],"originalSize":[500,500],"capInsets":[0,0,0,0]}},{"__type__":"cc.SpriteFrame","content":{"name":"stand_13_sh_ride_shape_1012_sh_stand_1_7","texture":"92Z/+p6PZBmrh0xGn1vqF/","rect":[93,1,88,148],"offset":[-24,-26],"originalSize":[500,500],"capInsets":[0,0,0,0]}},{"__type__":"cc.SpriteFrame","content":{"name":"stand_13_sh_ride_shape_1012_sh_stand_1_3","texture":"92Z/+p6PZBmrh0xGn1vqF/","rect":[273,149,90,146],"offset":[-23,-27],"originalSize":[500,500],"capInsets":[0,0,0,0]}},{"__type__":"cc.SpriteFrame","content":{"name":"stand_13_sh_ride_shape_1012_sh_stand_1_5","texture":"92Z/+p6PZBmrh0xGn1vqF/","rect":[181,151,88,144],"offset":[-24,-28],"originalSize":[500,500],"capInsets":[0,0,0,0]}},{"__type__":"cc.SpriteFrame","content":{"name":"stand_13_sh_ride_shape_1012_sh_stand_1_2","texture":"92Z/+p6PZBmrh0xGn1vqF/","rect":[273,1,90,146],"offset":[-23,-27],"originalSize":[500,500],"capInsets":[0,0,0,0]}}]