[{"__type__":"cc.SpriteFrame","content":{"name":"run_13_sh_ride_shape_4008_sh_run_3_3","texture":"3b3GwPXsxGQIV0c3Yb49TB","rect":[1,117,80,122],"offset":[-4,-23],"originalSize":[500,500],"capInsets":[0,0,0,0]}},{"__type__":"cc.SpriteFrame","content":{"name":"run_13_sh_ride_shape_4008_sh_run_3_5","texture":"3b3GwPXsxGQIV0c3Yb49TB","rect":[259,121,86,122],"offset":[-6,-22],"originalSize":[500,500],"capInsets":[0,0,0,0]}},{"__type__":"cc.SpriteAtlas","_name":"run_3.plist","_spriteFrames":{"run_13_sh_ride_shape_4008_sh_run_3_1":{"__uuid__":"7eaSXSFY5AS5DMR+Kcp3jX"},"run_13_sh_ride_shape_4008_sh_run_3_2":{"__uuid__":"ab6yfAjzpJBJ5zLfBw+wLx"},"run_13_sh_ride_shape_4008_sh_run_3_3":{"__uuid__":"13yGv6RG1EDYTeO6cmHbfw"},"run_13_sh_ride_shape_4008_sh_run_3_4":{"__uuid__":"83Bj0+VoxNPbrPBPGckuvB"},"run_13_sh_ride_shape_4008_sh_run_3_5":{"__uuid__":"5ehR9B1PNDk4zcJjYBm2lg"},"run_13_sh_ride_shape_4008_sh_run_3_6":{"__uuid__":"a1mDbR9yFAAKNQMQPzeeHl"},"run_13_sh_ride_shape_4008_sh_run_3_7":{"__uuid__":"ffkd8h/cVKhYcw1T1Zq/Pa"},"run_13_sh_ride_shape_4008_sh_run_3_8":{"__uuid__":"d8Bv9+uAFD6p6SnI0JW8fZ"}}},{"__type__":"cc.SpriteFrame","content":{"name":"run_13_sh_ride_shape_4008_sh_run_3_1","texture":"3b3GwPXsxGQIV0c3Yb49TB","rect":[89,1,82,116],"offset":[-7,-19],"originalSize":[500,500],"capInsets":[0,0,0,0]}},{"__type__":"cc.SpriteFrame","content":{"name":"run_13_sh_ride_shape_4008_sh_run_3_4","texture":"3b3GwPXsxGQIV0c3Yb49TB","rect":[173,121,84,122],"offset":[-5,-23],"originalSize":[500,500],"capInsets":[0,0,0,0]}},{"__type__":"cc.SpriteFrame","content":{"name":"run_13_sh_ride_shape_4008_sh_run_3_6","texture":"3b3GwPXsxGQIV0c3Yb49TB","rect":[83,119,88,120],"offset":[-7,-22],"originalSize":[500,500],"capInsets":[0,0,0,0]}},{"__type__":"cc.SpriteFrame","content":{"name":"run_13_sh_ride_shape_4008_sh_run_3_2","texture":"3b3GwPXsxGQIV0c3Yb49TB","rect":[173,1,80,118],"offset":[-5,-21],"originalSize":[500,500],"capInsets":[0,0,0,0]}},{"__type__":"cc.SpriteFrame","content":{"name":"run_13_sh_ride_shape_4008_sh_run_3_8","texture":"3b3GwPXsxGQIV0c3Yb49TB","rect":[1,1,86,114],"offset":[-7,-20],"originalSize":[500,500],"capInsets":[0,0,0,0]}},{"__type__":"cc.SpriteFrame","content":{"name":"run_13_sh_ride_shape_4008_sh_run_3_7","texture":"3b3GwPXsxGQIV0c3Yb49TB","rect":[255,1,90,118],"offset":[-8,-21],"originalSize":[500,500],"capInsets":[0,0,0,0]}}]