[{"__type__":"cc.SpriteFrame","content":{"name":"run_13_sh_ride_shape_4017_sh_run_3_4","texture":"24zYTkzI1GAavVRQP7xXUs","rect":[91,1,84,150],"offset":[-11,-31],"originalSize":[470,470],"capInsets":[0,0,0,0]}},{"__type__":"cc.SpriteFrame","content":{"name":"run_13_sh_ride_shape_4017_sh_run_3_2","texture":"24zYTkzI1GAavVRQP7xXUs","rect":[89,155,88,150],"offset":[-12,-31],"originalSize":[470,470],"capInsets":[0,0,0,0]}},{"__type__":"cc.SpriteAtlas","_name":"run_3.plist","_spriteFrames":{"run_13_sh_ride_shape_4017_sh_run_3_1":{"__uuid__":"a59qmivqBM9pgHF51OKiU9"},"run_13_sh_ride_shape_4017_sh_run_3_2":{"__uuid__":"11BX2o85RGyYeMWtJn7Oro"},"run_13_sh_ride_shape_4017_sh_run_3_3":{"__uuid__":"bcJrkQyAhPR5yt2Nf68IzR"},"run_13_sh_ride_shape_4017_sh_run_3_4":{"__uuid__":"069zMEpyZPIb+RdvO6vfF9"},"run_13_sh_ride_shape_4017_sh_run_3_5":{"__uuid__":"bcVtExtENClqD1tznP8w7D"},"run_13_sh_ride_shape_4017_sh_run_3_6":{"__uuid__":"ebCn0lBtdH+YNd/2LSxk+K"},"run_13_sh_ride_shape_4017_sh_run_3_7":{"__uuid__":"6f2aBmiOBBK48QkgR0/HOX"},"run_13_sh_ride_shape_4017_sh_run_3_8":{"__uuid__":"47mXRK5m1Jdq48xnfoCF+U"}}},{"__type__":"cc.SpriteFrame","content":{"name":"run_13_sh_ride_shape_4017_sh_run_3_8","texture":"24zYTkzI1GAavVRQP7xXUs","rect":[177,1,84,150],"offset":[-15,-30],"originalSize":[470,470],"capInsets":[0,0,0,0]}},{"__type__":"cc.SpriteFrame","content":{"name":"run_13_sh_ride_shape_4017_sh_run_3_7","texture":"24zYTkzI1GAavVRQP7xXUs","rect":[263,153,80,148],"offset":[-16,-31],"originalSize":[470,470],"capInsets":[0,0,0,0]}},{"__type__":"cc.SpriteFrame","content":{"name":"run_13_sh_ride_shape_4017_sh_run_3_1","texture":"24zYTkzI1GAavVRQP7xXUs","rect":[1,155,86,152],"offset":[-14,-31],"originalSize":[470,470],"capInsets":[0,0,0,0]}},{"__type__":"cc.SpriteFrame","content":{"name":"run_13_sh_ride_shape_4017_sh_run_3_3","texture":"24zYTkzI1GAavVRQP7xXUs","rect":[1,1,88,152],"offset":[-11,-31],"originalSize":[470,470],"capInsets":[0,0,0,0]}},{"__type__":"cc.SpriteFrame","content":{"name":"run_13_sh_ride_shape_4017_sh_run_3_5","texture":"24zYTkzI1GAavVRQP7xXUs","rect":[179,153,82,150],"offset":[-13,-31],"originalSize":[470,470],"capInsets":[0,0,0,0]}},{"__type__":"cc.SpriteFrame","content":{"name":"run_13_sh_ride_shape_4017_sh_run_3_6","texture":"24zYTkzI1GAavVRQP7xXUs","rect":[263,1,80,150],"offset":[-15,-30],"originalSize":[470,470],"capInsets":[0,0,0,0]}}]