[{"__type__":"cc.SpriteFrame","content":{"name":"stand_13_sh_ride_shape_4018_sh_stand_3_6","texture":"b8u/QEAw1PC5LD/QBiJ7WH","rect":[215,119,106,114],"offset":[10,-24],"originalSize":[470,470],"capInsets":[0,0,0,0]}},{"__type__":"cc.SpriteFrame","content":{"name":"stand_13_sh_ride_shape_4018_sh_stand_3_7","texture":"b8u/QEAw1PC5LD/QBiJ7WH","rect":[215,235,106,114],"offset":[9,-24],"originalSize":[470,470],"capInsets":[0,0,0,0]}},{"__type__":"cc.SpriteFrame","content":{"name":"stand_13_sh_ride_shape_4018_sh_stand_3_3","texture":"b8u/QEAw1PC5LD/QBiJ7WH","rect":[217,1,106,116],"offset":[10,-27],"originalSize":[470,470],"capInsets":[0,0,0,0]}},{"__type__":"cc.SpriteAtlas","_name":"stand_3.plist","_spriteFrames":{"stand_13_sh_ride_shape_4018_sh_stand_3_1":{"__uuid__":"5agrFoalVFCY0ror9nfGp9"},"stand_13_sh_ride_shape_4018_sh_stand_3_2":{"__uuid__":"d2II6+U11KMpWSvq1e7MEZ"},"stand_13_sh_ride_shape_4018_sh_stand_3_3":{"__uuid__":"26aYYaB+VP+YxcJdFld8hL"},"stand_13_sh_ride_shape_4018_sh_stand_3_4":{"__uuid__":"d69xi7DFhFBopUabdWmd0l"},"stand_13_sh_ride_shape_4018_sh_stand_3_5":{"__uuid__":"f6a98N9QpFKpMvKM0KQ85A"},"stand_13_sh_ride_shape_4018_sh_stand_3_6":{"__uuid__":"090d3wGrlMAJqLlQW11dID"},"stand_13_sh_ride_shape_4018_sh_stand_3_7":{"__uuid__":"17rwbbEMBEMa0yk29tmKBp"},"stand_13_sh_ride_shape_4018_sh_stand_3_8":{"__uuid__":"ecnV5rsg1LIIAjROMXkQ4z"}}},{"__type__":"cc.SpriteFrame","content":{"name":"stand_13_sh_ride_shape_4018_sh_stand_3_1","texture":"b8u/QEAw1PC5LD/QBiJ7WH","rect":[1,1,104,118],"offset":[9,-26],"originalSize":[470,470],"capInsets":[0,0,0,0]}},{"__type__":"cc.SpriteFrame","content":{"name":"stand_13_sh_ride_shape_4018_sh_stand_3_2","texture":"b8u/QEAw1PC5LD/QBiJ7WH","rect":[1,121,104,118],"offset":[10,-27],"originalSize":[470,470],"capInsets":[0,0,0,0]}},{"__type__":"cc.SpriteFrame","content":{"name":"stand_13_sh_ride_shape_4018_sh_stand_3_4","texture":"b8u/QEAw1PC5LD/QBiJ7WH","rect":[107,235,106,114],"offset":[11,-26],"originalSize":[470,470],"capInsets":[0,0,0,0]}},{"__type__":"cc.SpriteFrame","content":{"name":"stand_13_sh_ride_shape_4018_sh_stand_3_8","texture":"b8u/QEAw1PC5LD/QBiJ7WH","rect":[107,117,106,116],"offset":[8,-25],"originalSize":[470,470],"capInsets":[0,0,0,0]}},{"__type__":"cc.SpriteFrame","content":{"name":"stand_13_sh_ride_shape_4018_sh_stand_3_5","texture":"b8u/QEAw1PC5LD/QBiJ7WH","rect":[107,1,108,114],"offset":[10,-25],"originalSize":[470,470],"capInsets":[0,0,0,0]}}]