[{"__type__":"cc.SpriteFrame","content":{"name":"stand_7_part2_wing_5003_stand_7_part2_0001","texture":"5ar/5CF+1EDrZy1mW241/s","rect":[136,192,74,56],"offset":[-50,33],"originalSize":[500,500],"capInsets":[0,0,0,0]}},{"__type__":"cc.SpriteFrame","content":{"name":"stand_7_part2_wing_5003_stand_7_part2_0007","texture":"5ar/5CF+1EDrZy1mW241/s","rect":[84,2,80,54],"offset":[-52,32],"originalSize":[500,500],"capInsets":[0,0,0,0]}},{"__type__":"cc.SpriteFrame","content":{"name":"stand_7_part2_wing_5003_stand_7_part2_0002","texture":"5ar/5CF+1EDrZy1mW241/s","rect":[58,114,76,56],"offset":[-51,33],"originalSize":[500,500],"rotated":1,"capInsets":[0,0,0,0]}},{"__type__":"cc.SpriteFrame","content":{"name":"stand_7_part2_wing_5003_stand_7_part2_0004","texture":"5ar/5CF+1EDrZy1mW241/s","rect":[166,2,78,54],"offset":[-51,32],"originalSize":[500,500],"capInsets":[0,0,0,0]}},{"__type__":"cc.SpriteFrame","content":{"name":"stand_7_part2_wing_5003_stand_7_part2_0003","texture":"5ar/5CF+1EDrZy1mW241/s","rect":[116,114,76,54],"offset":[-51,32],"originalSize":[500,500],"rotated":1,"capInsets":[0,0,0,0]}},{"__type__":"cc.SpriteFrame","content":{"name":"stand_7_part2_wing_5003_stand_7_part2_0006","texture":"5ar/5CF+1EDrZy1mW241/s","rect":[2,2,80,54],"offset":[-52,32],"originalSize":[500,500],"capInsets":[0,0,0,0]}},{"__type__":"cc.SpriteFrame","content":{"name":"stand_7_part2_wing_5003_stand_7_part2_0012","texture":"5ar/5CF+1EDrZy1mW241/s","rect":[172,114,74,56],"offset":[-50,31],"originalSize":[500,500],"rotated":1,"capInsets":[0,0,0,0]}},{"__type__":"cc.SpriteAtlas","_name":"stand_7_part2.plist","_spriteFrames":{"stand_7_part2_wing_5003_stand_7_part2_0001":{"__uuid__":"3eY8ng1TtME6+KdXRxzmc8"},"stand_7_part2_wing_5003_stand_7_part2_0002":{"__uuid__":"59SzfRpjdAhKfDjYYDiKNr"},"stand_7_part2_wing_5003_stand_7_part2_0003":{"__uuid__":"7aJVQ65XxA3J01d9T8UJI7"},"stand_7_part2_wing_5003_stand_7_part2_0004":{"__uuid__":"78II6mbKRKq7c9wA/Da4SK"},"stand_7_part2_wing_5003_stand_7_part2_0005":{"__uuid__":"b8nUx7efxDWJnjdjux57uG"},"stand_7_part2_wing_5003_stand_7_part2_0006":{"__uuid__":"80gBl5guRNBpzohhvKZgLh"},"stand_7_part2_wing_5003_stand_7_part2_0007":{"__uuid__":"52MsWS33lJ563dcZUqpu6f"},"stand_7_part2_wing_5003_stand_7_part2_0008":{"__uuid__":"e7VAkIpfZAL6OmQsEe7C5I"},"stand_7_part2_wing_5003_stand_7_part2_0009":{"__uuid__":"a2JZ4XBmhJJIdFCHGZ5P+q"},"stand_7_part2_wing_5003_stand_7_part2_0010":{"__uuid__":"dd1T7Jr4hPM4t5cr2TdQwy"},"stand_7_part2_wing_5003_stand_7_part2_0011":{"__uuid__":"d5DW6xaj1B4KC2s7BbvX/v"},"stand_7_part2_wing_5003_stand_7_part2_0012":{"__uuid__":"82l0Qv7htHJYj/oOPjOpwS"}}},{"__type__":"cc.SpriteFrame","content":{"name":"stand_7_part2_wing_5003_stand_7_part2_0009","texture":"5ar/5CF+1EDrZy1mW241/s","rect":[58,58,78,54],"offset":[-51,32],"originalSize":[500,500],"capInsets":[0,0,0,0]}},{"__type__":"cc.SpriteFrame","content":{"name":"stand_7_part2_wing_5003_stand_7_part2_0005","texture":"5ar/5CF+1EDrZy1mW241/s","rect":[2,58,78,54],"offset":[-51,32],"originalSize":[500,500],"rotated":1,"capInsets":[0,0,0,0]}},{"__type__":"cc.SpriteFrame","content":{"name":"stand_7_part2_wing_5003_stand_7_part2_0011","texture":"5ar/5CF+1EDrZy1mW241/s","rect":[58,192,76,56],"offset":[-50,31],"originalSize":[500,500],"capInsets":[0,0,0,0]}},{"__type__":"cc.SpriteFrame","content":{"name":"stand_7_part2_wing_5003_stand_7_part2_0010","texture":"5ar/5CF+1EDrZy1mW241/s","rect":[138,58,78,54],"offset":[-51,32],"originalSize":[500,500],"capInsets":[0,0,0,0]}},{"__type__":"cc.SpriteFrame","content":{"name":"stand_7_part2_wing_5003_stand_7_part2_0008","texture":"5ar/5CF+1EDrZy1mW241/s","rect":[2,138,78,54],"offset":[-51,32],"originalSize":[500,500],"rotated":1,"capInsets":[0,0,0,0]}}]