[{"__type__":"cc.SpriteFrame","content":{"name":"stand_8_part2_wing_5016_stand_8_part2_0007","texture":"671awfEo9Ea6OuI3bL3MpQ","rect":[2,392,54,96],"offset":[-44,78],"originalSize":[500,500],"capInsets":[0,0,0,0]}},{"__type__":"cc.SpriteAtlas","_name":"stand_8_part2.plist","_spriteFrames":{"stand_8_part2_wing_5016_stand_8_part2_0000":{"__uuid__":"c3JKWmXRZHoJBUNrxjwG0I"},"stand_8_part2_wing_5016_stand_8_part2_0001":{"__uuid__":"5bp/jkwfNI+aC3ap6dRYIz"},"stand_8_part2_wing_5016_stand_8_part2_0002":{"__uuid__":"feDwBAKwFOMbiUaSuHBNbB"},"stand_8_part2_wing_5016_stand_8_part2_0003":{"__uuid__":"aaK4pQvm9PuoqIV/WqYymN"},"stand_8_part2_wing_5016_stand_8_part2_0004":{"__uuid__":"7bJ3S5fN9J1YWv0N4fsgWp"},"stand_8_part2_wing_5016_stand_8_part2_0005":{"__uuid__":"b1YX4LZydMeZQ4/urqmXLI"},"stand_8_part2_wing_5016_stand_8_part2_0006":{"__uuid__":"5ccGjvWatFdawdT38aWwhT"},"stand_8_part2_wing_5016_stand_8_part2_0007":{"__uuid__":"403xKXFqZML5qLsyQPgfdb"},"stand_8_part2_wing_5016_stand_8_part2_0008":{"__uuid__":"b3nIayjMtEF4v9Bop4fzud"},"stand_8_part2_wing_5016_stand_8_part2_0009":{"__uuid__":"52+5zJU2BFNrIbl9QtyNQG"},"stand_8_part2_wing_5016_stand_8_part2_0010":{"__uuid__":"e3JTDNHrBM+o7loMdZiqcn"},"stand_8_part2_wing_5016_stand_8_part2_0011":{"__uuid__":"57Au146W1Fmr0vZjNn3wGs"}}},{"__type__":"cc.SpriteFrame","content":{"name":"stand_8_part2_wing_5016_stand_8_part2_0009","texture":"671awfEo9Ea6OuI3bL3MpQ","rect":[2,202,58,100],"offset":[-45,80],"originalSize":[500,500],"rotated":1,"capInsets":[0,0,0,0]}},{"__type__":"cc.SpriteFrame","content":{"name":"stand_8_part2_wing_5016_stand_8_part2_0011","texture":"671awfEo9Ea6OuI3bL3MpQ","rect":[2,2,60,104],"offset":[-44,81],"originalSize":[500,500],"rotated":1,"capInsets":[0,0,0,0]}},{"__type__":"cc.SpriteFrame","content":{"name":"stand_8_part2_wing_5016_stand_8_part2_0001","texture":"671awfEo9Ea6OuI3bL3MpQ","rect":[104,72,66,100],"offset":[-49,78],"originalSize":[500,500],"rotated":1,"capInsets":[0,0,0,0]}},{"__type__":"cc.SpriteFrame","content":{"name":"stand_8_part2_wing_5016_stand_8_part2_0006","texture":"671awfEo9Ea6OuI3bL3MpQ","rect":[2,64,68,100],"offset":[-52,80],"originalSize":[500,500],"rotated":1,"capInsets":[0,0,0,0]}},{"__type__":"cc.SpriteFrame","content":{"name":"stand_8_part2_wing_5016_stand_8_part2_0004","texture":"671awfEo9Ea6OuI3bL3MpQ","rect":[104,260,68,98],"offset":[-51,79],"originalSize":[500,500],"rotated":1,"capInsets":[0,0,0,0]}},{"__type__":"cc.SpriteFrame","content":{"name":"stand_8_part2_wing_5016_stand_8_part2_0003","texture":"671awfEo9Ea6OuI3bL3MpQ","rect":[108,2,68,102],"offset":[-50,79],"originalSize":[500,500],"rotated":1,"capInsets":[0,0,0,0]}},{"__type__":"cc.SpriteFrame","content":{"name":"stand_8_part2_wing_5016_stand_8_part2_0005","texture":"671awfEo9Ea6OuI3bL3MpQ","rect":[2,262,64,98],"offset":[-48,79],"originalSize":[500,500],"rotated":1,"capInsets":[0,0,0,0]}},{"__type__":"cc.SpriteFrame","content":{"name":"stand_8_part2_wing_5016_stand_8_part2_0008","texture":"671awfEo9Ea6OuI3bL3MpQ","rect":[104,202,56,100],"offset":[-44,80],"originalSize":[500,500],"rotated":1,"capInsets":[0,0,0,0]}},{"__type__":"cc.SpriteFrame","content":{"name":"stand_8_part2_wing_5016_stand_8_part2_0000","texture":"671awfEo9Ea6OuI3bL3MpQ","rect":[2,328,62,98],"offset":[-47,78],"originalSize":[500,500],"rotated":1,"capInsets":[0,0,0,0]}},{"__type__":"cc.SpriteFrame","content":{"name":"stand_8_part2_wing_5016_stand_8_part2_0010","texture":"671awfEo9Ea6OuI3bL3MpQ","rect":[104,140,60,100],"offset":[-46,81],"originalSize":[500,500],"rotated":1,"capInsets":[0,0,0,0]}},{"__type__":"cc.SpriteFrame","content":{"name":"stand_8_part2_wing_5016_stand_8_part2_0002","texture":"671awfEo9Ea6OuI3bL3MpQ","rect":[2,134,66,100],"offset":[-49,78],"originalSize":[500,500],"rotated":1,"capInsets":[0,0,0,0]}}]