[{"__type__":"cc.SpriteFrame","content":{"name":"stand_3_part1_wing_5011_stand_3_part1_0010","texture":"7biBq5G5dAJa42h83eFY83","rect":[106,2,48,86],"offset":[-4,17],"originalSize":[500,500],"capInsets":[0,0,0,0]}},{"__type__":"cc.SpriteFrame","content":{"name":"stand_3_part1_wing_5011_stand_3_part1_0012","texture":"7biBq5G5dAJa42h83eFY83","rect":[54,2,50,88],"offset":[-6,17],"originalSize":[500,500],"capInsets":[0,0,0,0]}},{"__type__":"cc.SpriteFrame","content":{"name":"stand_3_part1_wing_5011_stand_3_part1_0005","texture":"7biBq5G5dAJa42h83eFY83","rect":[172,106,50,80],"offset":[-6,16],"originalSize":[500,500],"rotated":1,"capInsets":[0,0,0,0]}},{"__type__":"cc.SpriteFrame","content":{"name":"stand_3_part1_wing_5011_stand_3_part1_0002","texture":"7biBq5G5dAJa42h83eFY83","rect":[2,2,50,90],"offset":[-6,17],"originalSize":[500,500],"capInsets":[0,0,0,0]}},{"__type__":"cc.SpriteFrame","content":{"name":"stand_3_part1_wing_5011_stand_3_part1_0007","texture":"7biBq5G5dAJa42h83eFY83","rect":[172,158,50,80],"offset":[-6,15],"originalSize":[500,500],"rotated":1,"capInsets":[0,0,0,0]}},{"__type__":"cc.SpriteFrame","content":{"name":"stand_3_part1_wing_5011_stand_3_part1_0004","texture":"7biBq5G5dAJa42h83eFY83","rect":[172,2,50,82],"offset":[-6,16],"originalSize":[500,500],"rotated":1,"capInsets":[0,0,0,0]}},{"__type__":"cc.SpriteFrame","content":{"name":"stand_3_part1_wing_5011_stand_3_part1_0011","texture":"7biBq5G5dAJa42h83eFY83","rect":[56,92,48,88],"offset":[-5,17],"originalSize":[500,500],"capInsets":[0,0,0,0]}},{"__type__":"cc.SpriteFrame","content":{"name":"stand_3_part1_wing_5011_stand_3_part1_0008","texture":"7biBq5G5dAJa42h83eFY83","rect":[172,54,50,82],"offset":[-6,16],"originalSize":[500,500],"rotated":1,"capInsets":[0,0,0,0]}},{"__type__":"cc.SpriteFrame","content":{"name":"stand_3_part1_wing_5011_stand_3_part1_0009","texture":"7biBq5G5dAJa42h83eFY83","rect":[106,90,48,84],"offset":[-5,16],"originalSize":[500,500],"capInsets":[0,0,0,0]}},{"__type__":"cc.SpriteFrame","content":{"name":"stand_3_part1_wing_5011_stand_3_part1_0003","texture":"7biBq5G5dAJa42h83eFY83","rect":[84,182,50,86],"offset":[-6,16],"originalSize":[500,500],"rotated":1,"capInsets":[0,0,0,0]}},{"__type__":"cc.SpriteFrame","content":{"name":"stand_3_part1_wing_5011_stand_3_part1_0006","texture":"7biBq5G5dAJa42h83eFY83","rect":[2,184,56,80],"offset":[-3,15],"originalSize":[500,500],"rotated":1,"capInsets":[0,0,0,0]}},{"__type__":"cc.SpriteAtlas","_name":"stand_3_part1.plist","_spriteFrames":{"stand_3_part1_wing_5011_stand_3_part1_0001":{"__uuid__":"f4y59qlEBN9JrcVGoKVvgJ"},"stand_3_part1_wing_5011_stand_3_part1_0002":{"__uuid__":"67B5uqsexN0ZIChkuU1yvh"},"stand_3_part1_wing_5011_stand_3_part1_0003":{"__uuid__":"bdrqwqynBLPq6jHQ2aQbu/"},"stand_3_part1_wing_5011_stand_3_part1_0004":{"__uuid__":"8d2opivv5HjoDUQYyNM06W"},"stand_3_part1_wing_5011_stand_3_part1_0005":{"__uuid__":"42onuE96VGAYdwD5QX6VCL"},"stand_3_part1_wing_5011_stand_3_part1_0006":{"__uuid__":"e7Qi0E7A5C4ZqD9lqbWyrJ"},"stand_3_part1_wing_5011_stand_3_part1_0007":{"__uuid__":"8c6ufEKPVKraYu8oVJgAo5"},"stand_3_part1_wing_5011_stand_3_part1_0008":{"__uuid__":"aeF/ZLT0NP2YGTmE0HWed1"},"stand_3_part1_wing_5011_stand_3_part1_0009":{"__uuid__":"b6EnhL8gtLOJ6aE9L3VU8N"},"stand_3_part1_wing_5011_stand_3_part1_0010":{"__uuid__":"29Wu1XNO5KFKteJ+69h4w2"},"stand_3_part1_wing_5011_stand_3_part1_0011":{"__uuid__":"95dHXnh55JypaQW6S3yPG9"},"stand_3_part1_wing_5011_stand_3_part1_0012":{"__uuid__":"2bAkAn19hJsoK3eKe97vx0"}}},{"__type__":"cc.SpriteFrame","content":{"name":"stand_3_part1_wing_5011_stand_3_part1_0001","texture":"7biBq5G5dAJa42h83eFY83","rect":[2,94,52,88],"offset":[-7,17],"originalSize":[500,500],"capInsets":[0,0,0,0]}}]