[{"__type__":"cc.SpriteAtlas","_name":"stand_1_b.plist","_spriteFrames":{"stand_13_rd1rd2_ride_ride_9121_rd2_stand_1_1":{"__uuid__":"eaOYcabLZIIK/oOymCb2rT"},"stand_13_rd1rd2_ride_ride_9121_rd2_stand_1_2":{"__uuid__":"7f7EcQAbpPY6JmWCLA34eZ"},"stand_13_rd1rd2_ride_ride_9121_rd2_stand_1_3":{"__uuid__":"4bJGHbqzRNwoiTSsXaQnU0"},"stand_13_rd1rd2_ride_ride_9121_rd2_stand_1_4":{"__uuid__":"80y367OJVOnoP6QQV0+1dz"},"stand_13_rd1rd2_ride_ride_9121_rd2_stand_1_5":{"__uuid__":"74dBd3OutC85+QBsKvwFh0"},"stand_13_rd1rd2_ride_ride_9121_rd2_stand_1_6":{"__uuid__":"afJFDiXfxHdI9tZJNeYWfm"},"stand_13_rd1rd2_ride_ride_9121_rd2_stand_1_7":{"__uuid__":"e7mlcMGGNCYJtf40U8qfJc"},"stand_13_rd1rd2_ride_ride_9121_rd2_stand_1_8":{"__uuid__":"d05PyK2GpMYaiQOdkQFOHj"}}},{"__type__":"cc.SpriteFrame","content":{"name":"stand_13_rd1rd2_ride_ride_9121_rd2_stand_1_3","texture":"b9Nb2gZaxJr4PNCwHG8mJ7","rect":[1,216,249,213],"offset":[26,40],"originalSize":[425,425],"capInsets":[0,0,0,0]}},{"__type__":"cc.SpriteFrame","content":{"name":"stand_13_rd1rd2_ride_ride_9121_rd2_stand_1_5","texture":"b9Nb2gZaxJr4PNCwHG8mJ7","rect":[252,216,249,213],"offset":[26,40],"originalSize":[425,425],"capInsets":[0,0,0,0]}},{"__type__":"cc.SpriteFrame","content":{"name":"stand_13_rd1rd2_ride_ride_9121_rd2_stand_1_2","texture":"b9Nb2gZaxJr4PNCwHG8mJ7","rect":[252,1,249,213],"offset":[25,40],"originalSize":[425,425],"capInsets":[0,0,0,0]}},{"__type__":"cc.SpriteFrame","content":{"name":"stand_13_rd1rd2_ride_ride_9121_rd2_stand_1_4","texture":"b9Nb2gZaxJr4PNCwHG8mJ7","rect":[1,431,249,213],"offset":[26,40],"originalSize":[425,425],"capInsets":[0,0,0,0]}},{"__type__":"cc.SpriteFrame","content":{"name":"stand_13_rd1rd2_ride_ride_9121_rd2_stand_1_6","texture":"b9Nb2gZaxJr4PNCwHG8mJ7","rect":[252,431,249,213],"offset":[25,40],"originalSize":[425,425],"capInsets":[0,0,0,0]}},{"__type__":"cc.SpriteFrame","content":{"name":"stand_13_rd1rd2_ride_ride_9121_rd2_stand_1_8","texture":"b9Nb2gZaxJr4PNCwHG8mJ7","rect":[503,216,247,213],"offset":[25,40],"originalSize":[425,425],"capInsets":[0,0,0,0]}},{"__type__":"cc.SpriteFrame","content":{"name":"stand_13_rd1rd2_ride_ride_9121_rd2_stand_1_7","texture":"b9Nb2gZaxJr4PNCwHG8mJ7","rect":[503,1,247,213],"offset":[25,40],"originalSize":[425,425],"capInsets":[0,0,0,0]}},{"__type__":"cc.SpriteFrame","content":{"name":"stand_13_rd1rd2_ride_ride_9121_rd2_stand_1_1","texture":"b9Nb2gZaxJr4PNCwHG8mJ7","rect":[1,1,249,213],"offset":[25,40],"originalSize":[425,425],"capInsets":[0,0,0,0]}}]