[{"__type__":"cc.SpriteFrame","content":{"name":"run_13_sh_ride_shape_4017_sh_run_1_7","texture":"4cXMbRtG5DAb/rHMMGplnX","rect":[97,171,94,164],"offset":[-4,-32],"originalSize":[470,470],"capInsets":[0,0,0,0]}},{"__type__":"cc.SpriteFrame","content":{"name":"run_13_sh_ride_shape_4017_sh_run_1_3","texture":"4cXMbRtG5DAb/rHMMGplnX","rect":[99,1,92,168],"offset":[-4,-34],"originalSize":[470,470],"capInsets":[0,0,0,0]}},{"__type__":"cc.SpriteFrame","content":{"name":"run_13_sh_ride_shape_4017_sh_run_1_6","texture":"4cXMbRtG5DAb/rHMMGplnX","rect":[287,169,92,166],"offset":[-4,-32],"originalSize":[470,470],"capInsets":[0,0,0,0]}},{"__type__":"cc.SpriteFrame","content":{"name":"run_13_sh_ride_shape_4017_sh_run_1_4","texture":"4cXMbRtG5DAb/rHMMGplnX","rect":[193,169,92,166],"offset":[-4,-34],"originalSize":[470,470],"capInsets":[0,0,0,0]}},{"__type__":"cc.SpriteAtlas","_name":"run_1.plist","_spriteFrames":{"run_13_sh_ride_shape_4017_sh_run_1_1":{"__uuid__":"da2/LNy9BJB64rU27VLrE6"},"run_13_sh_ride_shape_4017_sh_run_1_2":{"__uuid__":"cepSSb4LtPm4k4Wjk/0uyM"},"run_13_sh_ride_shape_4017_sh_run_1_3":{"__uuid__":"86+/fQp2dGir72padLaNb8"},"run_13_sh_ride_shape_4017_sh_run_1_4":{"__uuid__":"a3O5lKRmFGO5chpnrDr/N3"},"run_13_sh_ride_shape_4017_sh_run_1_5":{"__uuid__":"dbhRNtpJ5G7KYZvxfUl2yJ"},"run_13_sh_ride_shape_4017_sh_run_1_6":{"__uuid__":"91XtwcPr5HLKlhGTKs2qGf"},"run_13_sh_ride_shape_4017_sh_run_1_7":{"__uuid__":"04lw2qOb5FCarM0I3dKl1k"},"run_13_sh_ride_shape_4017_sh_run_1_8":{"__uuid__":"d5w7hM6SpFdaMbYY5yQEWp"}}},{"__type__":"cc.SpriteFrame","content":{"name":"run_13_sh_ride_shape_4017_sh_run_1_2","texture":"4cXMbRtG5DAb/rHMMGplnX","rect":[1,169,94,166],"offset":[-5,-34],"originalSize":[470,470],"capInsets":[0,0,0,0]}},{"__type__":"cc.SpriteFrame","content":{"name":"run_13_sh_ride_shape_4017_sh_run_1_8","texture":"4cXMbRtG5DAb/rHMMGplnX","rect":[1,1,96,166],"offset":[-5,-32],"originalSize":[470,470],"capInsets":[0,0,0,0]}},{"__type__":"cc.SpriteFrame","content":{"name":"run_13_sh_ride_shape_4017_sh_run_1_1","texture":"4cXMbRtG5DAb/rHMMGplnX","rect":[193,1,92,166],"offset":[-5,-33],"originalSize":[470,470],"capInsets":[0,0,0,0]}},{"__type__":"cc.SpriteFrame","content":{"name":"run_13_sh_ride_shape_4017_sh_run_1_5","texture":"4cXMbRtG5DAb/rHMMGplnX","rect":[287,1,92,166],"offset":[-4,-33],"originalSize":[470,470],"capInsets":[0,0,0,0]}}]