[{"__type__":"cc.SpriteFrame","content":{"name":"stand_7_part1_wing_5011_stand_7_part1_0007","texture":"784bhH3kFCgIbmLSRKaHRb","rect":[88,234,82,82],"offset":[36,22],"originalSize":[500,500],"capInsets":[0,0,0,0]}},{"__type__":"cc.SpriteFrame","content":{"name":"stand_7_part1_wing_5011_stand_7_part1_0006","texture":"784bhH3kFCgIbmLSRKaHRb","rect":[172,316,80,82],"offset":[35,23],"originalSize":[500,500],"rotated":1,"capInsets":[0,0,0,0]}},{"__type__":"cc.SpriteFrame","content":{"name":"stand_7_part1_wing_5011_stand_7_part1_0004","texture":"784bhH3kFCgIbmLSRKaHRb","rect":[100,2,78,96],"offset":[35,17],"originalSize":[500,500],"rotated":1,"capInsets":[0,0,0,0]}},{"__type__":"cc.SpriteFrame","content":{"name":"stand_7_part1_wing_5011_stand_7_part1_0005","texture":"784bhH3kFCgIbmLSRKaHRb","rect":[86,318,78,82],"offset":[35,24],"originalSize":[500,500],"rotated":1,"capInsets":[0,0,0,0]}},{"__type__":"cc.SpriteFrame","content":{"name":"stand_7_part1_wing_5011_stand_7_part1_0003","texture":"784bhH3kFCgIbmLSRKaHRb","rect":[2,2,78,96],"offset":[34,19],"originalSize":[500,500],"rotated":1,"capInsets":[0,0,0,0]}},{"__type__":"cc.SpriteFrame","content":{"name":"stand_7_part1_wing_5011_stand_7_part1_0001","texture":"784bhH3kFCgIbmLSRKaHRb","rect":[100,82,74,92],"offset":[33,21],"originalSize":[500,500],"rotated":1,"capInsets":[0,0,0,0]}},{"__type__":"cc.SpriteFrame","content":{"name":"stand_7_part1_wing_5011_stand_7_part1_0011","texture":"784bhH3kFCgIbmLSRKaHRb","rect":[2,160,80,84],"offset":[35,22],"originalSize":[500,500],"rotated":1,"capInsets":[0,0,0,0]}},{"__type__":"cc.SpriteFrame","content":{"name":"stand_7_part1_wing_5011_stand_7_part1_0009","texture":"784bhH3kFCgIbmLSRKaHRb","rect":[2,324,80,80],"offset":[35,21],"originalSize":[500,500],"capInsets":[0,0,0,0]}},{"__type__":"cc.SpriteFrame","content":{"name":"stand_7_part1_wing_5011_stand_7_part1_0010","texture":"784bhH3kFCgIbmLSRKaHRb","rect":[2,242,80,82],"offset":[35,22],"originalSize":[500,500],"rotated":1,"capInsets":[0,0,0,0]}},{"__type__":"cc.SpriteAtlas","_name":"stand_7_part1.plist","_spriteFrames":{"stand_7_part1_wing_5011_stand_7_part1_0001":{"__uuid__":"82ceZRHXJDkY/hdcm7MO9z"},"stand_7_part1_wing_5011_stand_7_part1_0002":{"__uuid__":"c9KfjCkOtOBInl5tv3Z5aV"},"stand_7_part1_wing_5011_stand_7_part1_0003":{"__uuid__":"7atf6wTDtKY7hq834n8tKI"},"stand_7_part1_wing_5011_stand_7_part1_0004":{"__uuid__":"44H9knsmhB/aEs0saMSDJo"},"stand_7_part1_wing_5011_stand_7_part1_0005":{"__uuid__":"79nkNxuHdA3qBGH55l7K1H"},"stand_7_part1_wing_5011_stand_7_part1_0006":{"__uuid__":"246wjDOLBLhZeIbRC0sFHp"},"stand_7_part1_wing_5011_stand_7_part1_0007":{"__uuid__":"106FhFBU1Bk5aet4dFIyJ0"},"stand_7_part1_wing_5011_stand_7_part1_0008":{"__uuid__":"c66xFWuBNEtK4BY0cVnXc5"},"stand_7_part1_wing_5011_stand_7_part1_0009":{"__uuid__":"9arWRKj61C9ryI43i3vnLZ"},"stand_7_part1_wing_5011_stand_7_part1_0010":{"__uuid__":"a5ocTv1olLpbP0y4RrPho9"},"stand_7_part1_wing_5011_stand_7_part1_0011":{"__uuid__":"8eeHgPz2xOpZw0Mu/tYgNL"},"stand_7_part1_wing_5011_stand_7_part1_0012":{"__uuid__":"f0SJyFJGdDSJwqKn7W7XxA"}}},{"__type__":"cc.SpriteFrame","content":{"name":"stand_7_part1_wing_5011_stand_7_part1_0008","texture":"784bhH3kFCgIbmLSRKaHRb","rect":[172,234,82,80],"offset":[37,21],"originalSize":[500,500],"capInsets":[0,0,0,0]}},{"__type__":"cc.SpriteFrame","content":{"name":"stand_7_part1_wing_5011_stand_7_part1_0002","texture":"784bhH3kFCgIbmLSRKaHRb","rect":[2,82,76,96],"offset":[33,20],"originalSize":[500,500],"rotated":1,"capInsets":[0,0,0,0]}},{"__type__":"cc.SpriteFrame","content":{"name":"stand_7_part1_wing_5011_stand_7_part1_0012","texture":"784bhH3kFCgIbmLSRKaHRb","rect":[100,158,74,88],"offset":[32,21],"originalSize":[500,500],"rotated":1,"capInsets":[0,0,0,0]}}]