[{"__type__":"cc.SpriteFrame","content":{"name":"stand_13_sh_ride_shape_4017_sh_stand_1_6","texture":"a9FIEBG4tDPIR1rjt3WGpV","rect":[1,171,96,168],"offset":[-4,-32],"originalSize":[470,470],"capInsets":[0,0,0,0]}},{"__type__":"cc.SpriteFrame","content":{"name":"stand_13_sh_ride_shape_4017_sh_stand_1_5","texture":"a9FIEBG4tDPIR1rjt3WGpV","rect":[295,169,96,166],"offset":[-4,-33],"originalSize":[470,470],"capInsets":[0,0,0,0]}},{"__type__":"cc.SpriteFrame","content":{"name":"stand_13_sh_ride_shape_4017_sh_stand_1_3","texture":"a9FIEBG4tDPIR1rjt3WGpV","rect":[199,1,96,166],"offset":[-3,-33],"originalSize":[470,470],"capInsets":[0,0,0,0]}},{"__type__":"cc.SpriteFrame","content":{"name":"stand_13_sh_ride_shape_4017_sh_stand_1_2","texture":"a9FIEBG4tDPIR1rjt3WGpV","rect":[197,171,96,166],"offset":[-3,-33],"originalSize":[470,470],"capInsets":[0,0,0,0]}},{"__type__":"cc.SpriteFrame","content":{"name":"stand_13_sh_ride_shape_4017_sh_stand_1_8","texture":"a9FIEBG4tDPIR1rjt3WGpV","rect":[101,1,96,168],"offset":[-3,-32],"originalSize":[470,470],"capInsets":[0,0,0,0]}},{"__type__":"cc.SpriteFrame","content":{"name":"stand_13_sh_ride_shape_4017_sh_stand_1_7","texture":"a9FIEBG4tDPIR1rjt3WGpV","rect":[99,171,96,168],"offset":[-3,-32],"originalSize":[470,470],"capInsets":[0,0,0,0]}},{"__type__":"cc.SpriteAtlas","_name":"stand_1.plist","_spriteFrames":{"stand_13_sh_ride_shape_4017_sh_stand_1_1":{"__uuid__":"c2Pzi8/lVNOrBkUDf18rmu"},"stand_13_sh_ride_shape_4017_sh_stand_1_2":{"__uuid__":"85zGIn98RIw7HX7kKqdnT1"},"stand_13_sh_ride_shape_4017_sh_stand_1_3":{"__uuid__":"55HlmFRkxCNrUg1LCWgpMh"},"stand_13_sh_ride_shape_4017_sh_stand_1_4":{"__uuid__":"f0oEaCTiVIcIE/vSjhoAF3"},"stand_13_sh_ride_shape_4017_sh_stand_1_5":{"__uuid__":"47Aevqk6FPsIyytC30v2+5"},"stand_13_sh_ride_shape_4017_sh_stand_1_6":{"__uuid__":"14cTgk3MdHpqnPvxWG9fYD"},"stand_13_sh_ride_shape_4017_sh_stand_1_7":{"__uuid__":"a9W1YyiE9GgYgOkNtDKYxp"},"stand_13_sh_ride_shape_4017_sh_stand_1_8":{"__uuid__":"92BBVK4KlB4LGlextoEsMa"}}},{"__type__":"cc.SpriteFrame","content":{"name":"stand_13_sh_ride_shape_4017_sh_stand_1_1","texture":"a9FIEBG4tDPIR1rjt3WGpV","rect":[1,1,98,168],"offset":[-4,-32],"originalSize":[470,470],"capInsets":[0,0,0,0]}},{"__type__":"cc.SpriteFrame","content":{"name":"stand_13_sh_ride_shape_4017_sh_stand_1_4","texture":"a9FIEBG4tDPIR1rjt3WGpV","rect":[297,1,96,166],"offset":[-3,-33],"originalSize":[470,470],"capInsets":[0,0,0,0]}}]