[{"__type__":"cc.SpriteFrame","content":{"name":"stand_8_part2_wing_5010_stand_8_part2_0012","texture":"34SliVVeFDapJpbnzcGope","rect":[2,2,62,138],"offset":[-51,101],"originalSize":[500,500],"rotated":1,"capInsets":[0,0,0,0]}},{"__type__":"cc.SpriteFrame","content":{"name":"stand_8_part2_wing_5010_stand_8_part2_0004","texture":"34SliVVeFDapJpbnzcGope","rect":[2,266,84,126],"offset":[-35,94],"originalSize":[500,500],"rotated":1,"capInsets":[0,0,0,0]}},{"__type__":"cc.SpriteFrame","content":{"name":"stand_8_part2_wing_5010_stand_8_part2_0008","texture":"34SliVVeFDapJpbnzcGope","rect":[2,428,72,122],"offset":[-54,93],"originalSize":[500,500],"rotated":1,"capInsets":[0,0,0,0]}},{"__type__":"cc.SpriteFrame","content":{"name":"stand_8_part2_wing_5010_stand_8_part2_0003","texture":"34SliVVeFDapJpbnzcGope","rect":[2,352,74,126],"offset":[-37,94],"originalSize":[500,500],"rotated":1,"capInsets":[0,0,0,0]}},{"__type__":"cc.SpriteFrame","content":{"name":"stand_8_part2_wing_5010_stand_8_part2_0011","texture":"34SliVVeFDapJpbnzcGope","rect":[2,128,64,134],"offset":[-51,98],"originalSize":[500,500],"rotated":1,"capInsets":[0,0,0,0]}},{"__type__":"cc.SpriteFrame","content":{"name":"stand_8_part2_wing_5010_stand_8_part2_0006","texture":"34SliVVeFDapJpbnzcGope","rect":[142,2,100,126],"offset":[-36,94],"originalSize":[500,500],"capInsets":[0,0,0,0]}},{"__type__":"cc.SpriteAtlas","_name":"stand_8_part2.plist","_spriteFrames":{"stand_8_part2_wing_5010_stand_8_part2_0001":{"__uuid__":"bcsh44SJ1CS7NWbNlKkS0c"},"stand_8_part2_wing_5010_stand_8_part2_0002":{"__uuid__":"fawqLas+1Aq75s8e1u8DHY"},"stand_8_part2_wing_5010_stand_8_part2_0003":{"__uuid__":"5eqeONI/lEQJJIkfOGfN0M"},"stand_8_part2_wing_5010_stand_8_part2_0004":{"__uuid__":"23VzPet1ZD075eDDPE7INZ"},"stand_8_part2_wing_5010_stand_8_part2_0005":{"__uuid__":"e75rqYImBO4ZgGIETtLbYM"},"stand_8_part2_wing_5010_stand_8_part2_0006":{"__uuid__":"7b6oSM7UxGIonduiSeK00R"},"stand_8_part2_wing_5010_stand_8_part2_0007":{"__uuid__":"d9xjKWyAVOuKXFvlO3GY/t"},"stand_8_part2_wing_5010_stand_8_part2_0008":{"__uuid__":"4febm1ZSBFopkmdDbjKARo"},"stand_8_part2_wing_5010_stand_8_part2_0009":{"__uuid__":"ff0ZqIRwRE/YJ7xXuUOBtT"},"stand_8_part2_wing_5010_stand_8_part2_0010":{"__uuid__":"b0OwWsZ3lCPIfF7SsGuJqo"},"stand_8_part2_wing_5010_stand_8_part2_0011":{"__uuid__":"71pv0q/fpNk78sLmIWGS4v"},"stand_8_part2_wing_5010_stand_8_part2_0012":{"__uuid__":"18GUQYQBpEJZJ1Dn82yhe3"}}},{"__type__":"cc.SpriteFrame","content":{"name":"stand_8_part2_wing_5010_stand_8_part2_0010","texture":"34SliVVeFDapJpbnzcGope","rect":[130,408,68,124],"offset":[-52,94],"originalSize":[500,500],"rotated":1,"capInsets":[0,0,0,0]}},{"__type__":"cc.SpriteFrame","content":{"name":"stand_8_part2_wing_5010_stand_8_part2_0001","texture":"34SliVVeFDapJpbnzcGope","rect":[2,66,60,136],"offset":[-50,100],"originalSize":[500,500],"rotated":1,"capInsets":[0,0,0,0]}},{"__type__":"cc.SpriteFrame","content":{"name":"stand_8_part2_wing_5010_stand_8_part2_0007","texture":"34SliVVeFDapJpbnzcGope","rect":[130,334,72,124],"offset":[-54,93],"originalSize":[500,500],"rotated":1,"capInsets":[0,0,0,0]}},{"__type__":"cc.SpriteFrame","content":{"name":"stand_8_part2_wing_5010_stand_8_part2_0005","texture":"34SliVVeFDapJpbnzcGope","rect":[138,130,96,126],"offset":[-35,94],"originalSize":[500,500],"capInsets":[0,0,0,0]}},{"__type__":"cc.SpriteFrame","content":{"name":"stand_8_part2_wing_5010_stand_8_part2_0002","texture":"34SliVVeFDapJpbnzcGope","rect":[2,194,70,130],"offset":[-45,97],"originalSize":[500,500],"rotated":1,"capInsets":[0,0,0,0]}},{"__type__":"cc.SpriteFrame","content":{"name":"stand_8_part2_wing_5010_stand_8_part2_0009","texture":"34SliVVeFDapJpbnzcGope","rect":[134,258,74,120],"offset":[-55,92],"originalSize":[500,500],"rotated":1,"capInsets":[0,0,0,0]}}]