[{"__type__":"cc.SpriteFrame","content":{"name":"stand_13_rd1rd2_ride_ride_9411_rd2_stand_3_7","texture":"58JYa4/zhLMrXlhnlzKFPY","rect":[91,77,82,72],"offset":[-14,78],"originalSize":[450,450],"capInsets":[0,0,0,0]}},{"__type__":"cc.SpriteFrame","content":{"name":"stand_13_rd1rd2_ride_ride_9411_rd2_stand_3_8","texture":"58JYa4/zhLMrXlhnlzKFPY","rect":[175,73,78,70],"offset":[-14,79],"originalSize":[450,450],"capInsets":[0,0,0,0]}},{"__type__":"cc.SpriteFrame","content":{"name":"stand_13_rd1rd2_ride_ride_9411_rd2_stand_3_4","texture":"58JYa4/zhLMrXlhnlzKFPY","rect":[1,83,88,78],"offset":[-13,83],"originalSize":[450,450],"capInsets":[0,0,0,0]}},{"__type__":"cc.SpriteFrame","content":{"name":"stand_13_rd1rd2_ride_ride_9411_rd2_stand_3_2","texture":"58JYa4/zhLMrXlhnlzKFPY","rect":[91,1,82,74],"offset":[-14,83],"originalSize":[450,450],"capInsets":[0,0,0,0]}},{"__type__":"cc.SpriteFrame","content":{"name":"stand_13_rd1rd2_ride_ride_9411_rd2_stand_3_5","texture":"58JYa4/zhLMrXlhnlzKFPY","rect":[1,1,88,80],"offset":[-12,80],"originalSize":[450,450],"capInsets":[0,0,0,0]}},{"__type__":"cc.SpriteFrame","content":{"name":"stand_13_rd1rd2_ride_ride_9411_rd2_stand_3_6","texture":"58JYa4/zhLMrXlhnlzKFPY","rect":[1,163,86,78],"offset":[-13,78],"originalSize":[450,450],"capInsets":[0,0,0,0]}},{"__type__":"cc.SpriteAtlas","_name":"stand_3_f.plist","_spriteFrames":{"stand_13_rd1rd2_ride_ride_9411_rd2_stand_3_1":{"__uuid__":"fdVL6rnNtNfIJhwuKFvw9Q"},"stand_13_rd1rd2_ride_ride_9411_rd2_stand_3_2":{"__uuid__":"5cnjJ/FM1C9r3xW53JAQRC"},"stand_13_rd1rd2_ride_ride_9411_rd2_stand_3_3":{"__uuid__":"dcIBwZaQhFcYn/lfqTAL2D"},"stand_13_rd1rd2_ride_ride_9411_rd2_stand_3_4":{"__uuid__":"51iy1hpotE0r3MpnqbXKWu"},"stand_13_rd1rd2_ride_ride_9411_rd2_stand_3_5":{"__uuid__":"5eZ1f35y1OV78mKE9NL6rj"},"stand_13_rd1rd2_ride_ride_9411_rd2_stand_3_6":{"__uuid__":"6cGm6mwW5PhIc5pGru1cOD"},"stand_13_rd1rd2_ride_ride_9411_rd2_stand_3_7":{"__uuid__":"10ppNufkVCb4IFm2OqMogp"},"stand_13_rd1rd2_ride_ride_9411_rd2_stand_3_8":{"__uuid__":"1aSR4NHrFK7Z3A0bBbqbAM"}}},{"__type__":"cc.SpriteFrame","content":{"name":"stand_13_rd1rd2_ride_ride_9411_rd2_stand_3_3","texture":"58JYa4/zhLMrXlhnlzKFPY","rect":[89,163,84,78],"offset":[-13,84],"originalSize":[450,450],"capInsets":[0,0,0,0]}},{"__type__":"cc.SpriteFrame","content":{"name":"stand_13_rd1rd2_ride_ride_9411_rd2_stand_3_1","texture":"58JYa4/zhLMrXlhnlzKFPY","rect":[175,1,78,70],"offset":[-14,82],"originalSize":[450,450],"capInsets":[0,0,0,0]}}]