[{"__type__":"cc.SpriteFrame","content":{"name":"stand_13_sh_ride_shape_4038_sh_stand_1_0008","texture":"9eeLUi+bdFsJ8zHTMqYGO6","rect":[1,1,98,142],"offset":[-17,36],"originalSize":[470,470],"capInsets":[0,0,0,0]}},{"__type__":"cc.SpriteFrame","content":{"name":"stand_13_sh_ride_shape_4038_sh_stand_1_0003","texture":"9eeLUi+bdFsJ8zHTMqYGO6","rect":[293,1,94,144],"offset":[-17,35],"originalSize":[470,470],"capInsets":[0,0,0,0]}},{"__type__":"cc.SpriteFrame","content":{"name":"stand_13_sh_ride_shape_4038_sh_stand_1_0007","texture":"9eeLUi+bdFsJ8zHTMqYGO6","rect":[99,145,96,142],"offset":[-17,37],"originalSize":[470,470],"capInsets":[0,0,0,0]}},{"__type__":"cc.SpriteAtlas","_name":"stand_1.plist","_spriteFrames":{"stand_13_sh_ride_shape_4038_sh_stand_1_0001":{"__uuid__":"e5uvgBSq9HUoQX+BAWoeZX"},"stand_13_sh_ride_shape_4038_sh_stand_1_0002":{"__uuid__":"f3dFaYpLZBv69ARJRctmyU"},"stand_13_sh_ride_shape_4038_sh_stand_1_0003":{"__uuid__":"1fJQb8Pq5AP48StaGWKSwp"},"stand_13_sh_ride_shape_4038_sh_stand_1_0004":{"__uuid__":"a7EDQDVrpBwrgJWEHtFFBO"},"stand_13_sh_ride_shape_4038_sh_stand_1_0005":{"__uuid__":"92H7bDF+BJUpFWh6cV8uHi"},"stand_13_sh_ride_shape_4038_sh_stand_1_0006":{"__uuid__":"b6fMgx4YZEVLK1wnq8/cFO"},"stand_13_sh_ride_shape_4038_sh_stand_1_0007":{"__uuid__":"65a4fS+cNFu6pv1AQe3uRU"},"stand_13_sh_ride_shape_4038_sh_stand_1_0008":{"__uuid__":"0bXS8Vr7BCmarI0NF1Iaq7"}}},{"__type__":"cc.SpriteFrame","content":{"name":"stand_13_sh_ride_shape_4038_sh_stand_1_0005","texture":"9eeLUi+bdFsJ8zHTMqYGO6","rect":[101,1,94,142],"offset":[-16,37],"originalSize":[470,470],"capInsets":[0,0,0,0]}},{"__type__":"cc.SpriteFrame","content":{"name":"stand_13_sh_ride_shape_4038_sh_stand_1_0004","texture":"9eeLUi+bdFsJ8zHTMqYGO6","rect":[197,147,94,144],"offset":[-17,36],"originalSize":[470,470],"capInsets":[0,0,0,0]}},{"__type__":"cc.SpriteFrame","content":{"name":"stand_13_sh_ride_shape_4038_sh_stand_1_0006","texture":"9eeLUi+bdFsJ8zHTMqYGO6","rect":[293,147,94,142],"offset":[-16,37],"originalSize":[470,470],"capInsets":[0,0,0,0]}},{"__type__":"cc.SpriteFrame","content":{"name":"stand_13_sh_ride_shape_4038_sh_stand_1_0001","texture":"9eeLUi+bdFsJ8zHTMqYGO6","rect":[1,145,96,144],"offset":[-16,35],"originalSize":[470,470],"capInsets":[0,0,0,0]}},{"__type__":"cc.SpriteFrame","content":{"name":"stand_13_sh_ride_shape_4038_sh_stand_1_0002","texture":"9eeLUi+bdFsJ8zHTMqYGO6","rect":[197,1,94,144],"offset":[-17,35],"originalSize":[470,470],"capInsets":[0,0,0,0]}}]