[{"__type__":"cc.SpriteFrame","content":{"name":"stand_13_sh_ride_shape_3016_sh_stand_3_5","texture":"b3K0Li35lDLIzhKShs/Ur7","rect":[1,187,78,174],"offset":[-9,-54],"originalSize":[470,470],"capInsets":[0,0,0,0]}},{"__type__":"cc.SpriteFrame","content":{"name":"stand_13_sh_ride_shape_3016_sh_stand_3_1","texture":"b3K0Li35lDLIzhKShs/Ur7","rect":[1,1,74,184],"offset":[-5,-57],"originalSize":[470,470],"capInsets":[0,0,0,0]}},{"__type__":"cc.SpriteAtlas","_name":"stand_3.plist","_spriteFrames":{"stand_13_sh_ride_shape_3016_sh_stand_3_1":{"__uuid__":"03BOX3WDJCVrJtAzG6EOOV"},"stand_13_sh_ride_shape_3016_sh_stand_3_2":{"__uuid__":"7cpqQe9r9FppEde5kT8gkJ"},"stand_13_sh_ride_shape_3016_sh_stand_3_3":{"__uuid__":"901chGNFNPho5BD/zIMSg2"},"stand_13_sh_ride_shape_3016_sh_stand_3_4":{"__uuid__":"c5CT7qQz1On4Hxibh63cEE"},"stand_13_sh_ride_shape_3016_sh_stand_3_5":{"__uuid__":"01vzUJD+FJ9oSY+D/ZVqwP"},"stand_13_sh_ride_shape_3016_sh_stand_3_6":{"__uuid__":"5fUueIgzZLdLxmIZ4Er4So"},"stand_13_sh_ride_shape_3016_sh_stand_3_7":{"__uuid__":"c18pKbRvdHQpagWeQentft"},"stand_13_sh_ride_shape_3016_sh_stand_3_8":{"__uuid__":"3e5W90bMhMx4TdD5GIh08W"}}},{"__type__":"cc.SpriteFrame","content":{"name":"stand_13_sh_ride_shape_3016_sh_stand_3_8","texture":"b3K0Li35lDLIzhKShs/Ur7","rect":[77,1,80,182],"offset":[-8,-57],"originalSize":[470,470],"capInsets":[0,0,0,0]}},{"__type__":"cc.SpriteFrame","content":{"name":"stand_13_sh_ride_shape_3016_sh_stand_3_6","texture":"b3K0Li35lDLIzhKShs/Ur7","rect":[81,185,78,176],"offset":[-9,-54],"originalSize":[470,470],"capInsets":[0,0,0,0]}},{"__type__":"cc.SpriteFrame","content":{"name":"stand_13_sh_ride_shape_3016_sh_stand_3_2","texture":"b3K0Li35lDLIzhKShs/Ur7","rect":[239,1,74,180],"offset":[-6,-57],"originalSize":[470,470],"capInsets":[0,0,0,0]}},{"__type__":"cc.SpriteFrame","content":{"name":"stand_13_sh_ride_shape_3016_sh_stand_3_3","texture":"b3K0Li35lDLIzhKShs/Ur7","rect":[161,183,72,178],"offset":[-7,-56],"originalSize":[470,470],"capInsets":[0,0,0,0]}},{"__type__":"cc.SpriteFrame","content":{"name":"stand_13_sh_ride_shape_3016_sh_stand_3_7","texture":"b3K0Li35lDLIzhKShs/Ur7","rect":[159,1,78,180],"offset":[-8,-55],"originalSize":[470,470],"capInsets":[0,0,0,0]}},{"__type__":"cc.SpriteFrame","content":{"name":"stand_13_sh_ride_shape_3016_sh_stand_3_4","texture":"b3K0Li35lDLIzhKShs/Ur7","rect":[235,183,74,174],"offset":[-8,-55],"originalSize":[470,470],"capInsets":[0,0,0,0]}}]