[{"__type__":"cc.SpriteFrame","content":{"name":"stand_13_sh_ride_shape_4008_sh_stand_1_7","texture":"14g650+35Kw6LD7TBnUnpV","rect":[201,1,98,122],"offset":[-18,-28],"originalSize":[500,500],"capInsets":[0,0,0,0]}},{"__type__":"cc.SpriteFrame","content":{"name":"stand_13_sh_ride_shape_4008_sh_stand_1_6","texture":"14g650+35Kw6LD7TBnUnpV","rect":[101,1,98,122],"offset":[-18,-28],"originalSize":[500,500],"capInsets":[0,0,0,0]}},{"__type__":"cc.SpriteFrame","content":{"name":"stand_13_sh_ride_shape_4008_sh_stand_1_1","texture":"14g650+35Kw6LD7TBnUnpV","rect":[1,1,98,122],"offset":[-18,-29],"originalSize":[500,500],"capInsets":[0,0,0,0]}},{"__type__":"cc.SpriteFrame","content":{"name":"stand_13_sh_ride_shape_4008_sh_stand_1_5","texture":"14g650+35Kw6LD7TBnUnpV","rect":[1,125,98,122],"offset":[-17,-28],"originalSize":[500,500],"capInsets":[0,0,0,0]}},{"__type__":"cc.SpriteFrame","content":{"name":"stand_13_sh_ride_shape_4008_sh_stand_1_3","texture":"14g650+35Kw6LD7TBnUnpV","rect":[101,249,98,120],"offset":[-18,-28],"originalSize":[500,500],"capInsets":[0,0,0,0]}},{"__type__":"cc.SpriteAtlas","_name":"stand_1.plist","_spriteFrames":{"stand_13_sh_ride_shape_4008_sh_stand_1_1":{"__uuid__":"4bPTnFXrxLcYFIKBdftcgc"},"stand_13_sh_ride_shape_4008_sh_stand_1_2":{"__uuid__":"e0V2W4sfNEbbiTXnXvJg8t"},"stand_13_sh_ride_shape_4008_sh_stand_1_3":{"__uuid__":"78V3W//zBPWIzxMPsV/vQQ"},"stand_13_sh_ride_shape_4008_sh_stand_1_4":{"__uuid__":"c2I8ehZXNF4JIpIlYct7mP"},"stand_13_sh_ride_shape_4008_sh_stand_1_5":{"__uuid__":"4fNHiDQrdO24ubLqakytoE"},"stand_13_sh_ride_shape_4008_sh_stand_1_6":{"__uuid__":"346mxlu2JNkpdLfnA5CKpk"},"stand_13_sh_ride_shape_4008_sh_stand_1_7":{"__uuid__":"33ZlPF8NhP7a90d34fODuV"},"stand_13_sh_ride_shape_4008_sh_stand_1_8":{"__uuid__":"f5ap8jzR5BI7KqHamIlr3A"}}},{"__type__":"cc.SpriteFrame","content":{"name":"stand_13_sh_ride_shape_4008_sh_stand_1_4","texture":"14g650+35Kw6LD7TBnUnpV","rect":[201,125,98,120],"offset":[-18,-28],"originalSize":[500,500],"capInsets":[0,0,0,0]}},{"__type__":"cc.SpriteFrame","content":{"name":"stand_13_sh_ride_shape_4008_sh_stand_1_2","texture":"14g650+35Kw6LD7TBnUnpV","rect":[1,249,98,120],"offset":[-18,-29],"originalSize":[500,500],"capInsets":[0,0,0,0]}},{"__type__":"cc.SpriteFrame","content":{"name":"stand_13_sh_ride_shape_4008_sh_stand_1_8","texture":"14g650+35Kw6LD7TBnUnpV","rect":[101,125,98,122],"offset":[-18,-28],"originalSize":[500,500],"capInsets":[0,0,0,0]}}]