[{"__type__":"cc.SpriteFrame","content":{"name":"stand_8_part2_wing_5012_stand_8_part2_0005","texture":"f5MbPiRTFMSaE1jKz/DM0n","rect":[120,2,64,116],"offset":[-54,81],"originalSize":[500,500],"rotated":1,"capInsets":[0,0,0,0]}},{"__type__":"cc.SpriteFrame","content":{"name":"stand_8_part2_wing_5012_stand_8_part2_0009","texture":"f5MbPiRTFMSaE1jKz/DM0n","rect":[116,144,72,112],"offset":[-58,77],"originalSize":[500,500],"rotated":1,"capInsets":[0,0,0,0]}},{"__type__":"cc.SpriteFrame","content":{"name":"stand_8_part2_wing_5012_stand_8_part2_0010","texture":"f5MbPiRTFMSaE1jKz/DM0n","rect":[120,68,74,114],"offset":[-59,78],"originalSize":[500,500],"rotated":1,"capInsets":[0,0,0,0]}},{"__type__":"cc.SpriteFrame","content":{"name":"stand_8_part2_wing_5012_stand_8_part2_0003","texture":"f5MbPiRTFMSaE1jKz/DM0n","rect":[2,406,56,104],"offset":[-51,81],"originalSize":[500,500],"capInsets":[0,0,0,0]}},{"__type__":"cc.SpriteFrame","content":{"name":"stand_8_part2_wing_5012_stand_8_part2_0012","texture":"f5MbPiRTFMSaE1jKz/DM0n","rect":[110,292,66,104],"offset":[-56,74],"originalSize":[500,500],"rotated":1,"capInsets":[0,0,0,0]}},{"__type__":"cc.SpriteFrame","content":{"name":"stand_8_part2_wing_5012_stand_8_part2_0007","texture":"f5MbPiRTFMSaE1jKz/DM0n","rect":[2,150,74,110],"offset":[-59,73],"originalSize":[500,500],"rotated":1,"capInsets":[0,0,0,0]}},{"__type__":"cc.SpriteAtlas","_name":"stand_8_part2.plist","_spriteFrames":{"stand_8_part2_wing_5012_stand_8_part2_0001":{"__uuid__":"c0Ml+ofQ1N2Yd2uTBrenfq"},"stand_8_part2_wing_5012_stand_8_part2_0002":{"__uuid__":"c4QKI3EdBDDK48vS0FcRFE"},"stand_8_part2_wing_5012_stand_8_part2_0003":{"__uuid__":"88ktm4QPVOBZI3f7btXlBl"},"stand_8_part2_wing_5012_stand_8_part2_0004":{"__uuid__":"caO0lGq4lKXLOM1+EOsCiN"},"stand_8_part2_wing_5012_stand_8_part2_0005":{"__uuid__":"1c8GiRWHhDqZUQHevb2dfg"},"stand_8_part2_wing_5012_stand_8_part2_0006":{"__uuid__":"cd+HqBbJdILqYX7SrtruJL"},"stand_8_part2_wing_5012_stand_8_part2_0007":{"__uuid__":"b75QxB2cpDVqVHSVJRmlJV"},"stand_8_part2_wing_5012_stand_8_part2_0008":{"__uuid__":"edbrwEaZlFj7jh4iyCd12x"},"stand_8_part2_wing_5012_stand_8_part2_0009":{"__uuid__":"1fyiBdVFRMvpuO7pF/Vlze"},"stand_8_part2_wing_5012_stand_8_part2_0010":{"__uuid__":"59ZCI9LpRKCZrCir6Jrzn7"},"stand_8_part2_wing_5012_stand_8_part2_0011":{"__uuid__":"f99riytnpGwbaZ1+B3tGou"},"stand_8_part2_wing_5012_stand_8_part2_0012":{"__uuid__":"afJmaqRUxO5oecAZOJoFiQ"}}},{"__type__":"cc.SpriteFrame","content":{"name":"stand_8_part2_wing_5012_stand_8_part2_0001","texture":"f5MbPiRTFMSaE1jKz/DM0n","rect":[2,286,58,106],"offset":[-52,79],"originalSize":[500,500],"rotated":1,"capInsets":[0,0,0,0]}},{"__type__":"cc.SpriteFrame","content":{"name":"stand_8_part2_wing_5012_stand_8_part2_0002","texture":"f5MbPiRTFMSaE1jKz/DM0n","rect":[2,346,58,104],"offset":[-52,80],"originalSize":[500,500],"rotated":1,"capInsets":[0,0,0,0]}},{"__type__":"cc.SpriteFrame","content":{"name":"stand_8_part2_wing_5012_stand_8_part2_0004","texture":"f5MbPiRTFMSaE1jKz/DM0n","rect":[2,226,58,110],"offset":[-52,82],"originalSize":[500,500],"rotated":1,"capInsets":[0,0,0,0]}},{"__type__":"cc.SpriteFrame","content":{"name":"stand_8_part2_wing_5012_stand_8_part2_0006","texture":"f5MbPiRTFMSaE1jKz/DM0n","rect":[2,2,70,116],"offset":[-57,77],"originalSize":[500,500],"rotated":1,"capInsets":[0,0,0,0]}},{"__type__":"cc.SpriteFrame","content":{"name":"stand_8_part2_wing_5012_stand_8_part2_0008","texture":"f5MbPiRTFMSaE1jKz/DM0n","rect":[2,74,74,112],"offset":[-59,75],"originalSize":[500,500],"rotated":1,"capInsets":[0,0,0,0]}},{"__type__":"cc.SpriteFrame","content":{"name":"stand_8_part2_wing_5012_stand_8_part2_0011","texture":"f5MbPiRTFMSaE1jKz/DM0n","rect":[114,218,72,110],"offset":[-59,76],"originalSize":[500,500],"rotated":1,"capInsets":[0,0,0,0]}}]