[{"__type__":"cc.SpriteFrame","content":{"name":"stand_7_part2_wing_5010_stand_7_part2_0009","texture":"13gSAyLhdET7I+Ffh70Iq1","rect":[94,352,90,104],"offset":[-50,42],"originalSize":[500,500],"capInsets":[0,0,0,0]}},{"__type__":"cc.SpriteFrame","content":{"name":"stand_7_part2_wing_5010_stand_7_part2_0002","texture":"13gSAyLhdET7I+Ffh70Iq1","rect":[98,128,102,108],"offset":[-56,47],"originalSize":[500,500],"capInsets":[0,0,0,0]}},{"__type__":"cc.SpriteFrame","content":{"name":"stand_7_part2_wing_5010_stand_7_part2_0011","texture":"13gSAyLhdET7I+Ffh70Iq1","rect":[186,340,90,92],"offset":[-50,39],"originalSize":[500,500],"capInsets":[0,0,0,0]}},{"__type__":"cc.SpriteFrame","content":{"name":"stand_7_part2_wing_5010_stand_7_part2_0012","texture":"13gSAyLhdET7I+Ffh70Iq1","rect":[184,238,98,100],"offset":[-54,43],"originalSize":[500,500],"capInsets":[0,0,0,0]}},{"__type__":"cc.SpriteFrame","content":{"name":"stand_7_part2_wing_5010_stand_7_part2_0005","texture":"13gSAyLhdET7I+Ffh70Iq1","rect":[94,240,88,110],"offset":[-49,43],"originalSize":[500,500],"capInsets":[0,0,0,0]}},{"__type__":"cc.SpriteFrame","content":{"name":"stand_7_part2_wing_5010_stand_7_part2_0006","texture":"13gSAyLhdET7I+Ffh70Iq1","rect":[2,240,90,110],"offset":[-50,43],"originalSize":[500,500],"capInsets":[0,0,0,0]}},{"__type__":"cc.SpriteFrame","content":{"name":"stand_7_part2_wing_5010_stand_7_part2_0004","texture":"13gSAyLhdET7I+Ffh70Iq1","rect":[2,128,94,110],"offset":[-52,45],"originalSize":[500,500],"capInsets":[0,0,0,0]}},{"__type__":"cc.SpriteFrame","content":{"name":"stand_7_part2_wing_5010_stand_7_part2_0001","texture":"13gSAyLhdET7I+Ffh70Iq1","rect":[2,2,100,124],"offset":[-55,38],"originalSize":[500,500],"capInsets":[0,0,0,0]}},{"__type__":"cc.SpriteAtlas","_name":"stand_7_part2.plist","_spriteFrames":{"stand_7_part2_wing_5010_stand_7_part2_0001":{"__uuid__":"b8FEhRSolPsLMVQQ8Az1U9"},"stand_7_part2_wing_5010_stand_7_part2_0002":{"__uuid__":"5abacJ7aZPKp4i/uw63weF"},"stand_7_part2_wing_5010_stand_7_part2_0003":{"__uuid__":"c8JuV8o+JIA4zCA+ICfDEd"},"stand_7_part2_wing_5010_stand_7_part2_0004":{"__uuid__":"a9j9Z7WqpOlI6cqWSQqm0G"},"stand_7_part2_wing_5010_stand_7_part2_0005":{"__uuid__":"87dH0pwH1F4IzmdbVmuq4m"},"stand_7_part2_wing_5010_stand_7_part2_0006":{"__uuid__":"87+tXo4p1HyKn4qBpHhDKp"},"stand_7_part2_wing_5010_stand_7_part2_0007":{"__uuid__":"d6it+n2UZMioRNjW5MdTYd"},"stand_7_part2_wing_5010_stand_7_part2_0008":{"__uuid__":"d0fSLGFOpDmY7egmz16K2B"},"stand_7_part2_wing_5010_stand_7_part2_0009":{"__uuid__":"39QKHqr+BBpJ/h2dOX/Mix"},"stand_7_part2_wing_5010_stand_7_part2_0010":{"__uuid__":"e8lgCW1q1HL4p/xb+MSbHM"},"stand_7_part2_wing_5010_stand_7_part2_0011":{"__uuid__":"60UfRScQVEgLFGfEEqrWoU"},"stand_7_part2_wing_5010_stand_7_part2_0012":{"__uuid__":"6bygYmeNhLOr3RHm/sBf8R"}}},{"__type__":"cc.SpriteFrame","content":{"name":"stand_7_part2_wing_5010_stand_7_part2_0003","texture":"13gSAyLhdET7I+Ffh70Iq1","rect":[104,2,92,108],"offset":[-51,45],"originalSize":[500,500],"capInsets":[0,0,0,0]}},{"__type__":"cc.SpriteFrame","content":{"name":"stand_7_part2_wing_5010_stand_7_part2_0008","texture":"13gSAyLhdET7I+Ffh70Iq1","rect":[198,2,90,108],"offset":[-50,43],"originalSize":[500,500],"capInsets":[0,0,0,0]}},{"__type__":"cc.SpriteFrame","content":{"name":"stand_7_part2_wing_5010_stand_7_part2_0007","texture":"13gSAyLhdET7I+Ffh70Iq1","rect":[2,352,90,110],"offset":[-50,42],"originalSize":[500,500],"capInsets":[0,0,0,0]}},{"__type__":"cc.SpriteFrame","content":{"name":"stand_7_part2_wing_5010_stand_7_part2_0010","texture":"13gSAyLhdET7I+Ffh70Iq1","rect":[202,112,86,100],"offset":[-48,42],"originalSize":[500,500],"capInsets":[0,0,0,0]}}]