[{"__type__":"cc.SpriteFrame","content":{"name":"standrun_1_rd1rd2_ride_ride_9421_rd1_run_1_7","texture":"15udHlwnVCZ53IyHkmZIAf","rect":[201,171,222,140],"offset":[-29,40],"originalSize":[460,460],"capInsets":[0,0,0,0]}},{"__type__":"cc.SpriteFrame","content":{"name":"standrun_1_rd1rd2_ride_ride_9421_rd1_run_1_3","texture":"15udHlwnVCZ53IyHkmZIAf","rect":[1,177,198,150],"offset":[-18,21],"originalSize":[460,460],"capInsets":[0,0,0,0]}},{"__type__":"cc.SpriteFrame","content":{"name":"standrun_1_rd1rd2_ride_ride_9421_rd1_run_1_1","texture":"15udHlwnVCZ53IyHkmZIAf","rect":[199,1,198,168],"offset":[-20,19],"originalSize":[460,460],"capInsets":[0,0,0,0]}},{"__type__":"cc.SpriteFrame","content":{"name":"standrun_1_rd1rd2_ride_ride_9421_rd1_run_1_8","texture":"15udHlwnVCZ53IyHkmZIAf","rect":[1,329,202,150],"offset":[-21,32],"originalSize":[460,460],"capInsets":[0,0,0,0]}},{"__type__":"cc.SpriteFrame","content":{"name":"standrun_1_rd1rd2_ride_ride_9421_rd1_run_1_6","texture":"15udHlwnVCZ53IyHkmZIAf","rect":[205,313,204,138],"offset":[-20,41],"originalSize":[460,460],"capInsets":[0,0,0,0]}},{"__type__":"cc.SpriteFrame","content":{"name":"standrun_1_rd1rd2_ride_ride_9421_rd1_run_1_2","texture":"15udHlwnVCZ53IyHkmZIAf","rect":[1,1,196,174],"offset":[-17,12],"originalSize":[460,460],"capInsets":[0,0,0,0]}},{"__type__":"cc.SpriteFrame","content":{"name":"standrun_1_rd1rd2_ride_ride_9421_rd1_run_1_5","texture":"15udHlwnVCZ53IyHkmZIAf","rect":[205,453,192,134],"offset":[-15,39],"originalSize":[460,460],"capInsets":[0,0,0,0]}},{"__type__":"cc.SpriteFrame","content":{"name":"standrun_1_rd1rd2_ride_ride_9421_rd1_run_1_4","texture":"15udHlwnVCZ53IyHkmZIAf","rect":[399,1,176,146],"offset":[-8,30],"originalSize":[460,460],"capInsets":[0,0,0,0]}},{"__type__":"cc.SpriteAtlas","_name":"run_1_f.plist","_spriteFrames":{"standrun_1_rd1rd2_ride_ride_9421_rd1_run_1_1":{"__uuid__":"2fpQS+eFpHw7qpG3cZJ9rH"},"standrun_1_rd1rd2_ride_ride_9421_rd1_run_1_2":{"__uuid__":"caLlg56PRAZI/bfulgVs3F"},"standrun_1_rd1rd2_ride_ride_9421_rd1_run_1_3":{"__uuid__":"16BlClsoRExrJ8vTIj7GD/"},"standrun_1_rd1rd2_ride_ride_9421_rd1_run_1_4":{"__uuid__":"deVpFIip9B7anqn9IzqWOi"},"standrun_1_rd1rd2_ride_ride_9421_rd1_run_1_5":{"__uuid__":"d8+8qsAqBDWqIXw6XDXu5V"},"standrun_1_rd1rd2_ride_ride_9421_rd1_run_1_6":{"__uuid__":"b456j7uwNAJ52aWmRJxpjh"},"standrun_1_rd1rd2_ride_ride_9421_rd1_run_1_7":{"__uuid__":"00FN0hGrJK77FuG3oQwDY4"},"standrun_1_rd1rd2_ride_ride_9421_rd1_run_1_8":{"__uuid__":"33Ni3bWRRLJJ53LIE6zo12"}}}]