[{"__type__":"cc.SpriteFrame","content":{"name":"stand_3_rd2_ride_ride_9241_rd2_stand_3_3","texture":"eetwjdvfhOoZQo8HEz7Vhe","rect":[1,1,328,406],"offset":[54,26],"originalSize":[800,800],"capInsets":[0,0,0,0]}},{"__type__":"cc.SpriteFrame","content":{"name":"stand_3_rd2_ride_ride_9241_rd2_stand_3_5","texture":"eetwjdvfhOoZQo8HEz7Vhe","rect":[331,1,326,370],"offset":[52,12],"originalSize":[800,800],"capInsets":[0,0,0,0]}},{"__type__":"cc.SpriteFrame","content":{"name":"stand_3_rd2_ride_ride_9241_rd2_stand_3_7","texture":"eetwjdvfhOoZQo8HEz7Vhe","rect":[325,675,340,306],"offset":[59,-15],"originalSize":[800,800],"capInsets":[0,0,0,0]}},{"__type__":"cc.SpriteFrame","content":{"name":"stand_3_rd2_ride_ride_9241_rd2_stand_3_4","texture":"eetwjdvfhOoZQo8HEz7Vhe","rect":[1,409,322,402],"offset":[51,22],"originalSize":[800,800],"capInsets":[0,0,0,0]}},{"__type__":"cc.SpriteFrame","content":{"name":"stand_3_rd2_ride_ride_9241_rd2_stand_3_2","texture":"eetwjdvfhOoZQo8HEz7Vhe","rect":[659,1,334,328],"offset":[56,8],"originalSize":[800,800],"capInsets":[0,0,0,0]}},{"__type__":"cc.SpriteAtlas","_name":"stand_3_b.plist","_spriteFrames":{"stand_3_rd2_ride_ride_9241_rd2_stand_3_1":{"__uuid__":"cfSFmIWZpGFra6hmtLDv/X"},"stand_3_rd2_ride_ride_9241_rd2_stand_3_2":{"__uuid__":"a1+XVvcoVKm4rsDEfrREmI"},"stand_3_rd2_ride_ride_9241_rd2_stand_3_3":{"__uuid__":"40GRgrJW1GXYcYVFyFjs26"},"stand_3_rd2_ride_ride_9241_rd2_stand_3_4":{"__uuid__":"81NQJKRPBIXKMicuBE4ZJP"},"stand_3_rd2_ride_ride_9241_rd2_stand_3_5":{"__uuid__":"59q5V6fgNKJJJlCOLDVdoh"},"stand_3_rd2_ride_ride_9241_rd2_stand_3_6":{"__uuid__":"b9dLZUjSdJ2pCK1F7chlXz"},"stand_3_rd2_ride_ride_9241_rd2_stand_3_7":{"__uuid__":"7fyUc6xOxJ9ZGmJFPbpBHd"},"stand_3_rd2_ride_ride_9241_rd2_stand_3_8":{"__uuid__":"c6R2b8K8xOQ6I+y2hlIR7/"}}},{"__type__":"cc.SpriteFrame","content":{"name":"stand_3_rd2_ride_ride_9241_rd2_stand_3_6","texture":"eetwjdvfhOoZQo8HEz7Vhe","rect":[659,331,326,316],"offset":[51,-5],"originalSize":[800,800],"capInsets":[0,0,0,0]}},{"__type__":"cc.SpriteFrame","content":{"name":"stand_3_rd2_ride_ride_9241_rd2_stand_3_8","texture":"eetwjdvfhOoZQo8HEz7Vhe","rect":[667,649,320,306],"offset":[48,-16],"originalSize":[800,800],"capInsets":[0,0,0,0]}},{"__type__":"cc.SpriteFrame","content":{"name":"stand_3_rd2_ride_ride_9241_rd2_stand_3_1","texture":"eetwjdvfhOoZQo8HEz7Vhe","rect":[331,373,320,300],"offset":[49,-7],"originalSize":[800,800],"capInsets":[0,0,0,0]}}]