[{"__type__":"cc.SpriteFrame","content":{"name":"stand_7_part1_wing_5012_stand_7_part1_0010","texture":"cadTmKp7FDmLdP6+elD2HJ","rect":[88,346,72,84],"offset":[32,27],"originalSize":[500,500],"rotated":1,"capInsets":[0,0,0,0]}},{"__type__":"cc.SpriteFrame","content":{"name":"stand_7_part1_wing_5012_stand_7_part1_0011","texture":"cadTmKp7FDmLdP6+elD2HJ","rect":[2,384,70,82],"offset":[32,28],"originalSize":[500,500],"rotated":1,"capInsets":[0,0,0,0]}},{"__type__":"cc.SpriteFrame","content":{"name":"stand_7_part1_wing_5012_stand_7_part1_0006","texture":"cadTmKp7FDmLdP6+elD2HJ","rect":[100,170,94,94],"offset":[43,31],"originalSize":[500,500],"capInsets":[0,0,0,0]}},{"__type__":"cc.SpriteFrame","content":{"name":"stand_7_part1_wing_5012_stand_7_part1_0003","texture":"cadTmKp7FDmLdP6+elD2HJ","rect":[112,2,86,102],"offset":[39,36],"originalSize":[500,500],"rotated":1,"capInsets":[0,0,0,0]}},{"__type__":"cc.SpriteFrame","content":{"name":"stand_7_part1_wing_5012_stand_7_part1_0009","texture":"cadTmKp7FDmLdP6+elD2HJ","rect":[186,266,68,88],"offset":[30,28],"originalSize":[500,500],"capInsets":[0,0,0,0]}},{"__type__":"cc.SpriteFrame","content":{"name":"stand_7_part1_wing_5012_stand_7_part1_0007","texture":"cadTmKp7FDmLdP6+elD2HJ","rect":[2,242,64,92],"offset":[28,29],"originalSize":[500,500],"rotated":1,"capInsets":[0,0,0,0]}},{"__type__":"cc.SpriteFrame","content":{"name":"stand_7_part1_wing_5012_stand_7_part1_0001","texture":"cadTmKp7FDmLdP6+elD2HJ","rect":[96,266,78,88],"offset":[36,37],"originalSize":[500,500],"rotated":1,"capInsets":[0,0,0,0]}},{"__type__":"cc.SpriteFrame","content":{"name":"stand_7_part1_wing_5012_stand_7_part1_0005","texture":"cadTmKp7FDmLdP6+elD2HJ","rect":[100,90,78,96],"offset":[35,35],"originalSize":[500,500],"rotated":1,"capInsets":[0,0,0,0]}},{"__type__":"cc.SpriteFrame","content":{"name":"stand_7_part1_wing_5012_stand_7_part1_0008","texture":"cadTmKp7FDmLdP6+elD2HJ","rect":[2,174,66,92],"offset":[29,29],"originalSize":[500,500],"rotated":1,"capInsets":[0,0,0,0]}},{"__type__":"cc.SpriteFrame","content":{"name":"stand_7_part1_wing_5012_stand_7_part1_0004","texture":"cadTmKp7FDmLdP6+elD2HJ","rect":[2,2,86,108],"offset":[40,33],"originalSize":[500,500],"rotated":1,"capInsets":[0,0,0,0]}},{"__type__":"cc.SpriteFrame","content":{"name":"stand_7_part1_wing_5012_stand_7_part1_0002","texture":"cadTmKp7FDmLdP6+elD2HJ","rect":[2,90,82,96],"offset":[38,37],"originalSize":[500,500],"rotated":1,"capInsets":[0,0,0,0]}},{"__type__":"cc.SpriteAtlas","_name":"stand_7_part1.plist","_spriteFrames":{"stand_7_part1_wing_5012_stand_7_part1_0001":{"__uuid__":"60U6HrlftMz6Zq4AtUlX3/"},"stand_7_part1_wing_5012_stand_7_part1_0002":{"__uuid__":"adUE9vOLVOVqCQ0ffKKIbS"},"stand_7_part1_wing_5012_stand_7_part1_0003":{"__uuid__":"48pZ1u5JZK1qc7NtxaQ1cY"},"stand_7_part1_wing_5012_stand_7_part1_0004":{"__uuid__":"70D4mw8jhLva4XKqq+M6/7"},"stand_7_part1_wing_5012_stand_7_part1_0005":{"__uuid__":"63LUCR6x9A74IWwSBWn53i"},"stand_7_part1_wing_5012_stand_7_part1_0006":{"__uuid__":"47Z2+qwpZLSJz1ZR23Gsv7"},"stand_7_part1_wing_5012_stand_7_part1_0007":{"__uuid__":"59NWHTwvhKg5fQIOkzCC04"},"stand_7_part1_wing_5012_stand_7_part1_0008":{"__uuid__":"6bM+uOFcRLXZdQiqS4r9PG"},"stand_7_part1_wing_5012_stand_7_part1_0009":{"__uuid__":"4b2ltJB25P8Z+U6eVypmJf"},"stand_7_part1_wing_5012_stand_7_part1_0010":{"__uuid__":"28rZnuoIJNvr5+NbRtzzDa"},"stand_7_part1_wing_5012_stand_7_part1_0011":{"__uuid__":"2d6yeUGDRKOZRkiDAqxXNH"},"stand_7_part1_wing_5012_stand_7_part1_0012":{"__uuid__":"fe/qnLhppKi5EfTvswlPa2"}}},{"__type__":"cc.SpriteFrame","content":{"name":"stand_7_part1_wing_5012_stand_7_part1_0012","texture":"cadTmKp7FDmLdP6+elD2HJ","rect":[2,308,74,84],"offset":[34,31],"originalSize":[500,500],"rotated":1,"capInsets":[0,0,0,0]}}]