[{"__type__":"cc.SpriteFrame","content":{"name":"stand_13_sh_ride_shape_1031_sh_stand_1_0004","texture":"e5H2J0rmBAyadgBhSDXtSm","rect":[201,1,96,140],"offset":[-8,28],"originalSize":[450,450],"capInsets":[0,0,0,0]}},{"__type__":"cc.SpriteFrame","content":{"name":"stand_13_sh_ride_shape_1031_sh_stand_1_0002","texture":"e5H2J0rmBAyadgBhSDXtSm","rect":[99,145,100,140],"offset":[-9,27],"originalSize":[450,450],"capInsets":[0,0,0,0]}},{"__type__":"cc.SpriteAtlas","_name":"stand_1.plist","_spriteFrames":{"stand_13_sh_ride_shape_1031_sh_stand_1_0001":{"__uuid__":"a3mvHuxVFEMrnEDC+tSYhi"},"stand_13_sh_ride_shape_1031_sh_stand_1_0002":{"__uuid__":"6cdhaDA7RFhIgvfcstW97L"},"stand_13_sh_ride_shape_1031_sh_stand_1_0003":{"__uuid__":"f32LZv+6hJtoc1Lp3wUPCT"},"stand_13_sh_ride_shape_1031_sh_stand_1_0004":{"__uuid__":"5fSM5qICVOp67ISL0pN5PQ"},"stand_13_sh_ride_shape_1031_sh_stand_1_0005":{"__uuid__":"dcsfgRMGBHV6WDQJCtnOq9"},"stand_13_sh_ride_shape_1031_sh_stand_1_0006":{"__uuid__":"d9/m7qQnpEl7Jnzl5Pyg7D"},"stand_13_sh_ride_shape_1031_sh_stand_1_0007":{"__uuid__":"bdSv3cWG9AoK6cSPCWAx9A"},"stand_13_sh_ride_shape_1031_sh_stand_1_0008":{"__uuid__":"efIbTUElZMyakQI4zd3lyt"}}},{"__type__":"cc.SpriteFrame","content":{"name":"stand_13_sh_ride_shape_1031_sh_stand_1_0001","texture":"e5H2J0rmBAyadgBhSDXtSm","rect":[1,1,100,142],"offset":[-9,27],"originalSize":[450,450],"capInsets":[0,0,0,0]}},{"__type__":"cc.SpriteFrame","content":{"name":"stand_13_sh_ride_shape_1031_sh_stand_1_0007","texture":"e5H2J0rmBAyadgBhSDXtSm","rect":[299,143,94,140],"offset":[-6,27],"originalSize":[450,450],"capInsets":[0,0,0,0]}},{"__type__":"cc.SpriteFrame","content":{"name":"stand_13_sh_ride_shape_1031_sh_stand_1_0006","texture":"e5H2J0rmBAyadgBhSDXtSm","rect":[299,1,94,140],"offset":[-6,28],"originalSize":[450,450],"capInsets":[0,0,0,0]}},{"__type__":"cc.SpriteFrame","content":{"name":"stand_13_sh_ride_shape_1031_sh_stand_1_0005","texture":"e5H2J0rmBAyadgBhSDXtSm","rect":[201,143,96,140],"offset":[-7,28],"originalSize":[450,450],"capInsets":[0,0,0,0]}},{"__type__":"cc.SpriteFrame","content":{"name":"stand_13_sh_ride_shape_1031_sh_stand_1_0008","texture":"e5H2J0rmBAyadgBhSDXtSm","rect":[1,145,96,142],"offset":[-7,27],"originalSize":[450,450],"capInsets":[0,0,0,0]}},{"__type__":"cc.SpriteFrame","content":{"name":"stand_13_sh_ride_shape_1031_sh_stand_1_0003","texture":"e5H2J0rmBAyadgBhSDXtSm","rect":[103,1,96,140],"offset":[-8,27],"originalSize":[450,450],"capInsets":[0,0,0,0]}}]