[{"__type__":"cc.SpriteFrame","content":{"name":"stand_8_part1_wing_5012_stand_8_part1_0006","texture":"37r9Df1/BJyJ9Qo7CtLabW","rect":[182,252,68,86],"offset":[-56,34],"originalSize":[500,500],"capInsets":[0,0,0,0]}},{"__type__":"cc.SpriteFrame","content":{"name":"stand_8_part1_wing_5012_stand_8_part1_0009","texture":"37r9Df1/BJyJ9Qo7CtLabW","rect":[2,132,72,90],"offset":[-59,40],"originalSize":[500,500],"rotated":1,"capInsets":[0,0,0,0]}},{"__type__":"cc.SpriteFrame","content":{"name":"stand_8_part1_wing_5012_stand_8_part1_0011","texture":"37r9Df1/BJyJ9Qo7CtLabW","rect":[92,226,74,88],"offset":[-60,37],"originalSize":[500,500],"rotated":1,"capInsets":[0,0,0,0]}},{"__type__":"cc.SpriteFrame","content":{"name":"stand_8_part1_wing_5012_stand_8_part1_0010","texture":"37r9Df1/BJyJ9Qo7CtLabW","rect":[2,206,74,88],"offset":[-60,39],"originalSize":[500,500],"rotated":1,"capInsets":[0,0,0,0]}},{"__type__":"cc.SpriteFrame","content":{"name":"stand_8_part1_wing_5012_stand_8_part1_0002","texture":"37r9Df1/BJyJ9Qo7CtLabW","rect":[2,2,62,112],"offset":[-54,34],"originalSize":[500,500],"rotated":1,"capInsets":[0,0,0,0]}},{"__type__":"cc.SpriteFrame","content":{"name":"stand_8_part1_wing_5012_stand_8_part1_0007","texture":"37r9Df1/BJyJ9Qo7CtLabW","rect":[2,282,72,88],"offset":[-58,36],"originalSize":[500,500],"rotated":1,"capInsets":[0,0,0,0]}},{"__type__":"cc.SpriteAtlas","_name":"stand_8_part1.plist","_spriteFrames":{"stand_8_part1_wing_5012_stand_8_part1_0001":{"__uuid__":"bdoJl+q7JHa6nIMrm7bx5V"},"stand_8_part1_wing_5012_stand_8_part1_0002":{"__uuid__":"76BVkKhPdBwb26YgoJJjJr"},"stand_8_part1_wing_5012_stand_8_part1_0003":{"__uuid__":"a7f/5eyYNG7K+1vMyD6jzm"},"stand_8_part1_wing_5012_stand_8_part1_0004":{"__uuid__":"db64aZJbRKmp3bBGMAoY7B"},"stand_8_part1_wing_5012_stand_8_part1_0005":{"__uuid__":"ac/JNyRHpKhLAcEV5hs5ho"},"stand_8_part1_wing_5012_stand_8_part1_0006":{"__uuid__":"00+GZynbVItKIrLmSlhlBp"},"stand_8_part1_wing_5012_stand_8_part1_0007":{"__uuid__":"77jvYiWPNORrRzvEMP3qZY"},"stand_8_part1_wing_5012_stand_8_part1_0008":{"__uuid__":"fbNow7MbZLM4KUJwgc5ZSC"},"stand_8_part1_wing_5012_stand_8_part1_0009":{"__uuid__":"08yKMJ3EJJobBbLmoM+m7A"},"stand_8_part1_wing_5012_stand_8_part1_0010":{"__uuid__":"51IhbUd4FCu753VpCdsqbb"},"stand_8_part1_wing_5012_stand_8_part1_0011":{"__uuid__":"29A4D948tA4rHqUgPgJ+HD"},"stand_8_part1_wing_5012_stand_8_part1_0012":{"__uuid__":"cf2fdGcFRGrqvSkn/+B7mx"}}},{"__type__":"cc.SpriteFrame","content":{"name":"stand_8_part1_wing_5012_stand_8_part1_0003","texture":"37r9Df1/BJyJ9Qo7CtLabW","rect":[188,70,62,90],"offset":[-54,37],"originalSize":[500,500],"capInsets":[0,0,0,0]}},{"__type__":"cc.SpriteFrame","content":{"name":"stand_8_part1_wing_5012_stand_8_part1_0005","texture":"37r9Df1/BJyJ9Qo7CtLabW","rect":[116,2,66,92],"offset":[-56,37],"originalSize":[500,500],"rotated":1,"capInsets":[0,0,0,0]}},{"__type__":"cc.SpriteFrame","content":{"name":"stand_8_part1_wing_5012_stand_8_part1_0001","texture":"37r9Df1/BJyJ9Qo7CtLabW","rect":[96,70,78,90],"offset":[-62,36],"originalSize":[500,500],"rotated":1,"capInsets":[0,0,0,0]}},{"__type__":"cc.SpriteFrame","content":{"name":"stand_8_part1_wing_5012_stand_8_part1_0012","texture":"37r9Df1/BJyJ9Qo7CtLabW","rect":[184,162,68,88],"offset":[-57,35],"originalSize":[500,500],"capInsets":[0,0,0,0]}},{"__type__":"cc.SpriteFrame","content":{"name":"stand_8_part1_wing_5012_stand_8_part1_0004","texture":"37r9Df1/BJyJ9Qo7CtLabW","rect":[2,66,64,92],"offset":[-54,37],"originalSize":[500,500],"rotated":1,"capInsets":[0,0,0,0]}},{"__type__":"cc.SpriteFrame","content":{"name":"stand_8_part1_wing_5012_stand_8_part1_0008","texture":"37r9Df1/BJyJ9Qo7CtLabW","rect":[94,150,74,88],"offset":[-59,39],"originalSize":[500,500],"rotated":1,"capInsets":[0,0,0,0]}}]