[{"__type__":"cc.SpriteFrame","content":{"name":"stand_5_part1_wing_5013_stand_5_part1_0008","texture":"11LFVv0itKtrv7xIMCC28V","rect":[122,2,68,106],"offset":[-37,96],"originalSize":[500,500],"rotated":1,"capInsets":[0,0,0,0]}},{"__type__":"cc.SpriteFrame","content":{"name":"stand_5_part1_wing_5013_stand_5_part1_0001","texture":"11LFVv0itKtrv7xIMCC28V","rect":[2,314,96,90],"offset":[-52,80],"originalSize":[500,500],"capInsets":[0,0,0,0]}},{"__type__":"cc.SpriteFrame","content":{"name":"stand_5_part1_wing_5013_stand_5_part1_0010","texture":"11LFVv0itKtrv7xIMCC28V","rect":[106,146,76,102],"offset":[-43,89],"originalSize":[500,500],"rotated":1,"capInsets":[0,0,0,0]}},{"__type__":"cc.SpriteFrame","content":{"name":"stand_5_part1_wing_5013_stand_5_part1_0003","texture":"11LFVv0itKtrv7xIMCC28V","rect":[98,408,96,98],"offset":[-52,87],"originalSize":[500,500],"rotated":1,"capInsets":[0,0,0,0]}},{"__type__":"cc.SpriteFrame","content":{"name":"stand_5_part1_wing_5013_stand_5_part1_0005","texture":"11LFVv0itKtrv7xIMCC28V","rect":[110,72,72,96],"offset":[-41,90],"originalSize":[500,500],"rotated":1,"capInsets":[0,0,0,0]}},{"__type__":"cc.SpriteFrame","content":{"name":"stand_5_part1_wing_5013_stand_5_part1_0004","texture":"11LFVv0itKtrv7xIMCC28V","rect":[2,222,84,92],"offset":[-46,87],"originalSize":[500,500],"rotated":1,"capInsets":[0,0,0,0]}},{"__type__":"cc.SpriteFrame","content":{"name":"stand_5_part1_wing_5013_stand_5_part1_0012","texture":"11LFVv0itKtrv7xIMCC28V","rect":[2,406,94,94],"offset":[-51,83],"originalSize":[500,500],"capInsets":[0,0,0,0]}},{"__type__":"cc.SpriteFrame","content":{"name":"stand_5_part1_wing_5013_stand_5_part1_0002","texture":"11LFVv0itKtrv7xIMCC28V","rect":[96,224,88,98],"offset":[-48,85],"originalSize":[500,500],"rotated":1,"capInsets":[0,0,0,0]}},{"__type__":"cc.SpriteAtlas","_name":"stand_5_part1.plist","_spriteFrames":{"stand_5_part1_wing_5013_stand_5_part1_0001":{"__uuid__":"17ciYM5FlElrYEOu95f67v"},"stand_5_part1_wing_5013_stand_5_part1_0002":{"__uuid__":"77ThT1uP1LBZY7QclrRTB/"},"stand_5_part1_wing_5013_stand_5_part1_0003":{"__uuid__":"2aBopUKrpPoLSwZLb0AiBc"},"stand_5_part1_wing_5013_stand_5_part1_0004":{"__uuid__":"53O6vD/xZAn7heSwIM/5Wc"},"stand_5_part1_wing_5013_stand_5_part1_0005":{"__uuid__":"33NrwAcX9IbY6JwgTRYjEV"},"stand_5_part1_wing_5013_stand_5_part1_0006":{"__uuid__":"e1EO5DIYtCQbcKDkxZ+W+g"},"stand_5_part1_wing_5013_stand_5_part1_0007":{"__uuid__":"a18AAhHIFIQZ4+LwXDX1nI"},"stand_5_part1_wing_5013_stand_5_part1_0008":{"__uuid__":"05TayQirBLiJqA3nDwx93/"},"stand_5_part1_wing_5013_stand_5_part1_0009":{"__uuid__":"d0WLyqZDlIlpVAMWLLRZOJ"},"stand_5_part1_wing_5013_stand_5_part1_0010":{"__uuid__":"24yIaMl5xM3Ibkj8QE2BcG"},"stand_5_part1_wing_5013_stand_5_part1_0011":{"__uuid__":"b1LxVpgAVNdYTdYrvzug0g"},"stand_5_part1_wing_5013_stand_5_part1_0012":{"__uuid__":"64YzfX6mRFjpzAvujWzLzP"}}},{"__type__":"cc.SpriteFrame","content":{"name":"stand_5_part1_wing_5013_stand_5_part1_0007","texture":"11LFVv0itKtrv7xIMCC28V","rect":[2,2,68,118],"offset":[-38,99],"originalSize":[500,500],"rotated":1,"capInsets":[0,0,0,0]}},{"__type__":"cc.SpriteFrame","content":{"name":"stand_5_part1_wing_5013_stand_5_part1_0011","texture":"11LFVv0itKtrv7xIMCC28V","rect":[100,314,92,98],"offset":[-49,86],"originalSize":[500,500],"rotated":1,"capInsets":[0,0,0,0]}},{"__type__":"cc.SpriteFrame","content":{"name":"stand_5_part1_wing_5013_stand_5_part1_0009","texture":"11LFVv0itKtrv7xIMCC28V","rect":[2,146,74,102],"offset":[-42,93],"originalSize":[500,500],"rotated":1,"capInsets":[0,0,0,0]}},{"__type__":"cc.SpriteFrame","content":{"name":"stand_5_part1_wing_5013_stand_5_part1_0006","texture":"11LFVv0itKtrv7xIMCC28V","rect":[2,72,72,106],"offset":[-41,95],"originalSize":[500,500],"rotated":1,"capInsets":[0,0,0,0]}}]