[{"__type__":"cc.SpriteAtlas","_name":"stand_3.plist","_spriteFrames":{"stand_13_sh_ride_shape_1011_sh_stand_3_1":{"__uuid__":"e6HY/aArFMaIw76ivR72A9"},"stand_13_sh_ride_shape_1011_sh_stand_3_2":{"__uuid__":"d502Z7sAVB04GHWllaX2wW"},"stand_13_sh_ride_shape_1011_sh_stand_3_3":{"__uuid__":"10O6hCFKFEvoMxpGbcn97S"},"stand_13_sh_ride_shape_1011_sh_stand_3_4":{"__uuid__":"39pLyIUfpDTZKy1av4sVXD"},"stand_13_sh_ride_shape_1011_sh_stand_3_5":{"__uuid__":"bapQ08LF1Hq6mfzd+D+LoV"},"stand_13_sh_ride_shape_1011_sh_stand_3_6":{"__uuid__":"d5ODMJKMJG4bfoo79U8Hrj"},"stand_13_sh_ride_shape_1011_sh_stand_3_7":{"__uuid__":"f7VCmKmLNPSaqABHQD04oJ"},"stand_13_sh_ride_shape_1011_sh_stand_3_8":{"__uuid__":"e61z6Oe/VNRZy6T/E8C7K8"}}},{"__type__":"cc.SpriteFrame","content":{"name":"stand_13_sh_ride_shape_1011_sh_stand_3_3","texture":"e1KBcBNMRAWYQW7DumTDAR","rect":[1,1,80,160],"offset":[-18,-39],"originalSize":[500,500],"capInsets":[0,0,0,0]}},{"__type__":"cc.SpriteFrame","content":{"name":"stand_13_sh_ride_shape_1011_sh_stand_3_4","texture":"e1KBcBNMRAWYQW7DumTDAR","rect":[1,163,80,160],"offset":[-18,-39],"originalSize":[500,500],"capInsets":[0,0,0,0]}},{"__type__":"cc.SpriteFrame","content":{"name":"stand_13_sh_ride_shape_1011_sh_stand_3_5","texture":"e1KBcBNMRAWYQW7DumTDAR","rect":[83,1,80,160],"offset":[-18,-39],"originalSize":[500,500],"capInsets":[0,0,0,0]}},{"__type__":"cc.SpriteFrame","content":{"name":"stand_13_sh_ride_shape_1011_sh_stand_3_6","texture":"e1KBcBNMRAWYQW7DumTDAR","rect":[83,163,80,160],"offset":[-15,-39],"originalSize":[500,500],"capInsets":[0,0,0,0]}},{"__type__":"cc.SpriteFrame","content":{"name":"stand_13_sh_ride_shape_1011_sh_stand_3_2","texture":"e1KBcBNMRAWYQW7DumTDAR","rect":[165,1,78,160],"offset":[-17,-39],"originalSize":[500,500],"capInsets":[0,0,0,0]}},{"__type__":"cc.SpriteFrame","content":{"name":"stand_13_sh_ride_shape_1011_sh_stand_3_1","texture":"e1KBcBNMRAWYQW7DumTDAR","rect":[245,1,76,160],"offset":[-15,-39],"originalSize":[500,500],"capInsets":[0,0,0,0]}},{"__type__":"cc.SpriteFrame","content":{"name":"stand_13_sh_ride_shape_1011_sh_stand_3_8","texture":"e1KBcBNMRAWYQW7DumTDAR","rect":[245,163,76,160],"offset":[-15,-39],"originalSize":[500,500],"capInsets":[0,0,0,0]}},{"__type__":"cc.SpriteFrame","content":{"name":"stand_13_sh_ride_shape_1011_sh_stand_3_7","texture":"e1KBcBNMRAWYQW7DumTDAR","rect":[165,163,78,160],"offset":[-15,-39],"originalSize":[500,500],"capInsets":[0,0,0,0]}}]