[{"__type__":"cc.SpriteFrame","content":{"name":"stand_13_sh_ride_shape_1011_sh_stand_1_1","texture":"32JTc2QkZEZIeo8pGth1RC","rect":[303,1,94,158],"offset":[-3,-37],"originalSize":[500,500],"capInsets":[0,0,0,0]}},{"__type__":"cc.SpriteFrame","content":{"name":"stand_13_sh_ride_shape_1011_sh_stand_1_2","texture":"32JTc2QkZEZIeo8pGth1RC","rect":[203,161,96,158],"offset":[-2,-37],"originalSize":[500,500],"capInsets":[0,0,0,0]}},{"__type__":"cc.SpriteFrame","content":{"name":"stand_13_sh_ride_shape_1011_sh_stand_1_3","texture":"32JTc2QkZEZIeo8pGth1RC","rect":[1,1,100,158],"offset":[-2,-36],"originalSize":[500,500],"capInsets":[0,0,0,0]}},{"__type__":"cc.SpriteFrame","content":{"name":"stand_13_sh_ride_shape_1011_sh_stand_1_8","texture":"32JTc2QkZEZIeo8pGth1RC","rect":[301,161,94,158],"offset":[-4,-37],"originalSize":[500,500],"capInsets":[0,0,0,0]}},{"__type__":"cc.SpriteAtlas","_name":"stand_1.plist","_spriteFrames":{"stand_13_sh_ride_shape_1011_sh_stand_1_1":{"__uuid__":"13npC3QClHnI1cI5joud5B"},"stand_13_sh_ride_shape_1011_sh_stand_1_2":{"__uuid__":"4dZIremXpASKI2ZIHzRCrj"},"stand_13_sh_ride_shape_1011_sh_stand_1_3":{"__uuid__":"50aQkzQxpHhZcxTMvT+Wcs"},"stand_13_sh_ride_shape_1011_sh_stand_1_4":{"__uuid__":"8aKE1WmPtHw5rUOyCYD6Yl"},"stand_13_sh_ride_shape_1011_sh_stand_1_5":{"__uuid__":"92bMfb2lNGtavBM61HaKtQ"},"stand_13_sh_ride_shape_1011_sh_stand_1_6":{"__uuid__":"fb1uqqwvpDy7c3EFwPxr8L"},"stand_13_sh_ride_shape_1011_sh_stand_1_7":{"__uuid__":"e1rUo/ob5A3LWdjc4zx6n4"},"stand_13_sh_ride_shape_1011_sh_stand_1_8":{"__uuid__":"52FmX6Os1FhKES3BSXhG4K"}}},{"__type__":"cc.SpriteFrame","content":{"name":"stand_13_sh_ride_shape_1011_sh_stand_1_4","texture":"32JTc2QkZEZIeo8pGth1RC","rect":[1,161,100,158],"offset":[-2,-35],"originalSize":[500,500],"capInsets":[0,0,0,0]}},{"__type__":"cc.SpriteFrame","content":{"name":"stand_13_sh_ride_shape_1011_sh_stand_1_5","texture":"32JTc2QkZEZIeo8pGth1RC","rect":[103,1,100,158],"offset":[-3,-35],"originalSize":[500,500],"capInsets":[0,0,0,0]}},{"__type__":"cc.SpriteFrame","content":{"name":"stand_13_sh_ride_shape_1011_sh_stand_1_7","texture":"32JTc2QkZEZIeo8pGth1RC","rect":[205,1,96,158],"offset":[-4,-36],"originalSize":[500,500],"capInsets":[0,0,0,0]}},{"__type__":"cc.SpriteFrame","content":{"name":"stand_13_sh_ride_shape_1011_sh_stand_1_6","texture":"32JTc2QkZEZIeo8pGth1RC","rect":[103,161,98,158],"offset":[-4,-35],"originalSize":[500,500],"capInsets":[0,0,0,0]}}]