[{"__type__":"cc.SpriteFrame","content":{"name":"run_13_sh_ride_shape_1032_sh_run_3_0006","texture":"2afDU9P0dDj5QY/A55m5sB","rect":[195,213,92,102],"offset":[1,46],"originalSize":[480,480],"capInsets":[0,0,0,0]}},{"__type__":"cc.SpriteFrame","content":{"name":"run_13_sh_ride_shape_1032_sh_run_3_0001","texture":"2afDU9P0dDj5QY/A55m5sB","rect":[99,1,94,108],"offset":[0,43],"originalSize":[480,480],"capInsets":[0,0,0,0]}},{"__type__":"cc.SpriteFrame","content":{"name":"run_13_sh_ride_shape_1032_sh_run_3_0008","texture":"2afDU9P0dDj5QY/A55m5sB","rect":[1,1,96,106],"offset":[2,43],"originalSize":[480,480],"capInsets":[0,0,0,0]}},{"__type__":"cc.SpriteFrame","content":{"name":"run_13_sh_ride_shape_1032_sh_run_3_0005","texture":"2afDU9P0dDj5QY/A55m5sB","rect":[97,213,96,100],"offset":[2,47],"originalSize":[480,480],"capInsets":[0,0,0,0]}},{"__type__":"cc.SpriteFrame","content":{"name":"run_13_sh_ride_shape_1032_sh_run_3_0004","texture":"2afDU9P0dDj5QY/A55m5sB","rect":[97,111,96,100],"offset":[1,46],"originalSize":[480,480],"capInsets":[0,0,0,0]}},{"__type__":"cc.SpriteAtlas","_name":"run_3.plist","_spriteFrames":{"run_13_sh_ride_shape_1032_sh_run_3_0001":{"__uuid__":"1c3pbne99KfbL5gTWng06f"},"run_13_sh_ride_shape_1032_sh_run_3_0002":{"__uuid__":"b9s6j5D9dPx4opL5bcPooZ"},"run_13_sh_ride_shape_1032_sh_run_3_0003":{"__uuid__":"d3LD344b1HNZ47MqHYwqSn"},"run_13_sh_ride_shape_1032_sh_run_3_0004":{"__uuid__":"9egj3obEFNqqepGzRweEJT"},"run_13_sh_ride_shape_1032_sh_run_3_0005":{"__uuid__":"91/cXCP8lOPJ5+0hmr7ocy"},"run_13_sh_ride_shape_1032_sh_run_3_0006":{"__uuid__":"01gdySIsxIB5Vs774CAPzN"},"run_13_sh_ride_shape_1032_sh_run_3_0007":{"__uuid__":"f5fGa0VX1HcZjyCxwuSW6z"},"run_13_sh_ride_shape_1032_sh_run_3_0008":{"__uuid__":"3c2efXsM5G24rThoYebnrI"}}},{"__type__":"cc.SpriteFrame","content":{"name":"run_13_sh_ride_shape_1032_sh_run_3_0002","texture":"2afDU9P0dDj5QY/A55m5sB","rect":[1,109,94,106],"offset":[-1,43],"originalSize":[480,480],"capInsets":[0,0,0,0]}},{"__type__":"cc.SpriteFrame","content":{"name":"run_13_sh_ride_shape_1032_sh_run_3_0003","texture":"2afDU9P0dDj5QY/A55m5sB","rect":[195,1,94,104],"offset":[-1,45],"originalSize":[480,480],"capInsets":[0,0,0,0]}},{"__type__":"cc.SpriteFrame","content":{"name":"run_13_sh_ride_shape_1032_sh_run_3_0007","texture":"2afDU9P0dDj5QY/A55m5sB","rect":[195,107,92,104],"offset":[1,45],"originalSize":[480,480],"capInsets":[0,0,0,0]}}]