[{"__type__":"cc.SpriteFrame","content":{"name":"run_13_sh_ride_shape_4007_sh_run_3_7","texture":"10VxiPRkxH4LF/3nD2aLBH","rect":[205,277,102,138],"offset":[0,-27],"originalSize":[450,450],"capInsets":[0,0,0,0]}},{"__type__":"cc.SpriteFrame","content":{"name":"run_13_sh_ride_shape_4007_sh_run_3_8","texture":"10VxiPRkxH4LF/3nD2aLBH","rect":[315,1,100,138],"offset":[1,-28],"originalSize":[450,450],"capInsets":[0,0,0,0]}},{"__type__":"cc.SpriteFrame","content":{"name":"run_13_sh_ride_shape_4007_sh_run_3_2","texture":"10VxiPRkxH4LF/3nD2aLBH","rect":[1,143,100,140],"offset":[0,-28],"originalSize":[450,450],"capInsets":[0,0,0,0]}},{"__type__":"cc.SpriteFrame","content":{"name":"run_13_sh_ride_shape_4007_sh_run_3_4","texture":"10VxiPRkxH4LF/3nD2aLBH","rect":[105,1,102,138],"offset":[0,-28],"originalSize":[450,450],"capInsets":[0,0,0,0]}},{"__type__":"cc.SpriteFrame","content":{"name":"run_13_sh_ride_shape_4007_sh_run_3_5","texture":"10VxiPRkxH4LF/3nD2aLBH","rect":[209,1,104,136],"offset":[2,-27],"originalSize":[450,450],"capInsets":[0,0,0,0]}},{"__type__":"cc.SpriteAtlas","_name":"run_3.plist","_spriteFrames":{"run_13_sh_ride_shape_4007_sh_run_3_1":{"__uuid__":"d4nQnapsREMI1199OpuGu6"},"run_13_sh_ride_shape_4007_sh_run_3_2":{"__uuid__":"3eou9eqtJK3ZFOoJhtmJml"},"run_13_sh_ride_shape_4007_sh_run_3_3":{"__uuid__":"b7Xos3zeZDULw2Qu43yvFI"},"run_13_sh_ride_shape_4007_sh_run_3_4":{"__uuid__":"3f133gEHVJ973E5ZMdNhA9"},"run_13_sh_ride_shape_4007_sh_run_3_5":{"__uuid__":"5b5fLsTGxEO5QIypjacTKS"},"run_13_sh_ride_shape_4007_sh_run_3_6":{"__uuid__":"acFZn4w8tDYYCYfjZm5MlR"},"run_13_sh_ride_shape_4007_sh_run_3_7":{"__uuid__":"25rHoayvlNo5Xiv3Dxw1LH"},"run_13_sh_ride_shape_4007_sh_run_3_8":{"__uuid__":"3cBAm2A91HTKKxjsFDNDac"}}},{"__type__":"cc.SpriteFrame","content":{"name":"run_13_sh_ride_shape_4007_sh_run_3_6","texture":"10VxiPRkxH4LF/3nD2aLBH","rect":[209,139,104,136],"offset":[2,-27],"originalSize":[450,450],"capInsets":[0,0,0,0]}},{"__type__":"cc.SpriteFrame","content":{"name":"run_13_sh_ride_shape_4007_sh_run_3_3","texture":"10VxiPRkxH4LF/3nD2aLBH","rect":[103,143,100,140],"offset":[-1,-29],"originalSize":[450,450],"capInsets":[0,0,0,0]}},{"__type__":"cc.SpriteFrame","content":{"name":"run_13_sh_ride_shape_4007_sh_run_3_1","texture":"10VxiPRkxH4LF/3nD2aLBH","rect":[1,1,102,140],"offset":[2,-28],"originalSize":[450,450],"capInsets":[0,0,0,0]}}]