[{"__type__":"cc.SpriteFrame","content":{"name":"stand_3_rd1rd2_ride_ride_9441_rd2_stand_3_6","texture":"a7oXGoKQpPIrQZb28RJzVj","rect":[248,1,245,241],"offset":[17,56],"originalSize":[567,567],"capInsets":[0,0,0,0]}},{"__type__":"cc.SpriteFrame","content":{"name":"stand_3_rd1rd2_ride_ride_9441_rd2_stand_3_4","texture":"a7oXGoKQpPIrQZb28RJzVj","rect":[489,485,243,239],"offset":[17,55],"originalSize":[567,567],"capInsets":[0,0,0,0]}},{"__type__":"cc.SpriteFrame","content":{"name":"stand_3_rd1rd2_ride_ride_9441_rd2_stand_3_8","texture":"a7oXGoKQpPIrQZb28RJzVj","rect":[244,487,241,243],"offset":[15,58],"originalSize":[567,567],"capInsets":[0,0,0,0]}},{"__type__":"cc.SpriteAtlas","_name":"stand_3_b.plist","_spriteFrames":{"stand_3_rd1rd2_ride_ride_9441_rd2_stand_3_1":{"__uuid__":"d4JL90UIlMiLSAtLxqmAPk"},"stand_3_rd1rd2_ride_ride_9441_rd2_stand_3_2":{"__uuid__":"68ppLVPzJIRosgEskIHWB+"},"stand_3_rd1rd2_ride_ride_9441_rd2_stand_3_3":{"__uuid__":"77tsqJW7NMTZhbw8cOZ6IS"},"stand_3_rd1rd2_ride_ride_9441_rd2_stand_3_4":{"__uuid__":"32lQMY9eVI5qBMlu2bCGX2"},"stand_3_rd1rd2_ride_ride_9441_rd2_stand_3_5":{"__uuid__":"acEyy6lKZFbYaNBs7jMmPp"},"stand_3_rd1rd2_ride_ride_9441_rd2_stand_3_6":{"__uuid__":"24T5QDf81PK7KUz0EVSwUm"},"stand_3_rd1rd2_ride_ride_9441_rd2_stand_3_7":{"__uuid__":"6cqbIHOF5PR49+2iiP6aPv"},"stand_3_rd1rd2_ride_ride_9441_rd2_stand_3_8":{"__uuid__":"47wStW6XdDU5eEVu7PEoHz"}}},{"__type__":"cc.SpriteFrame","content":{"name":"stand_3_rd1rd2_ride_ride_9441_rd2_stand_3_2","texture":"a7oXGoKQpPIrQZb28RJzVj","rect":[1,489,241,243],"offset":[14,56],"originalSize":[567,567],"capInsets":[0,0,0,0]}},{"__type__":"cc.SpriteFrame","content":{"name":"stand_3_rd1rd2_ride_ride_9441_rd2_stand_3_7","texture":"a7oXGoKQpPIrQZb28RJzVj","rect":[244,244,243,241],"offset":[16,57],"originalSize":[567,567],"capInsets":[0,0,0,0]}},{"__type__":"cc.SpriteFrame","content":{"name":"stand_3_rd1rd2_ride_ride_9441_rd2_stand_3_3","texture":"a7oXGoKQpPIrQZb28RJzVj","rect":[489,244,243,239],"offset":[15,56],"originalSize":[567,567],"capInsets":[0,0,0,0]}},{"__type__":"cc.SpriteFrame","content":{"name":"stand_3_rd1rd2_ride_ride_9441_rd2_stand_3_5","texture":"a7oXGoKQpPIrQZb28RJzVj","rect":[1,1,245,241],"offset":[18,56],"originalSize":[567,567],"capInsets":[0,0,0,0]}},{"__type__":"cc.SpriteFrame","content":{"name":"stand_3_rd1rd2_ride_ride_9441_rd2_stand_3_1","texture":"a7oXGoKQpPIrQZb28RJzVj","rect":[1,244,241,243],"offset":[14,57],"originalSize":[567,567],"capInsets":[0,0,0,0]}}]