[{"__type__":"cc.SpriteFrame","content":{"name":"stand_1_part2_wing_5011_stand_1_part2_0002","texture":"6aXIcf98JKlJwKfIND69sH","rect":[128,2,50,122],"offset":[-5,78],"originalSize":[500,500],"rotated":1,"capInsets":[0,0,0,0]}},{"__type__":"cc.SpriteFrame","content":{"name":"stand_1_part2_wing_5011_stand_1_part2_0001","texture":"6aXIcf98JKlJwKfIND69sH","rect":[2,2,50,124],"offset":[-5,78],"originalSize":[500,500],"rotated":1,"capInsets":[0,0,0,0]}},{"__type__":"cc.SpriteFrame","content":{"name":"stand_1_part2_wing_5011_stand_1_part2_0011","texture":"6aXIcf98JKlJwKfIND69sH","rect":[126,54,46,122],"offset":[-7,77],"originalSize":[500,500],"rotated":1,"capInsets":[0,0,0,0]}},{"__type__":"cc.SpriteFrame","content":{"name":"stand_1_part2_wing_5011_stand_1_part2_0010","texture":"6aXIcf98JKlJwKfIND69sH","rect":[2,104,46,120],"offset":[-8,78],"originalSize":[500,500],"rotated":1,"capInsets":[0,0,0,0]}},{"__type__":"cc.SpriteFrame","content":{"name":"stand_1_part2_wing_5011_stand_1_part2_0005","texture":"6aXIcf98JKlJwKfIND69sH","rect":[122,202,48,116],"offset":[-9,80],"originalSize":[500,500],"rotated":1,"capInsets":[0,0,0,0]}},{"__type__":"cc.SpriteFrame","content":{"name":"stand_1_part2_wing_5011_stand_1_part2_0007","texture":"6aXIcf98JKlJwKfIND69sH","rect":[2,254,46,114],"offset":[-8,80],"originalSize":[500,500],"rotated":1,"capInsets":[0,0,0,0]}},{"__type__":"cc.SpriteAtlas","_name":"stand_1_part2.plist","_spriteFrames":{"stand_1_part2_wing_5011_stand_1_part2_0001":{"__uuid__":"0bA8jX1wFBuaLViFX7vEEh"},"stand_1_part2_wing_5011_stand_1_part2_0002":{"__uuid__":"0aUse30XxG/ppGpT1KwtYT"},"stand_1_part2_wing_5011_stand_1_part2_0003":{"__uuid__":"fa7tGeVwVL6KwA8P+wvBe4"},"stand_1_part2_wing_5011_stand_1_part2_0004":{"__uuid__":"9ftbLzZ+FPrqGvBo5KmhUp"},"stand_1_part2_wing_5011_stand_1_part2_0005":{"__uuid__":"5bqZj3AOlJLIorgacq1qFd"},"stand_1_part2_wing_5011_stand_1_part2_0006":{"__uuid__":"ddGOlgHwlNyKxJpvn3qSft"},"stand_1_part2_wing_5011_stand_1_part2_0007":{"__uuid__":"7b6qtv32BBO4JBNNINug+N"},"stand_1_part2_wing_5011_stand_1_part2_0008":{"__uuid__":"c83f+vbudO+56g8Xgt38mj"},"stand_1_part2_wing_5011_stand_1_part2_0009":{"__uuid__":"f0l1BYWkdMc6zvaFMxiXi3"},"stand_1_part2_wing_5011_stand_1_part2_0010":{"__uuid__":"42tUaWFdJPoJh+K+x65OGi"},"stand_1_part2_wing_5011_stand_1_part2_0011":{"__uuid__":"214Im1CK5Od4owCt8itxG4"},"stand_1_part2_wing_5011_stand_1_part2_0012":{"__uuid__":"d0fSuhZntCj7reXUz7snWq"}}},{"__type__":"cc.SpriteFrame","content":{"name":"stand_1_part2_wing_5011_stand_1_part2_0004","texture":"6aXIcf98JKlJwKfIND69sH","rect":[2,152,50,118],"offset":[-8,79],"originalSize":[500,500],"rotated":1,"capInsets":[0,0,0,0]}},{"__type__":"cc.SpriteFrame","content":{"name":"stand_1_part2_wing_5011_stand_1_part2_0008","texture":"6aXIcf98JKlJwKfIND69sH","rect":[120,252,46,116],"offset":[-7,79],"originalSize":[500,500],"rotated":1,"capInsets":[0,0,0,0]}},{"__type__":"cc.SpriteFrame","content":{"name":"stand_1_part2_wing_5011_stand_1_part2_0012","texture":"6aXIcf98JKlJwKfIND69sH","rect":[2,54,48,122],"offset":[-5,77],"originalSize":[500,500],"rotated":1,"capInsets":[0,0,0,0]}},{"__type__":"cc.SpriteFrame","content":{"name":"stand_1_part2_wing_5011_stand_1_part2_0006","texture":"6aXIcf98JKlJwKfIND69sH","rect":[2,204,48,116],"offset":[-9,81],"originalSize":[500,500],"rotated":1,"capInsets":[0,0,0,0]}},{"__type__":"cc.SpriteFrame","content":{"name":"stand_1_part2_wing_5011_stand_1_part2_0009","texture":"6aXIcf98JKlJwKfIND69sH","rect":[122,154,46,118],"offset":[-8,79],"originalSize":[500,500],"rotated":1,"capInsets":[0,0,0,0]}},{"__type__":"cc.SpriteFrame","content":{"name":"stand_1_part2_wing_5011_stand_1_part2_0003","texture":"6aXIcf98JKlJwKfIND69sH","rect":[126,102,50,120],"offset":[-6,78],"originalSize":[500,500],"rotated":1,"capInsets":[0,0,0,0]}}]