[{"__type__":"cc.SpriteAtlas","_name":"stand_1_b.plist","_spriteFrames":{"ride_ride_9131_rd2_stand_1_1":{"__uuid__":"f53YqN6p9FWpNH6H7L3vVX"},"ride_ride_9131_rd2_stand_1_2":{"__uuid__":"fav0RwBNtOmJt8X31nV6oN"},"ride_ride_9131_rd2_stand_1_3":{"__uuid__":"e3ZBiojo1Md7DMYYGse2Ll"},"ride_ride_9131_rd2_stand_1_4":{"__uuid__":"cazeM2arVFzJNqDZP2M/bA"},"ride_ride_9131_rd2_stand_1_5":{"__uuid__":"af06SPItRJFq5R32cs4KqK"},"ride_ride_9131_rd2_stand_1_6":{"__uuid__":"872tjOFAdAvbgXoSEM8CKZ"},"ride_ride_9131_rd2_stand_1_7":{"__uuid__":"7dC892oIZJa5cx0PxP/6gT"},"ride_ride_9131_rd2_stand_1_8":{"__uuid__":"d6puc5VGBMM601IQ7JxDSZ"}}},{"__type__":"cc.SpriteFrame","content":{"name":"ride_ride_9131_rd2_stand_1_7","texture":"eapPVZMBdCmbz30uhrYZ23","rect":[1,179,160,170],"offset":[-36,32],"originalSize":[480,480],"capInsets":[0,0,0,0]}},{"__type__":"cc.SpriteFrame","content":{"name":"ride_ride_9131_rd2_stand_1_6","texture":"eapPVZMBdCmbz30uhrYZ23","rect":[163,1,158,170],"offset":[-36,30],"originalSize":[480,480],"capInsets":[0,0,0,0]}},{"__type__":"cc.SpriteFrame","content":{"name":"ride_ride_9131_rd2_stand_1_5","texture":"eapPVZMBdCmbz30uhrYZ23","rect":[323,1,156,170],"offset":[-34,30],"originalSize":[480,480],"capInsets":[0,0,0,0]}},{"__type__":"cc.SpriteFrame","content":{"name":"ride_ride_9131_rd2_stand_1_4","texture":"eapPVZMBdCmbz30uhrYZ23","rect":[317,341,150,168],"offset":[-34,31],"originalSize":[480,480],"capInsets":[0,0,0,0]}},{"__type__":"cc.SpriteFrame","content":{"name":"ride_ride_9131_rd2_stand_1_8","texture":"eapPVZMBdCmbz30uhrYZ23","rect":[1,1,160,176],"offset":[-37,30],"originalSize":[480,480],"capInsets":[0,0,0,0]}},{"__type__":"cc.SpriteFrame","content":{"name":"ride_ride_9131_rd2_stand_1_3","texture":"eapPVZMBdCmbz30uhrYZ23","rect":[163,173,158,166],"offset":[-34,30],"originalSize":[480,480],"capInsets":[0,0,0,0]}},{"__type__":"cc.SpriteFrame","content":{"name":"ride_ride_9131_rd2_stand_1_1","texture":"eapPVZMBdCmbz30uhrYZ23","rect":[163,341,152,168],"offset":[-31,31],"originalSize":[480,480],"capInsets":[0,0,0,0]}},{"__type__":"cc.SpriteFrame","content":{"name":"ride_ride_9131_rd2_stand_1_2","texture":"eapPVZMBdCmbz30uhrYZ23","rect":[323,173,146,166],"offset":[-34,31],"originalSize":[480,480],"capInsets":[0,0,0,0]}}]