[{"__type__":"cc.SpriteFrame","content":{"name":"stand_1_rd1rd2rd3_ride_ride_9211_rd3_stand_1_4","texture":"64OGT0zddH4b4xhK5thHMX","rect":[1,67,128,76],"offset":[-56,53],"originalSize":[800,800],"capInsets":[0,0,0,0]}},{"__type__":"cc.SpriteFrame","content":{"name":"stand_1_rd1rd2rd3_ride_ride_9211_rd3_stand_1_3","texture":"64OGT0zddH4b4xhK5thHMX","rect":[141,205,122,80],"offset":[-56,52],"originalSize":[800,800],"capInsets":[0,0,0,0]}},{"__type__":"cc.SpriteFrame","content":{"name":"stand_1_rd1rd2rd3_ride_ride_9211_rd3_stand_1_5","texture":"64OGT0zddH4b4xhK5thHMX","rect":[145,63,134,68],"offset":[-59,53],"originalSize":[800,800],"capInsets":[0,0,0,0]}},{"__type__":"cc.SpriteFrame","content":{"name":"stand_1_rd1rd2rd3_ride_ride_9211_rd3_stand_1_7","texture":"64OGT0zddH4b4xhK5thHMX","rect":[145,1,140,60],"offset":[-65,46],"originalSize":[800,800],"capInsets":[0,0,0,0]}},{"__type__":"cc.SpriteFrame","content":{"name":"stand_1_rd1rd2rd3_ride_ride_9211_rd3_stand_1_1","texture":"64OGT0zddH4b4xhK5thHMX","rect":[131,133,132,70],"offset":[-64,44],"originalSize":[800,800],"capInsets":[0,0,0,0]}},{"__type__":"cc.SpriteFrame","content":{"name":"stand_1_rd1rd2rd3_ride_ride_9211_rd3_stand_1_6","texture":"64OGT0zddH4b4xhK5thHMX","rect":[1,1,142,64],"offset":[-63,50],"originalSize":[800,800],"capInsets":[0,0,0,0]}},{"__type__":"cc.SpriteFrame","content":{"name":"stand_1_rd1rd2rd3_ride_ride_9211_rd3_stand_1_8","texture":"64OGT0zddH4b4xhK5thHMX","rect":[1,225,138,60],"offset":[-67,43],"originalSize":[800,800],"capInsets":[0,0,0,0]}},{"__type__":"cc.SpriteFrame","content":{"name":"stand_1_rd1rd2rd3_ride_ride_9211_rd3_stand_1_2","texture":"64OGT0zddH4b4xhK5thHMX","rect":[1,145,124,78],"offset":[-60,48],"originalSize":[800,800],"capInsets":[0,0,0,0]}},{"__type__":"cc.SpriteAtlas","_name":"stand_1_b3.plist","_spriteFrames":{"stand_1_rd1rd2rd3_ride_ride_9211_rd3_stand_1_1":{"__uuid__":"be8VmEfnVFwZ/FJfdt5J3Y"},"stand_1_rd1rd2rd3_ride_ride_9211_rd3_stand_1_2":{"__uuid__":"e8VvUeDCtEX6RkVjB75Kj4"},"stand_1_rd1rd2rd3_ride_ride_9211_rd3_stand_1_3":{"__uuid__":"4fWUaENOdNdpkAkbBpCUTZ"},"stand_1_rd1rd2rd3_ride_ride_9211_rd3_stand_1_4":{"__uuid__":"3eRof0Lj9ELoezPuPQ7MrW"},"stand_1_rd1rd2rd3_ride_ride_9211_rd3_stand_1_5":{"__uuid__":"517VcXX/JA/4vl3K0aZJ4J"},"stand_1_rd1rd2rd3_ride_ride_9211_rd3_stand_1_6":{"__uuid__":"d37VNJn/xDqaCKdP+f8n37"},"stand_1_rd1rd2rd3_ride_ride_9211_rd3_stand_1_7":{"__uuid__":"93bmtT66hBVrEJG49Q/3Z7"},"stand_1_rd1rd2rd3_ride_ride_9211_rd3_stand_1_8":{"__uuid__":"d4PY1wtRNAvKNx1HyloRdm"}}}]