[{"__type__":"cc.SpriteFrame","content":{"name":"stand_7_part2_wing_5001_stand_7_part2_0011","texture":"32fpffkPlA+oz4CGZsqfx7","rect":[194,2,60,58],"offset":[-38,36],"originalSize":[490,490],"capInsets":[0,0,0,0]}},{"__type__":"cc.SpriteFrame","content":{"name":"stand_7_part2_wing_5001_stand_7_part2_0005","texture":"32fpffkPlA+oz4CGZsqfx7","rect":[62,84,64,74],"offset":[-40,31],"originalSize":[490,490],"capInsets":[0,0,0,0]}},{"__type__":"cc.SpriteFrame","content":{"name":"stand_7_part2_wing_5001_stand_7_part2_0008","texture":"32fpffkPlA+oz4CGZsqfx7","rect":[136,2,56,56],"offset":[-36,36],"originalSize":[490,490],"capInsets":[0,0,0,0]}},{"__type__":"cc.SpriteFrame","content":{"name":"stand_7_part2_wing_5001_stand_7_part2_0006","texture":"32fpffkPlA+oz4CGZsqfx7","rect":[70,2,64,74],"offset":[-40,27],"originalSize":[490,490],"capInsets":[0,0,0,0]}},{"__type__":"cc.SpriteAtlas","_name":"stand_7_part2.plist","_spriteFrames":{"stand_7_part2_wing_5001_stand_7_part2_0001":{"__uuid__":"e6RutfRypKV5RLV/nTmHSO"},"stand_7_part2_wing_5001_stand_7_part2_0002":{"__uuid__":"d6EAKnE5NEVaBDXIWNA8ZG"},"stand_7_part2_wing_5001_stand_7_part2_0003":{"__uuid__":"8cmddWC4VN9qyoGEQJ706w"},"stand_7_part2_wing_5001_stand_7_part2_0004":{"__uuid__":"bcG6r8ZaFEDYivBC2XkyiX"},"stand_7_part2_wing_5001_stand_7_part2_0005":{"__uuid__":"10MUGmTx9PpJmPBMZtOKaW"},"stand_7_part2_wing_5001_stand_7_part2_0006":{"__uuid__":"56v3zISkVFC6LhQ4RvvReT"},"stand_7_part2_wing_5001_stand_7_part2_0007":{"__uuid__":"7eUVEhxaBFgbkZJ9pY0pms"},"stand_7_part2_wing_5001_stand_7_part2_0008":{"__uuid__":"55SOBafJpAQ5plUJD8u3bx"},"stand_7_part2_wing_5001_stand_7_part2_0009":{"__uuid__":"eaRkVRsXdEv6aKppiaIsOP"},"stand_7_part2_wing_5001_stand_7_part2_0010":{"__uuid__":"b8vz77hslPKaJRrveBjGWR"},"stand_7_part2_wing_5001_stand_7_part2_0011":{"__uuid__":"04TqB8KUNGNqrAXXeYdQl2"},"stand_7_part2_wing_5001_stand_7_part2_0012":{"__uuid__":"f8V2yzUJtL7r02tDhkTVpJ"}}},{"__type__":"cc.SpriteFrame","content":{"name":"stand_7_part2_wing_5001_stand_7_part2_0007","texture":"32fpffkPlA+oz4CGZsqfx7","rect":[2,84,58,78],"offset":[-37,25],"originalSize":[490,490],"capInsets":[0,0,0,0]}},{"__type__":"cc.SpriteFrame","content":{"name":"stand_7_part2_wing_5001_stand_7_part2_0003","texture":"32fpffkPlA+oz4CGZsqfx7","rect":[70,160,66,70],"offset":[-41,36],"originalSize":[490,490],"capInsets":[0,0,0,0]}},{"__type__":"cc.SpriteFrame","content":{"name":"stand_7_part2_wing_5001_stand_7_part2_0010","texture":"32fpffkPlA+oz4CGZsqfx7","rect":[194,62,58,64],"offset":[-37,33],"originalSize":[490,490],"capInsets":[0,0,0,0]}},{"__type__":"cc.SpriteFrame","content":{"name":"stand_7_part2_wing_5001_stand_7_part2_0004","texture":"32fpffkPlA+oz4CGZsqfx7","rect":[138,186,64,62],"offset":[-40,38],"originalSize":[490,490],"rotated":1,"capInsets":[0,0,0,0]}},{"__type__":"cc.SpriteFrame","content":{"name":"stand_7_part2_wing_5001_stand_7_part2_0002","texture":"32fpffkPlA+oz4CGZsqfx7","rect":[2,2,66,80],"offset":[-41,32],"originalSize":[490,490],"capInsets":[0,0,0,0]}},{"__type__":"cc.SpriteFrame","content":{"name":"stand_7_part2_wing_5001_stand_7_part2_0001","texture":"32fpffkPlA+oz4CGZsqfx7","rect":[2,164,66,76],"offset":[-41,33],"originalSize":[490,490],"capInsets":[0,0,0,0]}},{"__type__":"cc.SpriteFrame","content":{"name":"stand_7_part2_wing_5001_stand_7_part2_0009","texture":"32fpffkPlA+oz4CGZsqfx7","rect":[194,128,56,56],"offset":[-36,36],"originalSize":[490,490],"capInsets":[0,0,0,0]}},{"__type__":"cc.SpriteFrame","content":{"name":"stand_7_part2_wing_5001_stand_7_part2_0012","texture":"32fpffkPlA+oz4CGZsqfx7","rect":[128,78,64,64],"offset":[-40,37],"originalSize":[490,490],"capInsets":[0,0,0,0]}}]