[{"__type__":"cc.SpriteFrame","content":{"name":"stand_1_rd1rd2_ride_ride_9231_rd1_stand_1_1","texture":"f3B9vdIkZNHap8uFHrHjvU","rect":[541,260,259,257],"offset":[-12,42],"originalSize":[425,425],"capInsets":[0,0,0,0]}},{"__type__":"cc.SpriteFrame","content":{"name":"stand_1_rd1rd2_ride_ride_9231_rd1_stand_1_5","texture":"f3B9vdIkZNHap8uFHrHjvU","rect":[539,519,261,257],"offset":[-14,42],"originalSize":[425,425],"capInsets":[0,0,0,0]}},{"__type__":"cc.SpriteFrame","content":{"name":"stand_1_rd1rd2_ride_ride_9231_rd1_stand_1_8","texture":"f3B9vdIkZNHap8uFHrHjvU","rect":[1,519,271,257],"offset":[-16,42],"originalSize":[425,425],"capInsets":[0,0,0,0]}},{"__type__":"cc.SpriteFrame","content":{"name":"stand_1_rd1rd2_ride_ride_9231_rd1_stand_1_4","texture":"f3B9vdIkZNHap8uFHrHjvU","rect":[1,260,271,257],"offset":[-19,42],"originalSize":[425,425],"capInsets":[0,0,0,0]}},{"__type__":"cc.SpriteFrame","content":{"name":"stand_1_rd1rd2_ride_ride_9231_rd1_stand_1_2","texture":"f3B9vdIkZNHap8uFHrHjvU","rect":[274,519,263,257],"offset":[-16,42],"originalSize":[425,425],"capInsets":[0,0,0,0]}},{"__type__":"cc.SpriteFrame","content":{"name":"stand_1_rd1rd2_ride_ride_9231_rd1_stand_1_6","texture":"f3B9vdIkZNHap8uFHrHjvU","rect":[274,260,265,257],"offset":[-16,42],"originalSize":[425,425],"capInsets":[0,0,0,0]}},{"__type__":"cc.SpriteFrame","content":{"name":"stand_1_rd1rd2_ride_ride_9231_rd1_stand_1_3","texture":"f3B9vdIkZNHap8uFHrHjvU","rect":[1,1,273,257],"offset":[-15,42],"originalSize":[425,425],"capInsets":[0,0,0,0]}},{"__type__":"cc.SpriteFrame","content":{"name":"stand_1_rd1rd2_ride_ride_9231_rd1_stand_1_7","texture":"f3B9vdIkZNHap8uFHrHjvU","rect":[276,1,273,257],"offset":[-16,42],"originalSize":[425,425],"capInsets":[0,0,0,0]}},{"__type__":"cc.SpriteAtlas","_name":"stand_1_f.plist","_spriteFrames":{"stand_1_rd1rd2_ride_ride_9231_rd1_stand_1_1":{"__uuid__":"224zk0qoVNpae9cuCALmvl"},"stand_1_rd1rd2_ride_ride_9231_rd1_stand_1_2":{"__uuid__":"8dl9jaeTRA34DTImaqUpRb"},"stand_1_rd1rd2_ride_ride_9231_rd1_stand_1_3":{"__uuid__":"c2XWKQCrBBo7Pj0/xIr4Fg"},"stand_1_rd1rd2_ride_ride_9231_rd1_stand_1_4":{"__uuid__":"80tv5DlP1DI51saMyG4EGJ"},"stand_1_rd1rd2_ride_ride_9231_rd1_stand_1_5":{"__uuid__":"6aPdIbJ+dNKq3Bw7rwhNar"},"stand_1_rd1rd2_ride_ride_9231_rd1_stand_1_6":{"__uuid__":"bbvvjw0nhDBZ4Y8qIvRin+"},"stand_1_rd1rd2_ride_ride_9231_rd1_stand_1_7":{"__uuid__":"f3Uw7a4tlIcKQQ2sFcfT7W"},"stand_1_rd1rd2_ride_ride_9231_rd1_stand_1_8":{"__uuid__":"7db9nNOtZGRZ5+iBRkCEi8"}}}]