[{"__type__":"cc.SpriteFrame","content":{"name":"stand_13_sh_ride_shape_1032_sh_stand_1_0008","texture":"c6IM8dstRIPJykcSagjeg7","rect":[317,159,102,156],"offset":[-14,35],"originalSize":[490,490],"capInsets":[0,0,0,0]}},{"__type__":"cc.SpriteFrame","content":{"name":"stand_13_sh_ride_shape_1032_sh_stand_1_0004","texture":"c6IM8dstRIPJykcSagjeg7","rect":[317,1,102,156],"offset":[-15,35],"originalSize":[490,490],"capInsets":[0,0,0,0]}},{"__type__":"cc.SpriteFrame","content":{"name":"stand_13_sh_ride_shape_1032_sh_stand_1_0001","texture":"c6IM8dstRIPJykcSagjeg7","rect":[105,161,104,156],"offset":[-13,35],"originalSize":[490,490],"capInsets":[0,0,0,0]}},{"__type__":"cc.SpriteFrame","content":{"name":"stand_13_sh_ride_shape_1032_sh_stand_1_0002","texture":"c6IM8dstRIPJykcSagjeg7","rect":[1,1,106,156],"offset":[-14,35],"originalSize":[490,490],"capInsets":[0,0,0,0]}},{"__type__":"cc.SpriteFrame","content":{"name":"stand_13_sh_ride_shape_1032_sh_stand_1_0003","texture":"c6IM8dstRIPJykcSagjeg7","rect":[211,161,104,156],"offset":[-14,35],"originalSize":[490,490],"capInsets":[0,0,0,0]}},{"__type__":"cc.SpriteFrame","content":{"name":"stand_13_sh_ride_shape_1032_sh_stand_1_0006","texture":"c6IM8dstRIPJykcSagjeg7","rect":[1,159,102,158],"offset":[-16,35],"originalSize":[490,490],"capInsets":[0,0,0,0]}},{"__type__":"cc.SpriteFrame","content":{"name":"stand_13_sh_ride_shape_1032_sh_stand_1_0007","texture":"c6IM8dstRIPJykcSagjeg7","rect":[213,1,102,158],"offset":[-15,35],"originalSize":[490,490],"capInsets":[0,0,0,0]}},{"__type__":"cc.SpriteFrame","content":{"name":"stand_13_sh_ride_shape_1032_sh_stand_1_0005","texture":"c6IM8dstRIPJykcSagjeg7","rect":[109,1,102,158],"offset":[-16,35],"originalSize":[490,490],"capInsets":[0,0,0,0]}},{"__type__":"cc.SpriteAtlas","_name":"stand_1.plist","_spriteFrames":{"stand_13_sh_ride_shape_1032_sh_stand_1_0001":{"__uuid__":"65rMGm27ZE2KtNdelV6wSR"},"stand_13_sh_ride_shape_1032_sh_stand_1_0002":{"__uuid__":"80dibHruZInLGbBkpN7mrD"},"stand_13_sh_ride_shape_1032_sh_stand_1_0003":{"__uuid__":"a6QTMQS1xIv6/6i5J1c698"},"stand_13_sh_ride_shape_1032_sh_stand_1_0004":{"__uuid__":"46AgG3NUpEuJifC06m1UrU"},"stand_13_sh_ride_shape_1032_sh_stand_1_0005":{"__uuid__":"ddKFuPjrJOsrNXpgV1q/kn"},"stand_13_sh_ride_shape_1032_sh_stand_1_0006":{"__uuid__":"b2pXvmNspP+5Tk4wHzn7ik"},"stand_13_sh_ride_shape_1032_sh_stand_1_0007":{"__uuid__":"cdce+d68NNEITVkOjBPysl"},"stand_13_sh_ride_shape_1032_sh_stand_1_0008":{"__uuid__":"14fbzEFLxIxLBf4+NyWcLE"}}}]