[{"__type__":"cc.SpriteAtlas","_name":"run_3.plist","_spriteFrames":{"run_13_sh_ride_shape_4018_sh_run_3_1":{"__uuid__":"d3isOwKwVAIqjcU2S8F7Oj"},"run_13_sh_ride_shape_4018_sh_run_3_2":{"__uuid__":"b9cWfXNzdPo4+2tS9SDEBA"},"run_13_sh_ride_shape_4018_sh_run_3_3":{"__uuid__":"dd+sqernpFYLgxVy4ASdOE"},"run_13_sh_ride_shape_4018_sh_run_3_4":{"__uuid__":"ab9rf+DxVF4L63Eb7TZ35g"},"run_13_sh_ride_shape_4018_sh_run_3_5":{"__uuid__":"b5owCN8zBP26/6EUNwIdez"},"run_13_sh_ride_shape_4018_sh_run_3_6":{"__uuid__":"f3a+40SR5EwJVYW75EqhZS"},"run_13_sh_ride_shape_4018_sh_run_3_7":{"__uuid__":"d4jxyzhnNN/qGJDxVpMCtk"},"run_13_sh_ride_shape_4018_sh_run_3_8":{"__uuid__":"ff6tUPiotHmpQ+Ettj2UXX"}}},{"__type__":"cc.SpriteFrame","content":{"name":"run_13_sh_ride_shape_4018_sh_run_3_4","texture":"0aYQURPSxGwYdbK5mipnqe","rect":[215,115,108,114],"offset":[11,-24],"originalSize":[480,480],"capInsets":[0,0,0,0]}},{"__type__":"cc.SpriteFrame","content":{"name":"run_13_sh_ride_shape_4018_sh_run_3_5","texture":"0aYQURPSxGwYdbK5mipnqe","rect":[109,1,110,112],"offset":[11,-23],"originalSize":[480,480],"capInsets":[0,0,0,0]}},{"__type__":"cc.SpriteFrame","content":{"name":"run_13_sh_ride_shape_4018_sh_run_3_2","texture":"0aYQURPSxGwYdbK5mipnqe","rect":[1,1,106,116],"offset":[11,-26],"originalSize":[480,480],"capInsets":[0,0,0,0]}},{"__type__":"cc.SpriteFrame","content":{"name":"run_13_sh_ride_shape_4018_sh_run_3_1","texture":"0aYQURPSxGwYdbK5mipnqe","rect":[109,115,104,116],"offset":[9,-25],"originalSize":[480,480],"capInsets":[0,0,0,0]}},{"__type__":"cc.SpriteFrame","content":{"name":"run_13_sh_ride_shape_4018_sh_run_3_7","texture":"0aYQURPSxGwYdbK5mipnqe","rect":[109,233,110,112],"offset":[10,-24],"originalSize":[480,480],"capInsets":[0,0,0,0]}},{"__type__":"cc.SpriteFrame","content":{"name":"run_13_sh_ride_shape_4018_sh_run_3_3","texture":"0aYQURPSxGwYdbK5mipnqe","rect":[1,119,106,116],"offset":[11,-25],"originalSize":[480,480],"capInsets":[0,0,0,0]}},{"__type__":"cc.SpriteFrame","content":{"name":"run_13_sh_ride_shape_4018_sh_run_3_6","texture":"0aYQURPSxGwYdbK5mipnqe","rect":[221,1,110,112],"offset":[11,-23],"originalSize":[480,480],"capInsets":[0,0,0,0]}},{"__type__":"cc.SpriteFrame","content":{"name":"run_13_sh_ride_shape_4018_sh_run_3_8","texture":"0aYQURPSxGwYdbK5mipnqe","rect":[221,231,108,114],"offset":[9,-24],"originalSize":[480,480],"capInsets":[0,0,0,0]}}]