[{"__type__":"cc.SpriteFrame","content":{"name":"stand_7_part2_wing_5015_stand_png_part2_7_0002","texture":"f7xDZTPsZG2Kuc9rxeu4at","rect":[112,240,104,82],"offset":[-60,38],"originalSize":[500,500],"capInsets":[0,0,0,0]}},{"__type__":"cc.SpriteFrame","content":{"name":"stand_7_part2_wing_5015_stand_png_part2_7_0003","texture":"f7xDZTPsZG2Kuc9rxeu4at","rect":[2,84,110,82],"offset":[-62,37],"originalSize":[500,500],"capInsets":[0,0,0,0]}},{"__type__":"cc.SpriteFrame","content":{"name":"stand_7_part2_wing_5015_stand_png_part2_7_0011","texture":"f7xDZTPsZG2Kuc9rxeu4at","rect":[120,2,114,78],"offset":[-65,38],"originalSize":[500,500],"capInsets":[0,0,0,0]}},{"__type__":"cc.SpriteFrame","content":{"name":"stand_7_part2_wing_5015_stand_png_part2_7_0004","texture":"f7xDZTPsZG2Kuc9rxeu4at","rect":[108,324,102,82],"offset":[-59,37],"originalSize":[500,500],"capInsets":[0,0,0,0]}},{"__type__":"cc.SpriteFrame","content":{"name":"stand_7_part2_wing_5015_stand_png_part2_7_0009","texture":"f7xDZTPsZG2Kuc9rxeu4at","rect":[2,168,108,80],"offset":[-63,38],"originalSize":[500,500],"capInsets":[0,0,0,0]}},{"__type__":"cc.SpriteFrame","content":{"name":"stand_7_part2_wing_5015_stand_png_part2_7_0000","texture":"f7xDZTPsZG2Kuc9rxeu4at","rect":[120,82,112,78],"offset":[-65,37],"originalSize":[500,500],"capInsets":[0,0,0,0]}},{"__type__":"cc.SpriteFrame","content":{"name":"stand_7_part2_wing_5015_stand_png_part2_7_0008","texture":"f7xDZTPsZG2Kuc9rxeu4at","rect":[2,250,104,78],"offset":[-61,37],"originalSize":[500,500],"capInsets":[0,0,0,0]}},{"__type__":"cc.SpriteFrame","content":{"name":"stand_7_part2_wing_5015_stand_png_part2_7_0006","texture":"f7xDZTPsZG2Kuc9rxeu4at","rect":[84,408,98,80],"offset":[-58,37],"originalSize":[500,500],"rotated":1,"capInsets":[0,0,0,0]}},{"__type__":"cc.SpriteAtlas","_name":"stand_7_part2.plist","_spriteFrames":{"stand_7_part2_wing_5015_stand_png_part2_7_0000":{"__uuid__":"65qYsGRqBDp5qdtb/BXfG+"},"stand_7_part2_wing_5015_stand_png_part2_7_0001":{"__uuid__":"e67zQjjzFIsJCigVHvcP4P"},"stand_7_part2_wing_5015_stand_png_part2_7_0002":{"__uuid__":"124Jpn//tNYazCcatWqJOA"},"stand_7_part2_wing_5015_stand_png_part2_7_0003":{"__uuid__":"29UEiL4OBOAJFsCzdKtRsT"},"stand_7_part2_wing_5015_stand_png_part2_7_0004":{"__uuid__":"46URcfRnZJfKez7kISJv6V"},"stand_7_part2_wing_5015_stand_png_part2_7_0005":{"__uuid__":"e7UsM8zsxPnJ9+5L6BvOcx"},"stand_7_part2_wing_5015_stand_png_part2_7_0006":{"__uuid__":"99yN0s3ntMtY+Ms1mIrHQe"},"stand_7_part2_wing_5015_stand_png_part2_7_0007":{"__uuid__":"bcLW4pLFJKVIvDzi41P5Ar"},"stand_7_part2_wing_5015_stand_png_part2_7_0008":{"__uuid__":"92cprTLB5M+KjPZPOtQqNF"},"stand_7_part2_wing_5015_stand_png_part2_7_0009":{"__uuid__":"469nRlhMtOTLVuAWqwqzoj"},"stand_7_part2_wing_5015_stand_png_part2_7_0010":{"__uuid__":"c6K8BwgEVFsLfHYKBt0Jzm"},"stand_7_part2_wing_5015_stand_png_part2_7_0011":{"__uuid__":"36W1iwrwNKLKpZ8miuoaZj"}}},{"__type__":"cc.SpriteFrame","content":{"name":"stand_7_part2_wing_5015_stand_png_part2_7_0007","texture":"f7xDZTPsZG2Kuc9rxeu4at","rect":[2,408,102,80],"offset":[-60,37],"originalSize":[500,500],"rotated":1,"capInsets":[0,0,0,0]}},{"__type__":"cc.SpriteFrame","content":{"name":"stand_7_part2_wing_5015_stand_png_part2_7_0010","texture":"f7xDZTPsZG2Kuc9rxeu4at","rect":[114,162,110,76],"offset":[-64,37],"originalSize":[500,500],"capInsets":[0,0,0,0]}},{"__type__":"cc.SpriteFrame","content":{"name":"stand_7_part2_wing_5015_stand_png_part2_7_0001","texture":"f7xDZTPsZG2Kuc9rxeu4at","rect":[2,2,116,80],"offset":[-67,38],"originalSize":[500,500],"capInsets":[0,0,0,0]}},{"__type__":"cc.SpriteFrame","content":{"name":"stand_7_part2_wing_5015_stand_png_part2_7_0005","texture":"f7xDZTPsZG2Kuc9rxeu4at","rect":[166,408,96,80],"offset":[-57,37],"originalSize":[500,500],"rotated":1,"capInsets":[0,0,0,0]}}]