[{"__type__":"cc.SpriteFrame","content":{"name":"stand_3_rd1rd2_ride_ride_9331_rd2_stand_3_8","texture":"14pG5XMa5LiaWCzK+jfJgt","rect":[211,373,208,182],"offset":[-55,14],"originalSize":[800,800],"capInsets":[0,0,0,0]}},{"__type__":"cc.SpriteFrame","content":{"name":"stand_3_rd1rd2_ride_ride_9331_rd2_stand_3_3","texture":"14pG5XMa5LiaWCzK+jfJgt","rect":[1,1,208,190],"offset":[-54,15],"originalSize":[800,800],"capInsets":[0,0,0,0]}},{"__type__":"cc.SpriteFrame","content":{"name":"stand_3_rd1rd2_ride_ride_9331_rd2_stand_3_5","texture":"14pG5XMa5LiaWCzK+jfJgt","rect":[419,181,206,178],"offset":[-54,14],"originalSize":[800,800],"capInsets":[0,0,0,0]}},{"__type__":"cc.SpriteFrame","content":{"name":"stand_3_rd1rd2_ride_ride_9331_rd2_stand_3_7","texture":"14pG5XMa5LiaWCzK+jfJgt","rect":[211,187,206,184],"offset":[-55,12],"originalSize":[800,800],"capInsets":[0,0,0,0]}},{"__type__":"cc.SpriteFrame","content":{"name":"stand_3_rd1rd2_ride_ride_9331_rd2_stand_3_2","texture":"14pG5XMa5LiaWCzK+jfJgt","rect":[1,193,208,186],"offset":[-54,16],"originalSize":[800,800],"capInsets":[0,0,0,0]}},{"__type__":"cc.SpriteFrame","content":{"name":"stand_3_rd1rd2_ride_ride_9331_rd2_stand_3_4","texture":"14pG5XMa5LiaWCzK+jfJgt","rect":[419,1,206,178],"offset":[-54,13],"originalSize":[800,800],"capInsets":[0,0,0,0]}},{"__type__":"cc.SpriteFrame","content":{"name":"stand_3_rd1rd2_ride_ride_9331_rd2_stand_3_1","texture":"14pG5XMa5LiaWCzK+jfJgt","rect":[1,381,208,182],"offset":[-54,16],"originalSize":[800,800],"capInsets":[0,0,0,0]}},{"__type__":"cc.SpriteAtlas","_name":"stand_3_b.plist","_spriteFrames":{"stand_3_rd1rd2_ride_ride_9331_rd2_stand_3_1":{"__uuid__":"dfCqRB8WlFNZzZh67sGUWN"},"stand_3_rd1rd2_ride_ride_9331_rd2_stand_3_2":{"__uuid__":"b5uKAjGJpOw4gXm1sSdMBI"},"stand_3_rd1rd2_ride_ride_9331_rd2_stand_3_3":{"__uuid__":"5bVGyXAbpLdpUhoO2WnR1S"},"stand_3_rd1rd2_ride_ride_9331_rd2_stand_3_4":{"__uuid__":"ddzmi1juVGn7kxpSZ9GgT6"},"stand_3_rd1rd2_ride_ride_9331_rd2_stand_3_5":{"__uuid__":"68DW3A6IxOJb2Y5uKhJaps"},"stand_3_rd1rd2_ride_ride_9331_rd2_stand_3_6":{"__uuid__":"efG8EYEnZHz5Ax8E4sI3hl"},"stand_3_rd1rd2_ride_ride_9331_rd2_stand_3_7":{"__uuid__":"a45qV6dSREWb3+IW6pBVO9"},"stand_3_rd1rd2_ride_ride_9331_rd2_stand_3_8":{"__uuid__":"01uUxZ+ZpI/pYCYqQCgLnL"}}},{"__type__":"cc.SpriteFrame","content":{"name":"stand_3_rd1rd2_ride_ride_9331_rd2_stand_3_6","texture":"14pG5XMa5LiaWCzK+jfJgt","rect":[211,1,206,184],"offset":[-55,16],"originalSize":[800,800],"capInsets":[0,0,0,0]}}]