[{"__type__":"cc.SpriteFrame","content":{"name":"stand_1_part1_wing_5012_stand_1_part1_0006","texture":"c5mEMvVPlBwbc6iI1C3tAV","rect":[94,208,86,90],"offset":[-66,55],"originalSize":[500,500],"capInsets":[0,0,0,0]}},{"__type__":"cc.SpriteFrame","content":{"name":"stand_1_part1_wing_5012_stand_1_part1_0005","texture":"c5mEMvVPlBwbc6iI1C3tAV","rect":[178,100,84,90],"offset":[-65,52],"originalSize":[500,500],"capInsets":[0,0,0,0]}},{"__type__":"cc.SpriteFrame","content":{"name":"stand_1_part1_wing_5012_stand_1_part1_0011","texture":"c5mEMvVPlBwbc6iI1C3tAV","rect":[2,2,92,102],"offset":[-69,58],"originalSize":[500,500],"capInsets":[0,0,0,0]}},{"__type__":"cc.SpriteFrame","content":{"name":"stand_1_part1_wing_5012_stand_1_part1_0001","texture":"c5mEMvVPlBwbc6iI1C3tAV","rect":[94,106,82,100],"offset":[-64,54],"originalSize":[500,500],"capInsets":[0,0,0,0]}},{"__type__":"cc.SpriteFrame","content":{"name":"stand_1_part1_wing_5012_stand_1_part1_0010","texture":"c5mEMvVPlBwbc6iI1C3tAV","rect":[2,210,90,102],"offset":[-67,59],"originalSize":[500,500],"capInsets":[0,0,0,0]}},{"__type__":"cc.SpriteAtlas","_name":"stand_1_part1.plist","_spriteFrames":{"stand_1_part1_wing_5012_stand_1_part1_0001":{"__uuid__":"369aOm8MRFY73HGj+KO116"},"stand_1_part1_wing_5012_stand_1_part1_0002":{"__uuid__":"78wxxzK+NJ6o8Z0RJ914NE"},"stand_1_part1_wing_5012_stand_1_part1_0003":{"__uuid__":"dbYIYtkWpOp5hlASv5jX6M"},"stand_1_part1_wing_5012_stand_1_part1_0004":{"__uuid__":"7eZ8yuRylCD4H81O0pp7c0"},"stand_1_part1_wing_5012_stand_1_part1_0005":{"__uuid__":"18wrrEGMtPXpZlJIbAJDDd"},"stand_1_part1_wing_5012_stand_1_part1_0006":{"__uuid__":"022p7QJjNA4ph19U1shttQ"},"stand_1_part1_wing_5012_stand_1_part1_0007":{"__uuid__":"f0NE8Tt9dMupW1DPM2b31X"},"stand_1_part1_wing_5012_stand_1_part1_0008":{"__uuid__":"59IwAffpFNe40wfc13Hqjk"},"stand_1_part1_wing_5012_stand_1_part1_0009":{"__uuid__":"4evOLzRP5Oe5fayLW2kw2j"},"stand_1_part1_wing_5012_stand_1_part1_0010":{"__uuid__":"38WPslZWVAq66fadKUuKAc"},"stand_1_part1_wing_5012_stand_1_part1_0011":{"__uuid__":"366Yjex+ZCEa9S1NGiyuYS"},"stand_1_part1_wing_5012_stand_1_part1_0012":{"__uuid__":"a9W7+2cBdAr5bkO/VKUA1/"}}},{"__type__":"cc.SpriteFrame","content":{"name":"stand_1_part1_wing_5012_stand_1_part1_0009","texture":"c5mEMvVPlBwbc6iI1C3tAV","rect":[96,2,90,96],"offset":[-68,63],"originalSize":[500,500],"capInsets":[0,0,0,0]}},{"__type__":"cc.SpriteFrame","content":{"name":"stand_1_part1_wing_5012_stand_1_part1_0008","texture":"c5mEMvVPlBwbc6iI1C3tAV","rect":[90,416,90,96],"offset":[-68,62],"originalSize":[500,500],"rotated":1,"capInsets":[0,0,0,0]}},{"__type__":"cc.SpriteFrame","content":{"name":"stand_1_part1_wing_5012_stand_1_part1_0002","texture":"c5mEMvVPlBwbc6iI1C3tAV","rect":[2,314,86,102],"offset":[-66,55],"originalSize":[500,500],"capInsets":[0,0,0,0]}},{"__type__":"cc.SpriteFrame","content":{"name":"stand_1_part1_wing_5012_stand_1_part1_0004","texture":"c5mEMvVPlBwbc6iI1C3tAV","rect":[188,2,78,90],"offset":[-62,52],"originalSize":[500,500],"capInsets":[0,0,0,0]}},{"__type__":"cc.SpriteFrame","content":{"name":"stand_1_part1_wing_5012_stand_1_part1_0012","texture":"c5mEMvVPlBwbc6iI1C3tAV","rect":[90,314,90,100],"offset":[-68,56],"originalSize":[500,500],"capInsets":[0,0,0,0]}},{"__type__":"cc.SpriteFrame","content":{"name":"stand_1_part1_wing_5012_stand_1_part1_0003","texture":"c5mEMvVPlBwbc6iI1C3tAV","rect":[2,106,90,102],"offset":[-68,57],"originalSize":[500,500],"capInsets":[0,0,0,0]}},{"__type__":"cc.SpriteFrame","content":{"name":"stand_1_part1_wing_5012_stand_1_part1_0007","texture":"c5mEMvVPlBwbc6iI1C3tAV","rect":[2,418,86,92],"offset":[-66,59],"originalSize":[500,500],"capInsets":[0,0,0,0]}}]