[{"__type__":"cc.SpriteFrame","content":{"name":"stand_3_sh_ride_shape_2013_sh_stand_3_7","texture":"e1KM2HM1pEFbPKhFZGcxw0","rect":[155,239,160,118],"offset":[23,0],"originalSize":[500,500],"capInsets":[0,0,0,0]}},{"__type__":"cc.SpriteFrame","content":{"name":"stand_3_sh_ride_shape_2013_sh_stand_3_4","texture":"e1KM2HM1pEFbPKhFZGcxw0","rect":[1,117,144,118],"offset":[16,0],"originalSize":[500,500],"capInsets":[0,0,0,0]}},{"__type__":"cc.SpriteFrame","content":{"name":"stand_3_sh_ride_shape_2013_sh_stand_3_1","texture":"e1KM2HM1pEFbPKhFZGcxw0","rect":[153,1,156,116],"offset":[22,0],"originalSize":[500,500],"capInsets":[0,0,0,0]}},{"__type__":"cc.SpriteFrame","content":{"name":"stand_3_sh_ride_shape_2013_sh_stand_3_6","texture":"e1KM2HM1pEFbPKhFZGcxw0","rect":[1,237,152,118],"offset":[20,-1],"originalSize":[500,500],"capInsets":[0,0,0,0]}},{"__type__":"cc.SpriteFrame","content":{"name":"stand_3_sh_ride_shape_2013_sh_stand_3_3","texture":"e1KM2HM1pEFbPKhFZGcxw0","rect":[311,1,144,116],"offset":[16,0],"originalSize":[500,500],"capInsets":[0,0,0,0]}},{"__type__":"cc.SpriteFrame","content":{"name":"stand_3_sh_ride_shape_2013_sh_stand_3_8","texture":"e1KM2HM1pEFbPKhFZGcxw0","rect":[147,119,160,116],"offset":[24,0],"originalSize":[500,500],"capInsets":[0,0,0,0]}},{"__type__":"cc.SpriteAtlas","_name":"stand_3.plist","_spriteFrames":{"stand_3_sh_ride_shape_2013_sh_stand_3_1":{"__uuid__":"47nE6aWT1Np4TV2qKuwWEv"},"stand_3_sh_ride_shape_2013_sh_stand_3_2":{"__uuid__":"dar7jaCTVKW5QFs2Wn2+41"},"stand_3_sh_ride_shape_2013_sh_stand_3_3":{"__uuid__":"b7Xm88CnVDy4i8w6HTN2RK"},"stand_3_sh_ride_shape_2013_sh_stand_3_4":{"__uuid__":"30VEksn3dMbrh/EJR3J6xQ"},"stand_3_sh_ride_shape_2013_sh_stand_3_5":{"__uuid__":"e6ADbAevNJ5bfO7WEgHEcz"},"stand_3_sh_ride_shape_2013_sh_stand_3_6":{"__uuid__":"98cOo734pPxKYJytR5OsjB"},"stand_3_sh_ride_shape_2013_sh_stand_3_7":{"__uuid__":"03XVqXu6lDD7R1Y3BvGbhN"},"stand_3_sh_ride_shape_2013_sh_stand_3_8":{"__uuid__":"c4b426R3FHE7vEQcNuD88z"}}},{"__type__":"cc.SpriteFrame","content":{"name":"stand_3_sh_ride_shape_2013_sh_stand_3_2","texture":"e1KM2HM1pEFbPKhFZGcxw0","rect":[1,1,150,114],"offset":[18,0],"originalSize":[500,500],"capInsets":[0,0,0,0]}},{"__type__":"cc.SpriteFrame","content":{"name":"stand_3_sh_ride_shape_2013_sh_stand_3_5","texture":"e1KM2HM1pEFbPKhFZGcxw0","rect":[309,119,148,118],"offset":[18,0],"originalSize":[500,500],"capInsets":[0,0,0,0]}}]