[{"__type__":"cc.SpriteFrame","content":{"name":"stand_3_part2_wing_5001_stand_3_part2_0007","texture":"32ZHXwhNtPEZI2H54VNl9K","rect":[168,2,54,82],"offset":[44,46],"originalSize":[470,470],"rotated":1,"capInsets":[0,0,0,0]}},{"__type__":"cc.SpriteFrame","content":{"name":"stand_3_part2_wing_5001_stand_3_part2_0012","texture":"32ZHXwhNtPEZI2H54VNl9K","rect":[2,2,54,94],"offset":[43,43],"originalSize":[470,470],"capInsets":[0,0,0,0]}},{"__type__":"cc.SpriteFrame","content":{"name":"stand_3_part2_wing_5001_stand_3_part2_0001","texture":"32ZHXwhNtPEZI2H54VNl9K","rect":[172,116,50,78],"offset":[41,53],"originalSize":[470,470],"rotated":1,"capInsets":[0,0,0,0]}},{"__type__":"cc.SpriteFrame","content":{"name":"stand_3_part2_wing_5001_stand_3_part2_0002","texture":"32ZHXwhNtPEZI2H54VNl9K","rect":[82,142,52,80],"offset":[43,56],"originalSize":[470,470],"capInsets":[0,0,0,0]}},{"__type__":"cc.SpriteFrame","content":{"name":"stand_3_part2_wing_5001_stand_3_part2_0009","texture":"32ZHXwhNtPEZI2H54VNl9K","rect":[82,2,54,84],"offset":[43,41],"originalSize":[470,470],"rotated":1,"capInsets":[0,0,0,0]}},{"__type__":"cc.SpriteFrame","content":{"name":"stand_3_part2_wing_5001_stand_3_part2_0004","texture":"32ZHXwhNtPEZI2H54VNl9K","rect":[114,58,56,78],"offset":[45,52],"originalSize":[470,470],"capInsets":[0,0,0,0]}},{"__type__":"cc.SpriteFrame","content":{"name":"stand_3_part2_wing_5001_stand_3_part2_0005","texture":"32ZHXwhNtPEZI2H54VNl9K","rect":[136,168,56,76],"offset":[44,48],"originalSize":[470,470],"capInsets":[0,0,0,0]}},{"__type__":"cc.SpriteFrame","content":{"name":"stand_3_part2_wing_5001_stand_3_part2_0003","texture":"32ZHXwhNtPEZI2H54VNl9K","rect":[2,190,56,78],"offset":[44,54],"originalSize":[470,470],"rotated":1,"capInsets":[0,0,0,0]}},{"__type__":"cc.SpriteFrame","content":{"name":"stand_3_part2_wing_5001_stand_3_part2_0008","texture":"32ZHXwhNtPEZI2H54VNl9K","rect":[194,168,56,76],"offset":[45,44],"originalSize":[470,470],"capInsets":[0,0,0,0]}},{"__type__":"cc.SpriteFrame","content":{"name":"stand_3_part2_wing_5001_stand_3_part2_0006","texture":"32ZHXwhNtPEZI2H54VNl9K","rect":[172,58,56,78],"offset":[44,47],"originalSize":[470,470],"rotated":1,"capInsets":[0,0,0,0]}},{"__type__":"cc.SpriteFrame","content":{"name":"stand_3_part2_wing_5001_stand_3_part2_0011","texture":"32ZHXwhNtPEZI2H54VNl9K","rect":[2,98,54,90],"offset":[44,42],"originalSize":[470,470],"capInsets":[0,0,0,0]}},{"__type__":"cc.SpriteAtlas","_name":"stand_3_part2.plist","_spriteFrames":{"stand_3_part2_wing_5001_stand_3_part2_0001":{"__uuid__":"2e5x8lpcpJ9K2ZFvN0Hzpl"},"stand_3_part2_wing_5001_stand_3_part2_0002":{"__uuid__":"40MtFMMT9BqIU5z6de+qpJ"},"stand_3_part2_wing_5001_stand_3_part2_0003":{"__uuid__":"6ajV7tk5dMlo/jkWJf/r66"},"stand_3_part2_wing_5001_stand_3_part2_0004":{"__uuid__":"42Sw+0b2ZKn6Vtbve0qsIq"},"stand_3_part2_wing_5001_stand_3_part2_0005":{"__uuid__":"4eNLcTETtD0buWOzBpQU+z"},"stand_3_part2_wing_5001_stand_3_part2_0006":{"__uuid__":"9f72X+0kFFLaB5/RxOMYlG"},"stand_3_part2_wing_5001_stand_3_part2_0007":{"__uuid__":"06piGeO9dHJK0K5jL9f/Nk"},"stand_3_part2_wing_5001_stand_3_part2_0008":{"__uuid__":"9aPu1K3SJEG5XjsG5iQM/9"},"stand_3_part2_wing_5001_stand_3_part2_0009":{"__uuid__":"41Fz1Ggs9Ch6TytWlRK7Ox"},"stand_3_part2_wing_5001_stand_3_part2_0010":{"__uuid__":"c9F5eraQpMhpD8z/A91M5j"},"stand_3_part2_wing_5001_stand_3_part2_0011":{"__uuid__":"a2f0Qo7O1JCboq87DbAu9Z"},"stand_3_part2_wing_5001_stand_3_part2_0012":{"__uuid__":"12QbrMcr9PxZT6cdlsVu8M"}}},{"__type__":"cc.SpriteFrame","content":{"name":"stand_3_part2_wing_5001_stand_3_part2_0010","texture":"32ZHXwhNtPEZI2H54VNl9K","rect":[58,58,54,82],"offset":[43,42],"originalSize":[470,470],"capInsets":[0,0,0,0]}}]