[{"__type__":"cc.SpriteFrame","content":{"name":"run_13_sh_ride_shape_4007_sh_run_1_2","texture":"c0tfpUlEBLUpTeCarKHHPa","rect":[1,139,100,136],"offset":[-10,-37],"originalSize":[450,450],"capInsets":[0,0,0,0]}},{"__type__":"cc.SpriteFrame","content":{"name":"run_13_sh_ride_shape_4007_sh_run_1_3","texture":"c0tfpUlEBLUpTeCarKHHPa","rect":[103,139,98,136],"offset":[-8,-37],"originalSize":[450,450],"capInsets":[0,0,0,0]}},{"__type__":"cc.SpriteFrame","content":{"name":"run_13_sh_ride_shape_4007_sh_run_1_7","texture":"c0tfpUlEBLUpTeCarKHHPa","rect":[203,273,102,134],"offset":[-10,-35],"originalSize":[450,450],"capInsets":[0,0,0,0]}},{"__type__":"cc.SpriteFrame","content":{"name":"run_13_sh_ride_shape_4007_sh_run_1_6","texture":"c0tfpUlEBLUpTeCarKHHPa","rect":[211,1,104,134],"offset":[-11,-36],"originalSize":[450,450],"capInsets":[0,0,0,0]}},{"__type__":"cc.SpriteFrame","content":{"name":"run_13_sh_ride_shape_4007_sh_run_1_8","texture":"c0tfpUlEBLUpTeCarKHHPa","rect":[307,137,100,136],"offset":[-10,-36],"originalSize":[450,450],"capInsets":[0,0,0,0]}},{"__type__":"cc.SpriteFrame","content":{"name":"run_13_sh_ride_shape_4007_sh_run_1_4","texture":"c0tfpUlEBLUpTeCarKHHPa","rect":[203,137,102,134],"offset":[-10,-37],"originalSize":[450,450],"capInsets":[0,0,0,0]}},{"__type__":"cc.SpriteFrame","content":{"name":"run_13_sh_ride_shape_4007_sh_run_1_5","texture":"c0tfpUlEBLUpTeCarKHHPa","rect":[105,1,104,134],"offset":[-11,-36],"originalSize":[450,450],"capInsets":[0,0,0,0]}},{"__type__":"cc.SpriteFrame","content":{"name":"run_13_sh_ride_shape_4007_sh_run_1_1","texture":"c0tfpUlEBLUpTeCarKHHPa","rect":[1,1,102,136],"offset":[-11,-37],"originalSize":[450,450],"capInsets":[0,0,0,0]}},{"__type__":"cc.SpriteAtlas","_name":"run_1.plist","_spriteFrames":{"run_13_sh_ride_shape_4007_sh_run_1_1":{"__uuid__":"d180rFIUpFnIfuD8UvJX+x"},"run_13_sh_ride_shape_4007_sh_run_1_2":{"__uuid__":"1ejnE4q3RME67EKHGb8qCO"},"run_13_sh_ride_shape_4007_sh_run_1_3":{"__uuid__":"4d/trGWdBIwZNeO2nJk6wQ"},"run_13_sh_ride_shape_4007_sh_run_1_4":{"__uuid__":"b1Gls8EvRIf5hIptQ2vNbH"},"run_13_sh_ride_shape_4007_sh_run_1_5":{"__uuid__":"cacyC3uYtMZ5myuyQPp9ik"},"run_13_sh_ride_shape_4007_sh_run_1_6":{"__uuid__":"898jP0ib9CirqYZhu7rQDc"},"run_13_sh_ride_shape_4007_sh_run_1_7":{"__uuid__":"7cdfNq4+5K1ISLuArvogLo"},"run_13_sh_ride_shape_4007_sh_run_1_8":{"__uuid__":"8ePzCD8wtA1KAPFwmFRmjp"}}}]