[{"__type__":"cc.SpriteAtlas","_name":"stand_3_part2.plist","_spriteFrames":{"stand_3_part2_wing_5017_stand_3_part2_0000":{"__uuid__":"95EOfOSDRIgoTLZTLPFu9Y"},"stand_3_part2_wing_5017_stand_3_part2_0001":{"__uuid__":"d4iFHwLnNFhbZq965U45mb"},"stand_3_part2_wing_5017_stand_3_part2_0002":{"__uuid__":"6a2cefZqpPmrl1AEOWn/oX"},"stand_3_part2_wing_5017_stand_3_part2_0003":{"__uuid__":"45v7HfGClJDbHSC85gUjZU"},"stand_3_part2_wing_5017_stand_3_part2_0004":{"__uuid__":"fckB02YbZACI3z506SzP10"},"stand_3_part2_wing_5017_stand_3_part2_0005":{"__uuid__":"aeejCmfvZOvIRVUBlsZYAg"},"stand_3_part2_wing_5017_stand_3_part2_0006":{"__uuid__":"4f8RLgVJtDA5nYsTpr3CxS"},"stand_3_part2_wing_5017_stand_3_part2_0007":{"__uuid__":"5eK8hdxp9Pl79bBIKZRtd2"},"stand_3_part2_wing_5017_stand_3_part2_0008":{"__uuid__":"9f0xrtSRFJyaRuc+zQNO53"},"stand_3_part2_wing_5017_stand_3_part2_0009":{"__uuid__":"e09QCvJwBBYbTe37mNnED+"},"stand_3_part2_wing_5017_stand_3_part2_0010":{"__uuid__":"e9M++HAZFFja4HbToGgE6v"},"stand_3_part2_wing_5017_stand_3_part2_0011":{"__uuid__":"b0Un07bghA0Z1Eij6k3zLq"}}},{"__type__":"cc.SpriteFrame","content":{"name":"stand_3_part2_wing_5017_stand_3_part2_0003","texture":"3c0bWMl/NPHLu0b7BrmlL5","rect":[2,208,98,92],"offset":[60,61],"originalSize":[500,500],"rotated":1,"capInsets":[0,0,0,0]}},{"__type__":"cc.SpriteFrame","content":{"name":"stand_3_part2_wing_5017_stand_3_part2_0006","texture":"3c0bWMl/NPHLu0b7BrmlL5","rect":[88,106,96,94],"offset":[62,61],"originalSize":[500,500],"rotated":1,"capInsets":[0,0,0,0]}},{"__type__":"cc.SpriteFrame","content":{"name":"stand_3_part2_wing_5017_stand_3_part2_0007","texture":"3c0bWMl/NPHLu0b7BrmlL5","rect":[2,308,92,94],"offset":[60,62],"originalSize":[500,500],"capInsets":[0,0,0,0]}},{"__type__":"cc.SpriteFrame","content":{"name":"stand_3_part2_wing_5017_stand_3_part2_0002","texture":"3c0bWMl/NPHLu0b7BrmlL5","rect":[2,404,94,92],"offset":[61,61],"originalSize":[500,500],"rotated":1,"capInsets":[0,0,0,0]}},{"__type__":"cc.SpriteFrame","content":{"name":"stand_3_part2_wing_5017_stand_3_part2_0000","texture":"3c0bWMl/NPHLu0b7BrmlL5","rect":[274,94,90,90],"offset":[59,61],"originalSize":[500,500],"capInsets":[0,0,0,0]}},{"__type__":"cc.SpriteFrame","content":{"name":"stand_3_part2_wing_5017_stand_3_part2_0008","texture":"3c0bWMl/NPHLu0b7BrmlL5","rect":[274,2,90,94],"offset":[60,63],"originalSize":[500,500],"rotated":1,"capInsets":[0,0,0,0]}},{"__type__":"cc.SpriteFrame","content":{"name":"stand_3_part2_wing_5017_stand_3_part2_0005","texture":"3c0bWMl/NPHLu0b7BrmlL5","rect":[178,2,94,94],"offset":[61,61],"originalSize":[500,500],"capInsets":[0,0,0,0]}},{"__type__":"cc.SpriteFrame","content":{"name":"stand_3_part2_wing_5017_stand_3_part2_0011","texture":"3c0bWMl/NPHLu0b7BrmlL5","rect":[2,2,86,102],"offset":[57,60],"originalSize":[500,500],"capInsets":[0,0,0,0]}},{"__type__":"cc.SpriteFrame","content":{"name":"stand_3_part2_wing_5017_stand_3_part2_0001","texture":"3c0bWMl/NPHLu0b7BrmlL5","rect":[370,2,94,88],"offset":[60,61],"originalSize":[500,500],"capInsets":[0,0,0,0]}},{"__type__":"cc.SpriteFrame","content":{"name":"stand_3_part2_wing_5017_stand_3_part2_0009","texture":"3c0bWMl/NPHLu0b7BrmlL5","rect":[90,2,86,96],"offset":[57,60],"originalSize":[500,500],"capInsets":[0,0,0,0]}},{"__type__":"cc.SpriteFrame","content":{"name":"stand_3_part2_wing_5017_stand_3_part2_0010","texture":"3c0bWMl/NPHLu0b7BrmlL5","rect":[2,106,84,100],"offset":[57,58],"originalSize":[500,500],"capInsets":[0,0,0,0]}},{"__type__":"cc.SpriteFrame","content":{"name":"stand_3_part2_wing_5017_stand_3_part2_0004","texture":"3c0bWMl/NPHLu0b7BrmlL5","rect":[370,92,86,92],"offset":[56,61],"originalSize":[500,500],"rotated":1,"capInsets":[0,0,0,0]}}]