[{"__type__":"cc.SpriteFrame","content":{"name":"stand_13_sh_ride_shape_2004_sh_stand_1_2","texture":"ccxuiFM51Mu7n8yWh0tnQ3","rect":[1,125,122,122],"offset":[-13,8],"originalSize":[470,470],"capInsets":[0,0,0,0]}},{"__type__":"cc.SpriteFrame","content":{"name":"stand_13_sh_ride_shape_2004_sh_stand_1_4","texture":"ccxuiFM51Mu7n8yWh0tnQ3","rect":[1,1,126,122],"offset":[-13,4],"originalSize":[470,470],"capInsets":[0,0,0,0]}},{"__type__":"cc.SpriteFrame","content":{"name":"stand_13_sh_ride_shape_2004_sh_stand_1_6","texture":"ccxuiFM51Mu7n8yWh0tnQ3","rect":[245,249,120,120],"offset":[-11,3],"originalSize":[470,470],"capInsets":[0,0,0,0]}},{"__type__":"cc.SpriteFrame","content":{"name":"stand_13_sh_ride_shape_2004_sh_stand_1_1","texture":"ccxuiFM51Mu7n8yWh0tnQ3","rect":[125,125,120,122],"offset":[-13,8],"originalSize":[470,470],"capInsets":[0,0,0,0]}},{"__type__":"cc.SpriteAtlas","_name":"stand_1.plist","_spriteFrames":{"stand_13_sh_ride_shape_2004_sh_stand_1_1":{"__uuid__":"5edc4Tj8RFmrnxrwYabIK1"},"stand_13_sh_ride_shape_2004_sh_stand_1_2":{"__uuid__":"21TZewiZxHrqzEApg9DYir"},"stand_13_sh_ride_shape_2004_sh_stand_1_3":{"__uuid__":"c1/bfUBf5ALaTvGHmRQ+0s"},"stand_13_sh_ride_shape_2004_sh_stand_1_4":{"__uuid__":"42hr6qWbZCOb257qYsRWxT"},"stand_13_sh_ride_shape_2004_sh_stand_1_5":{"__uuid__":"65Lqa8ILFK55L7TA4OlWfW"},"stand_13_sh_ride_shape_2004_sh_stand_1_6":{"__uuid__":"4aaiFa4KZOkpRAkbu0dsfb"},"stand_13_sh_ride_shape_2004_sh_stand_1_7":{"__uuid__":"99vobX2bdNw6DTHJ/0rOXd"},"stand_13_sh_ride_shape_2004_sh_stand_1_8":{"__uuid__":"cdnuGhA3FDY40/lbade8al"}}},{"__type__":"cc.SpriteFrame","content":{"name":"stand_13_sh_ride_shape_2004_sh_stand_1_5","texture":"ccxuiFM51Mu7n8yWh0tnQ3","rect":[1,249,122,122],"offset":[-12,3],"originalSize":[470,470],"capInsets":[0,0,0,0]}},{"__type__":"cc.SpriteFrame","content":{"name":"stand_13_sh_ride_shape_2004_sh_stand_1_7","texture":"ccxuiFM51Mu7n8yWh0tnQ3","rect":[247,125,118,120],"offset":[-11,4],"originalSize":[470,470],"capInsets":[0,0,0,0]}},{"__type__":"cc.SpriteFrame","content":{"name":"stand_13_sh_ride_shape_2004_sh_stand_1_3","texture":"ccxuiFM51Mu7n8yWh0tnQ3","rect":[129,1,124,122],"offset":[-13,6],"originalSize":[470,470],"capInsets":[0,0,0,0]}},{"__type__":"cc.SpriteFrame","content":{"name":"stand_13_sh_ride_shape_2004_sh_stand_1_8","texture":"ccxuiFM51Mu7n8yWh0tnQ3","rect":[125,249,118,122],"offset":[-12,6],"originalSize":[470,470],"capInsets":[0,0,0,0]}}]