[{"__type__":"cc.SpriteFrame","content":{"name":"stand_13_sh_ride_shape_4007_sh_stand_1_4","texture":"c5TJOL9u1DLZbuPl6lKppk","rect":[293,1,88,140],"offset":[-7,-37],"originalSize":[430,430],"capInsets":[0,0,0,0]}},{"__type__":"cc.SpriteAtlas","_name":"stand_1.plist","_spriteFrames":{"stand_13_sh_ride_shape_4007_sh_stand_1_1":{"__uuid__":"capf4ksF9LtZLrKjLTgm0V"},"stand_13_sh_ride_shape_4007_sh_stand_1_2":{"__uuid__":"ebEKEcHTJEDbh4rcE6fXIp"},"stand_13_sh_ride_shape_4007_sh_stand_1_3":{"__uuid__":"c1S3Al7l1HNozjX6G/pr0U"},"stand_13_sh_ride_shape_4007_sh_stand_1_4":{"__uuid__":"44b0W2XI9JAKj8izpARmxP"},"stand_13_sh_ride_shape_4007_sh_stand_1_5":{"__uuid__":"c2crJsaA1PxZGHUJbFU/4+"},"stand_13_sh_ride_shape_4007_sh_stand_1_6":{"__uuid__":"6em4va9KxHWawpaEstwzWy"},"stand_13_sh_ride_shape_4007_sh_stand_1_7":{"__uuid__":"acuKgcGKRO+bztFmgJnyz7"},"stand_13_sh_ride_shape_4007_sh_stand_1_8":{"__uuid__":"d5pW+BirRF7rKHWALQ1qa4"}}},{"__type__":"cc.SpriteFrame","content":{"name":"stand_13_sh_ride_shape_4007_sh_stand_1_6","texture":"c5TJOL9u1DLZbuPl6lKppk","rect":[101,143,96,140],"offset":[-11,-37],"originalSize":[430,430],"capInsets":[0,0,0,0]}},{"__type__":"cc.SpriteFrame","content":{"name":"stand_13_sh_ride_shape_4007_sh_stand_1_7","texture":"c5TJOL9u1DLZbuPl6lKppk","rect":[1,1,100,140],"offset":[-13,-37],"originalSize":[430,430],"capInsets":[0,0,0,0]}},{"__type__":"cc.SpriteFrame","content":{"name":"stand_13_sh_ride_shape_4007_sh_stand_1_3","texture":"c5TJOL9u1DLZbuPl6lKppk","rect":[291,143,88,138],"offset":[-7,-38],"originalSize":[430,430],"capInsets":[0,0,0,0]}},{"__type__":"cc.SpriteFrame","content":{"name":"stand_13_sh_ride_shape_4007_sh_stand_1_5","texture":"c5TJOL9u1DLZbuPl6lKppk","rect":[199,1,92,140],"offset":[-9,-37],"originalSize":[430,430],"capInsets":[0,0,0,0]}},{"__type__":"cc.SpriteFrame","content":{"name":"stand_13_sh_ride_shape_4007_sh_stand_1_1","texture":"c5TJOL9u1DLZbuPl6lKppk","rect":[103,1,94,140],"offset":[-10,-38],"originalSize":[430,430],"capInsets":[0,0,0,0]}},{"__type__":"cc.SpriteFrame","content":{"name":"stand_13_sh_ride_shape_4007_sh_stand_1_8","texture":"c5TJOL9u1DLZbuPl6lKppk","rect":[1,143,98,140],"offset":[-12,-37],"originalSize":[430,430],"capInsets":[0,0,0,0]}},{"__type__":"cc.SpriteFrame","content":{"name":"stand_13_sh_ride_shape_4007_sh_stand_1_2","texture":"c5TJOL9u1DLZbuPl6lKppk","rect":[199,143,90,140],"offset":[-8,-37],"originalSize":[430,430],"capInsets":[0,0,0,0]}}]