[{"__type__":"cc.SpriteFrame","content":{"name":"stand_13_sh_ride_shape_4037_sh_stand_3_0008","texture":"56UG/bFZNPu5ZmwId4pimf","rect":[259,143,84,140],"offset":[-7,23],"originalSize":[450,450],"capInsets":[0,0,0,0]}},{"__type__":"cc.SpriteFrame","content":{"name":"stand_13_sh_ride_shape_4037_sh_stand_3_0005","texture":"56UG/bFZNPu5ZmwId4pimf","rect":[173,1,84,140],"offset":[-7,23],"originalSize":[450,450],"capInsets":[0,0,0,0]}},{"__type__":"cc.SpriteFrame","content":{"name":"stand_13_sh_ride_shape_4037_sh_stand_3_0001","texture":"56UG/bFZNPu5ZmwId4pimf","rect":[1,1,84,140],"offset":[-7,23],"originalSize":[450,450],"capInsets":[0,0,0,0]}},{"__type__":"cc.SpriteFrame","content":{"name":"stand_13_sh_ride_shape_4037_sh_stand_3_0002","texture":"56UG/bFZNPu5ZmwId4pimf","rect":[1,143,84,140],"offset":[-7,23],"originalSize":[450,450],"capInsets":[0,0,0,0]}},{"__type__":"cc.SpriteFrame","content":{"name":"stand_13_sh_ride_shape_4037_sh_stand_3_0006","texture":"56UG/bFZNPu5ZmwId4pimf","rect":[259,1,84,140],"offset":[-7,23],"originalSize":[450,450],"capInsets":[0,0,0,0]}},{"__type__":"cc.SpriteFrame","content":{"name":"stand_13_sh_ride_shape_4037_sh_stand_3_0007","texture":"56UG/bFZNPu5ZmwId4pimf","rect":[173,143,84,140],"offset":[-7,23],"originalSize":[450,450],"capInsets":[0,0,0,0]}},{"__type__":"cc.SpriteFrame","content":{"name":"stand_13_sh_ride_shape_4037_sh_stand_3_0004","texture":"56UG/bFZNPu5ZmwId4pimf","rect":[87,143,84,140],"offset":[-7,23],"originalSize":[450,450],"capInsets":[0,0,0,0]}},{"__type__":"cc.SpriteFrame","content":{"name":"stand_13_sh_ride_shape_4037_sh_stand_3_0003","texture":"56UG/bFZNPu5ZmwId4pimf","rect":[87,1,84,140],"offset":[-7,23],"originalSize":[450,450],"capInsets":[0,0,0,0]}},{"__type__":"cc.SpriteAtlas","_name":"stand_3.plist","_spriteFrames":{"stand_13_sh_ride_shape_4037_sh_stand_3_0001":{"__uuid__":"39/mnQOZRNyrnUAVpozVpw"},"stand_13_sh_ride_shape_4037_sh_stand_3_0002":{"__uuid__":"768hSH2i5KHq8QAhw2A7vL"},"stand_13_sh_ride_shape_4037_sh_stand_3_0003":{"__uuid__":"c4OPmL/ARAg4bXN1aircOE"},"stand_13_sh_ride_shape_4037_sh_stand_3_0004":{"__uuid__":"b2iyS8jv9NwbJjoZA8p/3D"},"stand_13_sh_ride_shape_4037_sh_stand_3_0005":{"__uuid__":"34oCt0zURA1qNQxX7dVgX9"},"stand_13_sh_ride_shape_4037_sh_stand_3_0006":{"__uuid__":"9fw2YIVpFBeI5or9vPCmcc"},"stand_13_sh_ride_shape_4037_sh_stand_3_0007":{"__uuid__":"acwvhAoGNHNoDKvFhYmSfb"},"stand_13_sh_ride_shape_4037_sh_stand_3_0008":{"__uuid__":"07XMotluZDJqwCcc6ZWri6"}}}]