[{"__type__":"cc.SpriteFrame","content":{"name":"stand_5_part2_wing_5012_stand_5_part2_0012","texture":"596D7YhpJNeor97Xgg0V6f","rect":[112,2,78,108],"offset":[36,76],"originalSize":[500,500],"rotated":1,"capInsets":[0,0,0,0]}},{"__type__":"cc.SpriteFrame","content":{"name":"stand_5_part2_wing_5012_stand_5_part2_0005","texture":"596D7YhpJNeor97Xgg0V6f","rect":[92,318,74,98],"offset":[34,76],"originalSize":[500,500],"capInsets":[0,0,0,0]}},{"__type__":"cc.SpriteFrame","content":{"name":"stand_5_part2_wing_5012_stand_5_part2_0002","texture":"596D7YhpJNeor97Xgg0V6f","rect":[112,82,86,106],"offset":[40,75],"originalSize":[500,500],"rotated":1,"capInsets":[0,0,0,0]}},{"__type__":"cc.SpriteFrame","content":{"name":"stand_5_part2_wing_5012_stand_5_part2_0001","texture":"596D7YhpJNeor97Xgg0V6f","rect":[2,2,82,108],"offset":[37,75],"originalSize":[500,500],"rotated":1,"capInsets":[0,0,0,0]}},{"__type__":"cc.SpriteFrame","content":{"name":"stand_5_part2_wing_5012_stand_5_part2_0007","texture":"596D7YhpJNeor97Xgg0V6f","rect":[168,318,64,98],"offset":[29,83],"originalSize":[500,500],"capInsets":[0,0,0,0]}},{"__type__":"cc.SpriteFrame","content":{"name":"stand_5_part2_wing_5012_stand_5_part2_0008","texture":"596D7YhpJNeor97Xgg0V6f","rect":[2,318,88,98],"offset":[41,84],"originalSize":[500,500],"capInsets":[0,0,0,0]}},{"__type__":"cc.SpriteFrame","content":{"name":"stand_5_part2_wing_5012_stand_5_part2_0006","texture":"596D7YhpJNeor97Xgg0V6f","rect":[104,250,66,100],"offset":[30,80],"originalSize":[500,500],"rotated":1,"capInsets":[0,0,0,0]}},{"__type__":"cc.SpriteFrame","content":{"name":"stand_5_part2_wing_5012_stand_5_part2_0003","texture":"596D7YhpJNeor97Xgg0V6f","rect":[2,162,84,104],"offset":[40,77],"originalSize":[500,500],"rotated":1,"capInsets":[0,0,0,0]}},{"__type__":"cc.SpriteFrame","content":{"name":"stand_5_part2_wing_5012_stand_5_part2_0004","texture":"596D7YhpJNeor97Xgg0V6f","rect":[108,170,78,102],"offset":[35,77],"originalSize":[500,500],"rotated":1,"capInsets":[0,0,0,0]}},{"__type__":"cc.SpriteFrame","content":{"name":"stand_5_part2_wing_5012_stand_5_part2_0011","texture":"596D7YhpJNeor97Xgg0V6f","rect":[2,86,74,106],"offset":[34,80],"originalSize":[500,500],"rotated":1,"capInsets":[0,0,0,0]}},{"__type__":"cc.SpriteFrame","content":{"name":"stand_5_part2_wing_5012_stand_5_part2_0010","texture":"596D7YhpJNeor97Xgg0V6f","rect":[2,248,68,100],"offset":[31,81],"originalSize":[500,500],"rotated":1,"capInsets":[0,0,0,0]}},{"__type__":"cc.SpriteFrame","content":{"name":"stand_5_part2_wing_5012_stand_5_part2_0009","texture":"596D7YhpJNeor97Xgg0V6f","rect":[2,418,88,98],"offset":[41,83],"originalSize":[500,500],"rotated":1,"capInsets":[0,0,0,0]}},{"__type__":"cc.SpriteAtlas","_name":"stand_5_part2.plist","_spriteFrames":{"stand_5_part2_wing_5012_stand_5_part2_0001":{"__uuid__":"3exvLJCs1JZYvffRtUDoKL"},"stand_5_part2_wing_5012_stand_5_part2_0002":{"__uuid__":"3aIwzDP0NJoofqvYtW71Eu"},"stand_5_part2_wing_5012_stand_5_part2_0003":{"__uuid__":"70gevj0FJInJZNgiQwD/1r"},"stand_5_part2_wing_5012_stand_5_part2_0004":{"__uuid__":"9dh/n2sk9Oq7jS/qEjsRLT"},"stand_5_part2_wing_5012_stand_5_part2_0005":{"__uuid__":"280Sw6m45Gsb1KLz6cIyLW"},"stand_5_part2_wing_5012_stand_5_part2_0006":{"__uuid__":"63fS+oz31MMZftQAIUIu1I"},"stand_5_part2_wing_5012_stand_5_part2_0007":{"__uuid__":"4b8Q9MFYNNDaucXNaoMUtT"},"stand_5_part2_wing_5012_stand_5_part2_0008":{"__uuid__":"50X15YOy1L9pmfqeo9a9el"},"stand_5_part2_wing_5012_stand_5_part2_0009":{"__uuid__":"d6xnqnGAlBPrVVJqxftF5M"},"stand_5_part2_wing_5012_stand_5_part2_0010":{"__uuid__":"a6CNMOnShB2L89r5vVcntV"},"stand_5_part2_wing_5012_stand_5_part2_0011":{"__uuid__":"9fws6rst5Np7smta1T43um"},"stand_5_part2_wing_5012_stand_5_part2_0012":{"__uuid__":"0euxHtN6hD/LkHNRFXU0Uu"}}}]