[{"__type__":"cc.SpriteFrame","content":{"name":"stand_7_part1_wing_5017_stand_7_part1_0011","texture":"facZSNJm5CN7EAmzL3Hnot","rect":[2,164,122,72],"offset":[58,37],"originalSize":[500,500],"capInsets":[0,0,0,0]}},{"__type__":"cc.SpriteFrame","content":{"name":"stand_7_part1_wing_5017_stand_7_part1_0002","texture":"facZSNJm5CN7EAmzL3Hnot","rect":[2,84,122,78],"offset":[58,37],"originalSize":[500,500],"capInsets":[0,0,0,0]}},{"__type__":"cc.SpriteFrame","content":{"name":"stand_7_part1_wing_5017_stand_7_part1_0005","texture":"facZSNJm5CN7EAmzL3Hnot","rect":[2,2,126,80],"offset":[59,38],"originalSize":[500,500],"capInsets":[0,0,0,0]}},{"__type__":"cc.SpriteFrame","content":{"name":"stand_7_part1_wing_5017_stand_7_part1_0007","texture":"facZSNJm5CN7EAmzL3Hnot","rect":[2,318,118,74],"offset":[55,33],"originalSize":[500,500],"capInsets":[0,0,0,0]}},{"__type__":"cc.SpriteAtlas","_name":"stand_7_part1.plist","_spriteFrames":{"stand_7_part1_wing_5017_stand_7_part1_0000":{"__uuid__":"a4JuxIi4tIV60M+1OwKxlD"},"stand_7_part1_wing_5017_stand_7_part1_0001":{"__uuid__":"9bSYWoDHBKsbyrs209r7wn"},"stand_7_part1_wing_5017_stand_7_part1_0002":{"__uuid__":"54C/tEZTdExJNYZucELpHJ"},"stand_7_part1_wing_5017_stand_7_part1_0003":{"__uuid__":"a00Mx14yBF2rlU/8wLPxn7"},"stand_7_part1_wing_5017_stand_7_part1_0004":{"__uuid__":"88KVPD/bFC6Jj3axB821js"},"stand_7_part1_wing_5017_stand_7_part1_0005":{"__uuid__":"54zVJhwsZHqYKh9sVJ55zA"},"stand_7_part1_wing_5017_stand_7_part1_0006":{"__uuid__":"90+ERcYQxEQYNcJ9hyJdXq"},"stand_7_part1_wing_5017_stand_7_part1_0007":{"__uuid__":"5aDkahYJJMkLPAFvkvM2b+"},"stand_7_part1_wing_5017_stand_7_part1_0008":{"__uuid__":"f8jRBh6JJAGZelYDDE4li/"},"stand_7_part1_wing_5017_stand_7_part1_0009":{"__uuid__":"f7ZyRd2o9DNp3SZ3w7E3XL"},"stand_7_part1_wing_5017_stand_7_part1_0010":{"__uuid__":"b9/FIbmc5PTpMoTGwtP6Jw"},"stand_7_part1_wing_5017_stand_7_part1_0011":{"__uuid__":"24agBfPYVE6JTgtblDA116"}}},{"__type__":"cc.SpriteFrame","content":{"name":"stand_7_part1_wing_5017_stand_7_part1_0004","texture":"facZSNJm5CN7EAmzL3Hnot","rect":[2,394,116,76],"offset":[55,36],"originalSize":[500,500],"rotated":1,"capInsets":[0,0,0,0]}},{"__type__":"cc.SpriteFrame","content":{"name":"stand_7_part1_wing_5017_stand_7_part1_0006","texture":"facZSNJm5CN7EAmzL3Hnot","rect":[126,232,120,80],"offset":[56,37],"originalSize":[500,500],"capInsets":[0,0,0,0]}},{"__type__":"cc.SpriteFrame","content":{"name":"stand_7_part1_wing_5017_stand_7_part1_0001","texture":"facZSNJm5CN7EAmzL3Hnot","rect":[2,238,120,78],"offset":[56,36],"originalSize":[500,500],"capInsets":[0,0,0,0]}},{"__type__":"cc.SpriteFrame","content":{"name":"stand_7_part1_wing_5017_stand_7_part1_0003","texture":"facZSNJm5CN7EAmzL3Hnot","rect":[130,76,122,80],"offset":[58,38],"originalSize":[500,500],"capInsets":[0,0,0,0]}},{"__type__":"cc.SpriteFrame","content":{"name":"stand_7_part1_wing_5017_stand_7_part1_0000","texture":"facZSNJm5CN7EAmzL3Hnot","rect":[124,314,118,74],"offset":[55,37],"originalSize":[500,500],"capInsets":[0,0,0,0]}},{"__type__":"cc.SpriteFrame","content":{"name":"stand_7_part1_wing_5017_stand_7_part1_0010","texture":"facZSNJm5CN7EAmzL3Hnot","rect":[130,2,124,72],"offset":[58,35],"originalSize":[500,500],"capInsets":[0,0,0,0]}},{"__type__":"cc.SpriteFrame","content":{"name":"stand_7_part1_wing_5017_stand_7_part1_0009","texture":"facZSNJm5CN7EAmzL3Hnot","rect":[126,158,122,72],"offset":[58,35],"originalSize":[500,500],"capInsets":[0,0,0,0]}},{"__type__":"cc.SpriteFrame","content":{"name":"stand_7_part1_wing_5017_stand_7_part1_0008","texture":"facZSNJm5CN7EAmzL3Hnot","rect":[122,390,118,72],"offset":[56,35],"originalSize":[500,500],"rotated":1,"capInsets":[0,0,0,0]}}]