[{"__type__":"cc.SpriteFrame","content":{"name":"run_13_sh_ride_shape_4038_sh_run_1_0005","texture":"7dguy3OWZCrKShgs9rwKe2","rect":[201,151,94,146],"offset":[-17,36],"originalSize":[470,470],"capInsets":[0,0,0,0]}},{"__type__":"cc.SpriteFrame","content":{"name":"run_13_sh_ride_shape_4038_sh_run_1_0007","texture":"7dguy3OWZCrKShgs9rwKe2","rect":[103,1,98,148],"offset":[-15,36],"originalSize":[470,470],"capInsets":[0,0,0,0]}},{"__type__":"cc.SpriteFrame","content":{"name":"run_13_sh_ride_shape_4038_sh_run_1_0008","texture":"7dguy3OWZCrKShgs9rwKe2","rect":[1,1,100,148],"offset":[-14,36],"originalSize":[470,470],"capInsets":[0,0,0,0]}},{"__type__":"cc.SpriteFrame","content":{"name":"run_13_sh_ride_shape_4038_sh_run_1_0001","texture":"7dguy3OWZCrKShgs9rwKe2","rect":[1,151,100,144],"offset":[-14,36],"originalSize":[470,470],"capInsets":[0,0,0,0]}},{"__type__":"cc.SpriteFrame","content":{"name":"run_13_sh_ride_shape_4038_sh_run_1_0003","texture":"7dguy3OWZCrKShgs9rwKe2","rect":[299,1,92,142],"offset":[-13,36],"originalSize":[470,470],"capInsets":[0,0,0,0]}},{"__type__":"cc.SpriteFrame","content":{"name":"run_13_sh_ride_shape_4038_sh_run_1_0006","texture":"7dguy3OWZCrKShgs9rwKe2","rect":[203,1,94,148],"offset":[-15,36],"originalSize":[470,470],"capInsets":[0,0,0,0]}},{"__type__":"cc.SpriteAtlas","_name":"run_1.plist","_spriteFrames":{"run_13_sh_ride_shape_4038_sh_run_1_0001":{"__uuid__":"562kbidr9MeKdL/1xJXJ3W"},"run_13_sh_ride_shape_4038_sh_run_1_0002":{"__uuid__":"afi/QvALVD0bXSmdZ2ZDwG"},"run_13_sh_ride_shape_4038_sh_run_1_0003":{"__uuid__":"5aG2PPQu9CvZFJV3GFrr/p"},"run_13_sh_ride_shape_4038_sh_run_1_0004":{"__uuid__":"98RHxSP9ZFKYAuTpJQOZQB"},"run_13_sh_ride_shape_4038_sh_run_1_0005":{"__uuid__":"02HB6eKqZBwJLx2TAKj1Yg"},"run_13_sh_ride_shape_4038_sh_run_1_0006":{"__uuid__":"66d2hWGctP6onQAxnkkE+i"},"run_13_sh_ride_shape_4038_sh_run_1_0007":{"__uuid__":"28FJJkBhVAE4jIDHxiaJb8"},"run_13_sh_ride_shape_4038_sh_run_1_0008":{"__uuid__":"4f3+x2k31HrLuh4bIHyvOz"}}},{"__type__":"cc.SpriteFrame","content":{"name":"run_13_sh_ride_shape_4038_sh_run_1_0004","texture":"7dguy3OWZCrKShgs9rwKe2","rect":[297,151,94,144],"offset":[-15,36],"originalSize":[470,470],"capInsets":[0,0,0,0]}},{"__type__":"cc.SpriteFrame","content":{"name":"run_13_sh_ride_shape_4038_sh_run_1_0002","texture":"7dguy3OWZCrKShgs9rwKe2","rect":[103,151,96,144],"offset":[-13,37],"originalSize":[470,470],"capInsets":[0,0,0,0]}}]