[{"__type__":"cc.SpriteAtlas","_name":"stand_1_b.plist","_spriteFrames":{"stand_1_rd1rd2_ride_ride_9231_rd2_stand_1_1":{"__uuid__":"ebxIVKvChEVp579g8b9+Ez"},"stand_1_rd1rd2_ride_ride_9231_rd2_stand_1_2":{"__uuid__":"61m627ketKLLvhpUgquC16"},"stand_1_rd1rd2_ride_ride_9231_rd2_stand_1_3":{"__uuid__":"e6DfwG5p5GKZlVxXRtjWSr"},"stand_1_rd1rd2_ride_ride_9231_rd2_stand_1_4":{"__uuid__":"e6fdQs/wBLz6DmOuw1OO2A"},"stand_1_rd1rd2_ride_ride_9231_rd2_stand_1_5":{"__uuid__":"78td5FLsJDG57RZEevbUD/"},"stand_1_rd1rd2_ride_ride_9231_rd2_stand_1_6":{"__uuid__":"61zWMd5exOOZZcrlQzJ5Jz"},"stand_1_rd1rd2_ride_ride_9231_rd2_stand_1_7":{"__uuid__":"c8h8oU/1RNx4OcgjPdiY6F"},"stand_1_rd1rd2_ride_ride_9231_rd2_stand_1_8":{"__uuid__":"5cA8a9ZdtD5JTUU7Uq4LCp"}}},{"__type__":"cc.SpriteFrame","content":{"name":"stand_1_rd1rd2_ride_ride_9231_rd2_stand_1_8","texture":"14U7O3up5GXKpnF6YhSh0j","rect":[178,224,241,221],"offset":[-13,80],"originalSize":[425,425],"capInsets":[0,0,0,0]}},{"__type__":"cc.SpriteFrame","content":{"name":"stand_1_rd1rd2_ride_ride_9231_rd2_stand_1_2","texture":"14U7O3up5GXKpnF6YhSh0j","rect":[254,1,259,221],"offset":[-22,80],"originalSize":[425,425],"capInsets":[0,0,0,0]}},{"__type__":"cc.SpriteFrame","content":{"name":"stand_1_rd1rd2_ride_ride_9231_rd2_stand_1_6","texture":"14U7O3up5GXKpnF6YhSh0j","rect":[1,224,175,221],"offset":[-41,81],"originalSize":[425,425],"capInsets":[0,0,0,0]}},{"__type__":"cc.SpriteFrame","content":{"name":"stand_1_rd1rd2_ride_ride_9231_rd2_stand_1_5","texture":"14U7O3up5GXKpnF6YhSh0j","rect":[1,447,233,223],"offset":[-10,82],"originalSize":[425,425],"capInsets":[0,0,0,0]}},{"__type__":"cc.SpriteFrame","content":{"name":"stand_1_rd1rd2_ride_ride_9231_rd2_stand_1_7","texture":"14U7O3up5GXKpnF6YhSh0j","rect":[236,447,177,223],"offset":[-42,82],"originalSize":[425,425],"capInsets":[0,0,0,0]}},{"__type__":"cc.SpriteFrame","content":{"name":"stand_1_rd1rd2_ride_ride_9231_rd2_stand_1_3","texture":"14U7O3up5GXKpnF6YhSh0j","rect":[415,449,263,225],"offset":[-24,83],"originalSize":[425,425],"capInsets":[0,0,0,0]}},{"__type__":"cc.SpriteFrame","content":{"name":"stand_1_rd1rd2_ride_ride_9231_rd2_stand_1_4","texture":"14U7O3up5GXKpnF6YhSh0j","rect":[421,224,267,223],"offset":[-27,82],"originalSize":[425,425],"capInsets":[0,0,0,0]}},{"__type__":"cc.SpriteFrame","content":{"name":"stand_1_rd1rd2_ride_ride_9231_rd2_stand_1_1","texture":"14U7O3up5GXKpnF6YhSh0j","rect":[1,1,251,221],"offset":[-18,80],"originalSize":[425,425],"capInsets":[0,0,0,0]}}]