[{"__type__":"cc.SpriteAtlas","_name":"run_1_b.plist","_spriteFrames":{"run_1_rd1rd2_ride_ride_9431_rd2_run_1_1":{"__uuid__":"6fEbm83JNJRa11ZYKmiB6Q"},"run_1_rd1rd2_ride_ride_9431_rd2_run_1_2":{"__uuid__":"551QtbJNRD7prLAls+kmqm"},"run_1_rd1rd2_ride_ride_9431_rd2_run_1_3":{"__uuid__":"fa2YjOrb5CtpYGujjQT5EU"},"run_1_rd1rd2_ride_ride_9431_rd2_run_1_4":{"__uuid__":"d072k22L9J04q0fwDEJE4U"},"run_1_rd1rd2_ride_ride_9431_rd2_run_1_5":{"__uuid__":"34SJV35aRN/4k1ejAYhnwC"},"run_1_rd1rd2_ride_ride_9431_rd2_run_1_6":{"__uuid__":"6dxAr7Ln9KdLKWqB//kHI9"},"run_1_rd1rd2_ride_ride_9431_rd2_run_1_7":{"__uuid__":"3c3bgLjtlF/ra2KNBFSK4W"},"run_1_rd1rd2_ride_ride_9431_rd2_run_1_8":{"__uuid__":"2dnvxlHoFKlaJ/HvwiawqW"}}},{"__type__":"cc.SpriteFrame","content":{"name":"run_1_rd1rd2_ride_ride_9431_rd2_run_1_8","texture":"0cj5Q8HdBOp7ir9WVUvrPT","rect":[1,1,248,260],"offset":[-87,66],"originalSize":[500,500],"capInsets":[0,0,0,0]}},{"__type__":"cc.SpriteFrame","content":{"name":"run_1_rd1rd2_ride_ride_9431_rd2_run_1_5","texture":"0cj5Q8HdBOp7ir9WVUvrPT","rect":[251,1,228,252],"offset":[-65,44],"originalSize":[500,500],"capInsets":[0,0,0,0]}},{"__type__":"cc.SpriteFrame","content":{"name":"run_1_rd1rd2_ride_ride_9431_rd2_run_1_7","texture":"0cj5Q8HdBOp7ir9WVUvrPT","rect":[1,263,236,258],"offset":[-82,60],"originalSize":[500,500],"capInsets":[0,0,0,0]}},{"__type__":"cc.SpriteFrame","content":{"name":"run_1_rd1rd2_ride_ride_9431_rd2_run_1_2","texture":"0cj5Q8HdBOp7ir9WVUvrPT","rect":[469,255,230,198],"offset":[-75,90],"originalSize":[500,500],"capInsets":[0,0,0,0]}},{"__type__":"cc.SpriteFrame","content":{"name":"run_1_rd1rd2_ride_ride_9431_rd2_run_1_6","texture":"0cj5Q8HdBOp7ir9WVUvrPT","rect":[239,263,228,240],"offset":[-75,63],"originalSize":[500,500],"capInsets":[0,0,0,0]}},{"__type__":"cc.SpriteFrame","content":{"name":"run_1_rd1rd2_ride_ride_9431_rd2_run_1_1","texture":"0cj5Q8HdBOp7ir9WVUvrPT","rect":[481,1,216,216],"offset":[-69,81],"originalSize":[500,500],"capInsets":[0,0,0,0]}},{"__type__":"cc.SpriteFrame","content":{"name":"run_1_rd1rd2_ride_ride_9431_rd2_run_1_4","texture":"0cj5Q8HdBOp7ir9WVUvrPT","rect":[245,505,254,202],"offset":[-89,94],"originalSize":[500,500],"capInsets":[0,0,0,0]}},{"__type__":"cc.SpriteFrame","content":{"name":"run_1_rd1rd2_ride_ride_9431_rd2_run_1_3","texture":"0cj5Q8HdBOp7ir9WVUvrPT","rect":[1,523,242,180],"offset":[-83,99],"originalSize":[500,500],"capInsets":[0,0,0,0]}}]