[{"__type__":"cc.SpriteFrame","content":{"name":"stand_13_sh_ride_shape_4037_sh_stand_1_0004","texture":"f8ZDJRt21J+bLo1V2OgD4Z","rect":[195,1,90,146],"offset":[-6,27],"originalSize":[450,450],"capInsets":[0,0,0,0]}},{"__type__":"cc.SpriteAtlas","_name":"stand_1.plist","_spriteFrames":{"stand_13_sh_ride_shape_4037_sh_stand_1_0001":{"__uuid__":"b8ntV6sRhIlocBmJfOyL1o"},"stand_13_sh_ride_shape_4037_sh_stand_1_0002":{"__uuid__":"7c+/zak3BE5pkGXfTCQQkG"},"stand_13_sh_ride_shape_4037_sh_stand_1_0003":{"__uuid__":"c1eBniXwRM3YwDbdh8hyzZ"},"stand_13_sh_ride_shape_4037_sh_stand_1_0004":{"__uuid__":"6cH752iTJOc45kokvJsrua"},"stand_13_sh_ride_shape_4037_sh_stand_1_0005":{"__uuid__":"cfCJhzlY9PxYymil2rpQi2"},"stand_13_sh_ride_shape_4037_sh_stand_1_0006":{"__uuid__":"c7+ZnjDMlA84/IJz7Yeb0k"},"stand_13_sh_ride_shape_4037_sh_stand_1_0007":{"__uuid__":"715cbFqwNPco2y+07bqV4e"},"stand_13_sh_ride_shape_4037_sh_stand_1_0008":{"__uuid__":"a7YH4lUT9Owoz1Q40MDOro"}}},{"__type__":"cc.SpriteFrame","content":{"name":"stand_13_sh_ride_shape_4037_sh_stand_1_0007","texture":"f8ZDJRt21J+bLo1V2OgD4Z","rect":[193,149,92,146],"offset":[-7,27],"originalSize":[450,450],"capInsets":[0,0,0,0]}},{"__type__":"cc.SpriteFrame","content":{"name":"stand_13_sh_ride_shape_4037_sh_stand_1_0002","texture":"f8ZDJRt21J+bLo1V2OgD4Z","rect":[1,149,94,146],"offset":[-7,27],"originalSize":[450,450],"capInsets":[0,0,0,0]}},{"__type__":"cc.SpriteFrame","content":{"name":"stand_13_sh_ride_shape_4037_sh_stand_1_0008","texture":"f8ZDJRt21J+bLo1V2OgD4Z","rect":[99,1,94,146],"offset":[-8,27],"originalSize":[450,450],"capInsets":[0,0,0,0]}},{"__type__":"cc.SpriteFrame","content":{"name":"stand_13_sh_ride_shape_4037_sh_stand_1_0001","texture":"f8ZDJRt21J+bLo1V2OgD4Z","rect":[1,1,96,146],"offset":[-8,27],"originalSize":[450,450],"capInsets":[0,0,0,0]}},{"__type__":"cc.SpriteFrame","content":{"name":"stand_13_sh_ride_shape_4037_sh_stand_1_0003","texture":"f8ZDJRt21J+bLo1V2OgD4Z","rect":[97,149,94,146],"offset":[-7,27],"originalSize":[450,450],"capInsets":[0,0,0,0]}},{"__type__":"cc.SpriteFrame","content":{"name":"stand_13_sh_ride_shape_4037_sh_stand_1_0006","texture":"f8ZDJRt21J+bLo1V2OgD4Z","rect":[287,149,90,146],"offset":[-6,27],"originalSize":[450,450],"capInsets":[0,0,0,0]}},{"__type__":"cc.SpriteFrame","content":{"name":"stand_13_sh_ride_shape_4037_sh_stand_1_0005","texture":"f8ZDJRt21J+bLo1V2OgD4Z","rect":[287,1,90,146],"offset":[-6,27],"originalSize":[450,450],"capInsets":[0,0,0,0]}}]