[{"__type__":"cc.SpriteFrame","content":{"name":"run_13_sh_ride_shape_4018_sh_run_1_6","texture":"9dgglOBsRE1YGJTZVZktBj","rect":[1,137,110,134],"offset":[-21,-35],"originalSize":[480,480],"capInsets":[0,0,0,0]}},{"__type__":"cc.SpriteFrame","content":{"name":"run_13_sh_ride_shape_4018_sh_run_1_8","texture":"9dgglOBsRE1YGJTZVZktBj","rect":[113,1,108,134],"offset":[-20,-35],"originalSize":[480,480],"capInsets":[0,0,0,0]}},{"__type__":"cc.SpriteFrame","content":{"name":"run_13_sh_ride_shape_4018_sh_run_1_3","texture":"9dgglOBsRE1YGJTZVZktBj","rect":[219,273,104,134],"offset":[-21,-36],"originalSize":[480,480],"capInsets":[0,0,0,0]}},{"__type__":"cc.SpriteFrame","content":{"name":"run_13_sh_ride_shape_4018_sh_run_1_7","texture":"9dgglOBsRE1YGJTZVZktBj","rect":[1,273,110,134],"offset":[-20,-35],"originalSize":[480,480],"capInsets":[0,0,0,0]}},{"__type__":"cc.SpriteFrame","content":{"name":"run_13_sh_ride_shape_4018_sh_run_1_4","texture":"9dgglOBsRE1YGJTZVZktBj","rect":[113,137,106,134],"offset":[-21,-36],"originalSize":[480,480],"capInsets":[0,0,0,0]}},{"__type__":"cc.SpriteAtlas","_name":"run_1.plist","_spriteFrames":{"run_13_sh_ride_shape_4018_sh_run_1_1":{"__uuid__":"f8nChS79FG+JmpC6JxUHsQ"},"run_13_sh_ride_shape_4018_sh_run_1_2":{"__uuid__":"fd9trtIEZHurdlKZIcCvbI"},"run_13_sh_ride_shape_4018_sh_run_1_3":{"__uuid__":"98mG18yBFKMrKFdjyXTjkc"},"run_13_sh_ride_shape_4018_sh_run_1_4":{"__uuid__":"b2d/zUvNlEb56DK5nlXqeR"},"run_13_sh_ride_shape_4018_sh_run_1_5":{"__uuid__":"f6gBtNvbBHqK3L1EBEu1pQ"},"run_13_sh_ride_shape_4018_sh_run_1_6":{"__uuid__":"43Ddzbtc1F7ZE54lpykH+g"},"run_13_sh_ride_shape_4018_sh_run_1_7":{"__uuid__":"99l6Qar/FDoKbSiNcv5CS1"},"run_13_sh_ride_shape_4018_sh_run_1_8":{"__uuid__":"52IJQCQ3NIS5TrPVzj1hZC"}}},{"__type__":"cc.SpriteFrame","content":{"name":"run_13_sh_ride_shape_4018_sh_run_1_5","texture":"9dgglOBsRE1YGJTZVZktBj","rect":[1,1,110,134],"offset":[-21,-36],"originalSize":[480,480],"capInsets":[0,0,0,0]}},{"__type__":"cc.SpriteFrame","content":{"name":"run_13_sh_ride_shape_4018_sh_run_1_1","texture":"9dgglOBsRE1YGJTZVZktBj","rect":[113,273,104,134],"offset":[-20,-35],"originalSize":[480,480],"capInsets":[0,0,0,0]}},{"__type__":"cc.SpriteFrame","content":{"name":"run_13_sh_ride_shape_4018_sh_run_1_2","texture":"9dgglOBsRE1YGJTZVZktBj","rect":[223,1,106,134],"offset":[-21,-36],"originalSize":[480,480],"capInsets":[0,0,0,0]}}]