[{"__type__":"cc.SpriteFrame","content":{"name":"stand_1_rd1rd2_stand_3_rd1rd2_ride_ride_9321_rd1_stand_1_7","texture":"98p5rthMNGWI8SucK38uFJ","rect":[139,365,136,178],"offset":[44,17],"originalSize":[480,480],"capInsets":[0,0,0,0]}},{"__type__":"cc.SpriteFrame","content":{"name":"stand_1_rd1rd2_stand_3_rd1rd2_ride_ride_9321_rd1_stand_1_8","texture":"98p5rthMNGWI8SucK38uFJ","rect":[1,185,142,178],"offset":[40,16],"originalSize":[480,480],"capInsets":[0,0,0,0]}},{"__type__":"cc.SpriteFrame","content":{"name":"stand_1_rd1rd2_stand_3_rd1rd2_ride_ride_9321_rd1_stand_1_3","texture":"98p5rthMNGWI8SucK38uFJ","rect":[143,1,140,180],"offset":[40,18],"originalSize":[480,480],"capInsets":[0,0,0,0]}},{"__type__":"cc.SpriteFrame","content":{"name":"stand_1_rd1rd2_stand_3_rd1rd2_ride_ride_9321_rd1_stand_1_2","texture":"98p5rthMNGWI8SucK38uFJ","rect":[277,363,134,178],"offset":[43,17],"originalSize":[480,480],"capInsets":[0,0,0,0]}},{"__type__":"cc.SpriteFrame","content":{"name":"stand_1_rd1rd2_stand_3_rd1rd2_ride_ride_9321_rd1_stand_1_6","texture":"98p5rthMNGWI8SucK38uFJ","rect":[1,365,136,178],"offset":[43,17],"originalSize":[480,480],"capInsets":[0,0,0,0]}},{"__type__":"cc.SpriteAtlas","_name":"stand_1_f.plist","_spriteFrames":{"stand_1_rd1rd2_stand_3_rd1rd2_ride_ride_9321_rd1_stand_1_1":{"__uuid__":"8eA3O8l5xMRLDK/YWnGlsu"},"stand_1_rd1rd2_stand_3_rd1rd2_ride_ride_9321_rd1_stand_1_2":{"__uuid__":"35oMiW0W5PeoF5lAqTn/WT"},"stand_1_rd1rd2_stand_3_rd1rd2_ride_ride_9321_rd1_stand_1_3":{"__uuid__":"31cW9XCStAupwBMwlP2LKc"},"stand_1_rd1rd2_stand_3_rd1rd2_ride_ride_9321_rd1_stand_1_4":{"__uuid__":"daQvH/VbJA+aFYdVsaQ6xo"},"stand_1_rd1rd2_stand_3_rd1rd2_ride_ride_9321_rd1_stand_1_5":{"__uuid__":"eaZ+9etqBKyI/O9Cl0ZGxF"},"stand_1_rd1rd2_stand_3_rd1rd2_ride_ride_9321_rd1_stand_1_6":{"__uuid__":"49lestq9BAzaPrzjQ2OJKr"},"stand_1_rd1rd2_stand_3_rd1rd2_ride_ride_9321_rd1_stand_1_7":{"__uuid__":"04txan+nJFsJB4K4oXGSqB"},"stand_1_rd1rd2_stand_3_rd1rd2_ride_ride_9321_rd1_stand_1_8":{"__uuid__":"30cuBYVh9I2rQnTz7t9f3m"}}},{"__type__":"cc.SpriteFrame","content":{"name":"stand_1_rd1rd2_stand_3_rd1rd2_ride_ride_9321_rd1_stand_1_1","texture":"98p5rthMNGWI8SucK38uFJ","rect":[145,183,134,178],"offset":[43,16],"originalSize":[480,480],"capInsets":[0,0,0,0]}},{"__type__":"cc.SpriteFrame","content":{"name":"stand_1_rd1rd2_stand_3_rd1rd2_ride_ride_9321_rd1_stand_1_4","texture":"98p5rthMNGWI8SucK38uFJ","rect":[1,1,140,182],"offset":[40,18],"originalSize":[480,480],"capInsets":[0,0,0,0]}},{"__type__":"cc.SpriteFrame","content":{"name":"stand_1_rd1rd2_stand_3_rd1rd2_ride_ride_9321_rd1_stand_1_5","texture":"98p5rthMNGWI8SucK38uFJ","rect":[285,1,132,182],"offset":[44,18],"originalSize":[480,480],"capInsets":[0,0,0,0]}}]