[{"__type__":"cc.SpriteFrame","content":{"name":"run_13_sh_ride_shape_3006_sh_run_3_8","texture":"c6tUOzM2lC86JoA9CmTEfT","rect":[91,1,84,158],"offset":[-2,-42],"originalSize":[500,500],"capInsets":[0,0,0,0]}},{"__type__":"cc.SpriteFrame","content":{"name":"run_13_sh_ride_shape_3006_sh_run_3_4","texture":"c6tUOzM2lC86JoA9CmTEfT","rect":[263,1,82,144],"offset":[-2,-43],"originalSize":[500,500],"capInsets":[0,0,0,0]}},{"__type__":"cc.SpriteFrame","content":{"name":"run_13_sh_ride_shape_3006_sh_run_3_7","texture":"c6tUOzM2lC86JoA9CmTEfT","rect":[1,1,88,160],"offset":[-4,-45],"originalSize":[500,500],"capInsets":[0,0,0,0]}},{"__type__":"cc.SpriteFrame","content":{"name":"run_13_sh_ride_shape_3006_sh_run_3_2","texture":"c6tUOzM2lC86JoA9CmTEfT","rect":[259,155,86,138],"offset":[-2,-36],"originalSize":[500,500],"capInsets":[0,0,0,0]}},{"__type__":"cc.SpriteFrame","content":{"name":"run_13_sh_ride_shape_3006_sh_run_3_1","texture":"c6tUOzM2lC86JoA9CmTEfT","rect":[89,163,80,146],"offset":[0,-37],"originalSize":[500,500],"capInsets":[0,0,0,0]}},{"__type__":"cc.SpriteFrame","content":{"name":"run_13_sh_ride_shape_3006_sh_run_3_5","texture":"c6tUOzM2lC86JoA9CmTEfT","rect":[177,1,84,152],"offset":[-3,-44],"originalSize":[500,500],"capInsets":[0,0,0,0]}},{"__type__":"cc.SpriteFrame","content":{"name":"run_13_sh_ride_shape_3006_sh_run_3_6","texture":"c6tUOzM2lC86JoA9CmTEfT","rect":[1,163,86,160],"offset":[-4,-46],"originalSize":[500,500],"capInsets":[0,0,0,0]}},{"__type__":"cc.SpriteAtlas","_name":"run_3.plist","_spriteFrames":{"run_13_sh_ride_shape_3006_sh_run_3_1":{"__uuid__":"aapNMvNmxJ87tIHNPE9x/u"},"run_13_sh_ride_shape_3006_sh_run_3_2":{"__uuid__":"9eNoOi+U9OQLsMSbNlHoeU"},"run_13_sh_ride_shape_3006_sh_run_3_3":{"__uuid__":"f2MGgZi6VOWZJ1SI0ZV0lG"},"run_13_sh_ride_shape_3006_sh_run_3_4":{"__uuid__":"1e5q9+zAtFsrdJprXWwBxH"},"run_13_sh_ride_shape_3006_sh_run_3_5":{"__uuid__":"bbh+UgR3VGfrlDyKiW6NPC"},"run_13_sh_ride_shape_3006_sh_run_3_6":{"__uuid__":"c1Y0V+m/lN4aAyUrKeuNZp"},"run_13_sh_ride_shape_3006_sh_run_3_7":{"__uuid__":"89pX9XafVPy58/liWLkLx6"},"run_13_sh_ride_shape_3006_sh_run_3_8":{"__uuid__":"00elEA1VFLs76qczgzZHOp"}}},{"__type__":"cc.SpriteFrame","content":{"name":"run_13_sh_ride_shape_3006_sh_run_3_3","texture":"c6tUOzM2lC86JoA9CmTEfT","rect":[171,161,86,140],"offset":[-2,-41],"originalSize":[500,500],"capInsets":[0,0,0,0]}}]