[{"__type__":"cc.SpriteFrame","content":{"name":"stand_3_part1_wing_5003_stand_3_part1_0008","texture":"62F0SqTCZEma6q7Cp8hN/F","rect":[2,214,38,64],"offset":[-3,22],"originalSize":[500,500],"rotated":1,"capInsets":[0,0,0,0]}},{"__type__":"cc.SpriteFrame","content":{"name":"stand_3_part1_wing_5003_stand_3_part1_0011","texture":"62F0SqTCZEma6q7Cp8hN/F","rect":[2,2,34,72],"offset":[-5,18],"originalSize":[500,500],"capInsets":[0,0,0,0]}},{"__type__":"cc.SpriteFrame","content":{"name":"stand_3_part1_wing_5003_stand_3_part1_0012","texture":"62F0SqTCZEma6q7Cp8hN/F","rect":[76,128,38,60],"offset":[-6,23],"originalSize":[500,500],"capInsets":[0,0,0,0]}},{"__type__":"cc.SpriteFrame","content":{"name":"stand_3_part1_wing_5003_stand_3_part1_0009","texture":"62F0SqTCZEma6q7Cp8hN/F","rect":[2,146,36,66],"offset":[-3,20],"originalSize":[500,500],"capInsets":[0,0,0,0]}},{"__type__":"cc.SpriteFrame","content":{"name":"stand_3_part1_wing_5003_stand_3_part1_0004","texture":"62F0SqTCZEma6q7Cp8hN/F","rect":[76,2,38,60],"offset":[-4,23],"originalSize":[500,500],"capInsets":[0,0,0,0]}},{"__type__":"cc.SpriteFrame","content":{"name":"stand_3_part1_wing_5003_stand_3_part1_0010","texture":"62F0SqTCZEma6q7Cp8hN/F","rect":[2,76,34,68],"offset":[-4,19],"originalSize":[500,500],"capInsets":[0,0,0,0]}},{"__type__":"cc.SpriteFrame","content":{"name":"stand_3_part1_wing_5003_stand_3_part1_0007","texture":"62F0SqTCZEma6q7Cp8hN/F","rect":[38,2,36,62],"offset":[-2,23],"originalSize":[500,500],"capInsets":[0,0,0,0]}},{"__type__":"cc.SpriteAtlas","_name":"stand_3_part1.plist","_spriteFrames":{"stand_3_part1_wing_5003_stand_3_part1_0001":{"__uuid__":"ffLTdajw5LXaMaXx/syifx"},"stand_3_part1_wing_5003_stand_3_part1_0002":{"__uuid__":"c56K2YXKxI/JdTXHMUTgH4"},"stand_3_part1_wing_5003_stand_3_part1_0003":{"__uuid__":"fcOnmQAW5KjL/iPDGhsRwu"},"stand_3_part1_wing_5003_stand_3_part1_0004":{"__uuid__":"6epqLOEZBBuYL/5STa7TeF"},"stand_3_part1_wing_5003_stand_3_part1_0005":{"__uuid__":"eadhdAVABKVL9b85bNm789"},"stand_3_part1_wing_5003_stand_3_part1_0006":{"__uuid__":"b3kZFWgJVNNZJ0zM70eFlI"},"stand_3_part1_wing_5003_stand_3_part1_0007":{"__uuid__":"8d4fM3p81AYLo5PoRefvxg"},"stand_3_part1_wing_5003_stand_3_part1_0008":{"__uuid__":"08PlKEh11IM5nS/1l9TOMf"},"stand_3_part1_wing_5003_stand_3_part1_0009":{"__uuid__":"53+ngA3L9J36Sy1B1uUres"},"stand_3_part1_wing_5003_stand_3_part1_0010":{"__uuid__":"84GHsgyLFFmZPZb4xrHRSM"},"stand_3_part1_wing_5003_stand_3_part1_0011":{"__uuid__":"2bBGKTw39FnoBI0l8T2PaP"},"stand_3_part1_wing_5003_stand_3_part1_0012":{"__uuid__":"3e/yKM6ihOJZC2FbtqfLrp"}}},{"__type__":"cc.SpriteFrame","content":{"name":"stand_3_part1_wing_5003_stand_3_part1_0006","texture":"62F0SqTCZEma6q7Cp8hN/F","rect":[40,130,34,62],"offset":[-3,24],"originalSize":[500,500],"capInsets":[0,0,0,0]}},{"__type__":"cc.SpriteFrame","content":{"name":"stand_3_part1_wing_5003_stand_3_part1_0002","texture":"62F0SqTCZEma6q7Cp8hN/F","rect":[114,64,36,60],"offset":[-3,23],"originalSize":[500,500],"capInsets":[0,0,0,0]}},{"__type__":"cc.SpriteFrame","content":{"name":"stand_3_part1_wing_5003_stand_3_part1_0005","texture":"62F0SqTCZEma6q7Cp8hN/F","rect":[38,66,34,62],"offset":[-2,24],"originalSize":[500,500],"capInsets":[0,0,0,0]}},{"__type__":"cc.SpriteFrame","content":{"name":"stand_3_part1_wing_5003_stand_3_part1_0003","texture":"62F0SqTCZEma6q7Cp8hN/F","rect":[74,66,38,60],"offset":[-4,23],"originalSize":[500,500],"capInsets":[0,0,0,0]}},{"__type__":"cc.SpriteFrame","content":{"name":"stand_3_part1_wing_5003_stand_3_part1_0001","texture":"62F0SqTCZEma6q7Cp8hN/F","rect":[68,194,38,60],"offset":[-4,24],"originalSize":[500,500],"capInsets":[0,0,0,0]}}]