[{"__type__":"cc.SpriteFrame","content":{"name":"run_3_rd2_ride_ride_9141_rd2_run_3_3","texture":"20fS/J2OtO756AtdBgcIJy","rect":[270,2,126,188],"offset":[-34,26],"originalSize":[440,440],"capInsets":[0,0,0,0]}},{"__type__":"cc.SpriteAtlas","_name":"run_3_b.plist","_spriteFrames":{"run_3_rd2_ride_ride_9141_rd2_run_3_1":{"__uuid__":"34eHGMEqxE5qdBDmMw3aYb"},"run_3_rd2_ride_ride_9141_rd2_run_3_2":{"__uuid__":"c9VrXAtQVNzakF3gUlqiLx"},"run_3_rd2_ride_ride_9141_rd2_run_3_3":{"__uuid__":"0c7TF2jvdAv7sAOS9gBW9K"},"run_3_rd2_ride_ride_9141_rd2_run_3_4":{"__uuid__":"67TSSAFHpIb59ke5Tvz4XR"},"run_3_rd2_ride_ride_9141_rd2_run_3_5":{"__uuid__":"f6BKCA7+lI9pp27cY1OepS"},"run_3_rd2_ride_ride_9141_rd2_run_3_6":{"__uuid__":"8dgQKI0uVIWJ6w7lpuRz75"},"run_3_rd2_ride_ride_9141_rd2_run_3_7":{"__uuid__":"36wRBw3HpFE5I5Ed2J/4C8"},"run_3_rd2_ride_ride_9141_rd2_run_3_8":{"__uuid__":"c1Qyp3JXRFUq52k11NCVD1"}}},{"__type__":"cc.SpriteFrame","content":{"name":"run_3_rd2_ride_ride_9141_rd2_run_3_1","texture":"20fS/J2OtO756AtdBgcIJy","rect":[2,388,118,194],"offset":[-31,27],"originalSize":[440,440],"rotated":1,"capInsets":[0,0,0,0]}},{"__type__":"cc.SpriteFrame","content":{"name":"run_3_rd2_ride_ride_9141_rd2_run_3_7","texture":"20fS/J2OtO756AtdBgcIJy","rect":[136,194,130,190],"offset":[-28,35],"originalSize":[440,440],"capInsets":[0,0,0,0]}},{"__type__":"cc.SpriteFrame","content":{"name":"run_3_rd2_ride_ride_9141_rd2_run_3_4","texture":"20fS/J2OtO756AtdBgcIJy","rect":[138,2,130,188],"offset":[-30,29],"originalSize":[440,440],"capInsets":[0,0,0,0]}},{"__type__":"cc.SpriteFrame","content":{"name":"run_3_rd2_ride_ride_9141_rd2_run_3_6","texture":"20fS/J2OtO756AtdBgcIJy","rect":[2,194,132,192],"offset":[-26,35],"originalSize":[440,440],"capInsets":[0,0,0,0]}},{"__type__":"cc.SpriteFrame","content":{"name":"run_3_rd2_ride_ride_9141_rd2_run_3_8","texture":"20fS/J2OtO756AtdBgcIJy","rect":[198,386,124,194],"offset":[-31,32],"originalSize":[440,440],"rotated":1,"capInsets":[0,0,0,0]}},{"__type__":"cc.SpriteFrame","content":{"name":"run_3_rd2_ride_ride_9141_rd2_run_3_2","texture":"20fS/J2OtO756AtdBgcIJy","rect":[268,192,126,190],"offset":[-35,25],"originalSize":[440,440],"capInsets":[0,0,0,0]}},{"__type__":"cc.SpriteFrame","content":{"name":"run_3_rd2_ride_ride_9141_rd2_run_3_5","texture":"20fS/J2OtO756AtdBgcIJy","rect":[2,2,134,190],"offset":[-27,32],"originalSize":[440,440],"capInsets":[0,0,0,0]}}]