[{"__type__":"cc.SpriteFrame","content":{"name":"stand_13_sh_ride_shape_2004_sh_stand_3_7","texture":"048N3mTgZOIJ/AjsxGDw3a","rect":[1,137,118,134],"offset":[1,-6],"originalSize":[470,470],"capInsets":[0,0,0,0]}},{"__type__":"cc.SpriteFrame","content":{"name":"stand_13_sh_ride_shape_2004_sh_stand_3_8","texture":"048N3mTgZOIJ/AjsxGDw3a","rect":[121,1,116,134],"offset":[2,-5],"originalSize":[470,470],"capInsets":[0,0,0,0]}},{"__type__":"cc.SpriteFrame","content":{"name":"stand_13_sh_ride_shape_2004_sh_stand_3_3","texture":"048N3mTgZOIJ/AjsxGDw3a","rect":[121,137,124,132],"offset":[4,-5],"originalSize":[470,470],"capInsets":[0,0,0,0]}},{"__type__":"cc.SpriteFrame","content":{"name":"stand_13_sh_ride_shape_2004_sh_stand_3_6","texture":"048N3mTgZOIJ/AjsxGDw3a","rect":[247,135,118,132],"offset":[1,-7],"originalSize":[470,470],"capInsets":[0,0,0,0]}},{"__type__":"cc.SpriteFrame","content":{"name":"stand_13_sh_ride_shape_2004_sh_stand_3_1","texture":"048N3mTgZOIJ/AjsxGDw3a","rect":[1,1,118,134],"offset":[3,-4],"originalSize":[470,470],"capInsets":[0,0,0,0]}},{"__type__":"cc.SpriteFrame","content":{"name":"stand_13_sh_ride_shape_2004_sh_stand_3_5","texture":"048N3mTgZOIJ/AjsxGDw3a","rect":[239,1,122,132],"offset":[2,-6],"originalSize":[470,470],"capInsets":[0,0,0,0]}},{"__type__":"cc.SpriteFrame","content":{"name":"stand_13_sh_ride_shape_2004_sh_stand_3_4","texture":"048N3mTgZOIJ/AjsxGDw3a","rect":[1,273,124,130],"offset":[3,-6],"originalSize":[470,470],"capInsets":[0,0,0,0]}},{"__type__":"cc.SpriteFrame","content":{"name":"stand_13_sh_ride_shape_2004_sh_stand_3_2","texture":"048N3mTgZOIJ/AjsxGDw3a","rect":[127,271,122,132],"offset":[3,-4],"originalSize":[470,470],"capInsets":[0,0,0,0]}},{"__type__":"cc.SpriteAtlas","_name":"stand_3.plist","_spriteFrames":{"stand_13_sh_ride_shape_2004_sh_stand_3_1":{"__uuid__":"8fklg9+lZOfLbBwHO1xCj7"},"stand_13_sh_ride_shape_2004_sh_stand_3_2":{"__uuid__":"d6jBxbe3JAX78ksOGyzbYb"},"stand_13_sh_ride_shape_2004_sh_stand_3_3":{"__uuid__":"54oO0VO+dD/q6IQxhNxP0v"},"stand_13_sh_ride_shape_2004_sh_stand_3_4":{"__uuid__":"b8op6r10dMWrIgSV0AbqdG"},"stand_13_sh_ride_shape_2004_sh_stand_3_5":{"__uuid__":"aczDSgGNxP+pFPm9B31Jxe"},"stand_13_sh_ride_shape_2004_sh_stand_3_6":{"__uuid__":"7aV/378CFNlIbmOAA5mImZ"},"stand_13_sh_ride_shape_2004_sh_stand_3_7":{"__uuid__":"37C1OB8f5EbYC/LKQl2HkX"},"stand_13_sh_ride_shape_2004_sh_stand_3_8":{"__uuid__":"47m2cNHCFE2YjFrfCEibQA"}}}]