[{"__type__":"cc.SpriteFrame","content":{"name":"stand_8_part2_wing_5017_stand_8_part2_0000","texture":"5dOciFJttNF5fmyk+rNo5e","rect":[2,328,62,98],"offset":[-47,78],"originalSize":[500,500],"rotated":1,"capInsets":[0,0,0,0]}},{"__type__":"cc.SpriteFrame","content":{"name":"stand_8_part2_wing_5017_stand_8_part2_0007","texture":"5dOciFJttNF5fmyk+rNo5e","rect":[2,392,54,96],"offset":[-44,78],"originalSize":[500,500],"capInsets":[0,0,0,0]}},{"__type__":"cc.SpriteFrame","content":{"name":"stand_8_part2_wing_5017_stand_8_part2_0011","texture":"5dOciFJttNF5fmyk+rNo5e","rect":[2,2,60,104],"offset":[-44,81],"originalSize":[500,500],"rotated":1,"capInsets":[0,0,0,0]}},{"__type__":"cc.SpriteFrame","content":{"name":"stand_8_part2_wing_5017_stand_8_part2_0001","texture":"5dOciFJttNF5fmyk+rNo5e","rect":[104,72,66,100],"offset":[-49,78],"originalSize":[500,500],"rotated":1,"capInsets":[0,0,0,0]}},{"__type__":"cc.SpriteAtlas","_name":"stand_8_part2.plist","_spriteFrames":{"stand_8_part2_wing_5017_stand_8_part2_0000":{"__uuid__":"09beDiIHtB/6RsWEVJ6Mu3"},"stand_8_part2_wing_5017_stand_8_part2_0001":{"__uuid__":"26JOtZCHFLqa1zAxiswfmc"},"stand_8_part2_wing_5017_stand_8_part2_0002":{"__uuid__":"5aS9YdQ21Gh6niqEvW9dxk"},"stand_8_part2_wing_5017_stand_8_part2_0003":{"__uuid__":"fcdHX0h31I8YZUdzdOtVEC"},"stand_8_part2_wing_5017_stand_8_part2_0004":{"__uuid__":"3a7WlJvoBOLLhl+klFkNAf"},"stand_8_part2_wing_5017_stand_8_part2_0005":{"__uuid__":"edEF6bW1VAHb7piazyY785"},"stand_8_part2_wing_5017_stand_8_part2_0006":{"__uuid__":"37G/M4Ug1F/4VYvvmMceuh"},"stand_8_part2_wing_5017_stand_8_part2_0007":{"__uuid__":"1fYQZyPHJOf56vvfMr8aFM"},"stand_8_part2_wing_5017_stand_8_part2_0008":{"__uuid__":"8bRg1qU39E5Kv2MqJ+b+K8"},"stand_8_part2_wing_5017_stand_8_part2_0009":{"__uuid__":"bbKD3OlxlB+IWaQ/gNLm3B"},"stand_8_part2_wing_5017_stand_8_part2_0010":{"__uuid__":"5fbjHsP4VNUImeMZcdM6dX"},"stand_8_part2_wing_5017_stand_8_part2_0011":{"__uuid__":"21Ymz6lgNL4KT6ZgPQLz1w"}}},{"__type__":"cc.SpriteFrame","content":{"name":"stand_8_part2_wing_5017_stand_8_part2_0006","texture":"5dOciFJttNF5fmyk+rNo5e","rect":[2,64,68,100],"offset":[-52,80],"originalSize":[500,500],"rotated":1,"capInsets":[0,0,0,0]}},{"__type__":"cc.SpriteFrame","content":{"name":"stand_8_part2_wing_5017_stand_8_part2_0004","texture":"5dOciFJttNF5fmyk+rNo5e","rect":[104,260,68,98],"offset":[-51,79],"originalSize":[500,500],"rotated":1,"capInsets":[0,0,0,0]}},{"__type__":"cc.SpriteFrame","content":{"name":"stand_8_part2_wing_5017_stand_8_part2_0002","texture":"5dOciFJttNF5fmyk+rNo5e","rect":[2,134,66,100],"offset":[-49,78],"originalSize":[500,500],"rotated":1,"capInsets":[0,0,0,0]}},{"__type__":"cc.SpriteFrame","content":{"name":"stand_8_part2_wing_5017_stand_8_part2_0010","texture":"5dOciFJttNF5fmyk+rNo5e","rect":[104,140,60,100],"offset":[-46,81],"originalSize":[500,500],"rotated":1,"capInsets":[0,0,0,0]}},{"__type__":"cc.SpriteFrame","content":{"name":"stand_8_part2_wing_5017_stand_8_part2_0008","texture":"5dOciFJttNF5fmyk+rNo5e","rect":[104,202,56,100],"offset":[-44,80],"originalSize":[500,500],"rotated":1,"capInsets":[0,0,0,0]}},{"__type__":"cc.SpriteFrame","content":{"name":"stand_8_part2_wing_5017_stand_8_part2_0009","texture":"5dOciFJttNF5fmyk+rNo5e","rect":[2,202,58,100],"offset":[-45,80],"originalSize":[500,500],"rotated":1,"capInsets":[0,0,0,0]}},{"__type__":"cc.SpriteFrame","content":{"name":"stand_8_part2_wing_5017_stand_8_part2_0005","texture":"5dOciFJttNF5fmyk+rNo5e","rect":[2,262,64,98],"offset":[-48,79],"originalSize":[500,500],"rotated":1,"capInsets":[0,0,0,0]}},{"__type__":"cc.SpriteFrame","content":{"name":"stand_8_part2_wing_5017_stand_8_part2_0003","texture":"5dOciFJttNF5fmyk+rNo5e","rect":[108,2,68,102],"offset":[-50,79],"originalSize":[500,500],"rotated":1,"capInsets":[0,0,0,0]}}]