[{"__type__":"cc.SpriteAtlas","_name":"stand_8_part1.plist","_spriteFrames":{"stand_8_part1_wing_5010_stand_8_part1_0001":{"__uuid__":"d97bJGOFxOT63j41aCOMxb"},"stand_8_part1_wing_5010_stand_8_part1_0002":{"__uuid__":"540liYr2VDe5McpT/7bq/h"},"stand_8_part1_wing_5010_stand_8_part1_0003":{"__uuid__":"caHF1k3DRPU7bWZN0SbFhn"},"stand_8_part1_wing_5010_stand_8_part1_0004":{"__uuid__":"f5bTx05CZC5bOsYa2mc88R"},"stand_8_part1_wing_5010_stand_8_part1_0005":{"__uuid__":"94aYLAEaRO3q/sGj7H6j9r"},"stand_8_part1_wing_5010_stand_8_part1_0006":{"__uuid__":"e9n+nGdTpMLIqJao+GlXfa"},"stand_8_part1_wing_5010_stand_8_part1_0007":{"__uuid__":"d5zV1y+/ZO7LoH0sVlEb6l"},"stand_8_part1_wing_5010_stand_8_part1_0008":{"__uuid__":"f10FphOaBChYYT2Q8Zu203"},"stand_8_part1_wing_5010_stand_8_part1_0009":{"__uuid__":"62PZZQwopKt7F3BYDjY3ct"},"stand_8_part1_wing_5010_stand_8_part1_0010":{"__uuid__":"52kIeLajpC3rOsLLk33ifu"},"stand_8_part1_wing_5010_stand_8_part1_0011":{"__uuid__":"a0FvCFqeFMKY8etotF7gfJ"},"stand_8_part1_wing_5010_stand_8_part1_0012":{"__uuid__":"f0kOA5uehMn4k/F1hRsS0h"}}},{"__type__":"cc.SpriteFrame","content":{"name":"stand_8_part1_wing_5010_stand_8_part1_0010","texture":"b3a+HjMdBNDZhQ0wszcqTD","rect":[360,2,80,142],"offset":[-57,56],"originalSize":[500,500],"rotated":1,"capInsets":[0,0,0,0]}},{"__type__":"cc.SpriteFrame","content":{"name":"stand_8_part1_wing_5010_stand_8_part1_0002","texture":"b3a+HjMdBNDZhQ0wszcqTD","rect":[82,166,56,162],"offset":[-41,66],"originalSize":[500,500],"capInsets":[0,0,0,0]}},{"__type__":"cc.SpriteFrame","content":{"name":"stand_8_part1_wing_5010_stand_8_part1_0009","texture":"b3a+HjMdBNDZhQ0wszcqTD","rect":[360,84,76,142],"offset":[-55,58],"originalSize":[500,500],"rotated":1,"capInsets":[0,0,0,0]}},{"__type__":"cc.SpriteFrame","content":{"name":"stand_8_part1_wing_5010_stand_8_part1_0005","texture":"b3a+HjMdBNDZhQ0wszcqTD","rect":[138,2,76,160],"offset":[-52,68],"originalSize":[500,500],"capInsets":[0,0,0,0]}},{"__type__":"cc.SpriteFrame","content":{"name":"stand_8_part1_wing_5010_stand_8_part1_0011","texture":"b3a+HjMdBNDZhQ0wszcqTD","rect":[140,164,70,106],"offset":[-52,37],"originalSize":[500,500],"capInsets":[0,0,0,0]}},{"__type__":"cc.SpriteFrame","content":{"name":"stand_8_part1_wing_5010_stand_8_part1_0003","texture":"b3a+HjMdBNDZhQ0wszcqTD","rect":[74,330,64,162],"offset":[-37,67],"originalSize":[500,500],"capInsets":[0,0,0,0]}},{"__type__":"cc.SpriteFrame","content":{"name":"stand_8_part1_wing_5010_stand_8_part1_0007","texture":"b3a+HjMdBNDZhQ0wszcqTD","rect":[216,120,114,102],"offset":[-39,41],"originalSize":[500,500],"capInsets":[0,0,0,0]}},{"__type__":"cc.SpriteFrame","content":{"name":"stand_8_part1_wing_5010_stand_8_part1_0001","texture":"b3a+HjMdBNDZhQ0wszcqTD","rect":[2,2,134,162],"offset":[-85,66],"originalSize":[500,500],"capInsets":[0,0,0,0]}},{"__type__":"cc.SpriteFrame","content":{"name":"stand_8_part1_wing_5010_stand_8_part1_0006","texture":"b3a+HjMdBNDZhQ0wszcqTD","rect":[332,162,108,102],"offset":[-41,39],"originalSize":[500,500],"capInsets":[0,0,0,0]}},{"__type__":"cc.SpriteFrame","content":{"name":"stand_8_part1_wing_5010_stand_8_part1_0012","texture":"b3a+HjMdBNDZhQ0wszcqTD","rect":[2,330,70,162],"offset":[-52,66],"originalSize":[500,500],"capInsets":[0,0,0,0]}},{"__type__":"cc.SpriteFrame","content":{"name":"stand_8_part1_wing_5010_stand_8_part1_0008","texture":"b3a+HjMdBNDZhQ0wszcqTD","rect":[216,2,116,142],"offset":[-37,60],"originalSize":[500,500],"rotated":1,"capInsets":[0,0,0,0]}},{"__type__":"cc.SpriteFrame","content":{"name":"stand_8_part1_wing_5010_stand_8_part1_0004","texture":"b3a+HjMdBNDZhQ0wszcqTD","rect":[2,166,78,162],"offset":[-38,67],"originalSize":[500,500],"capInsets":[0,0,0,0]}}]