[{"__type__":"cc.SpriteFrame","content":{"name":"stand_5_part1_wing_5015_stand_png_part1_5_0005","texture":"5djZIylJpB8KBSYVUJK1+y","rect":[196,196,106,94],"offset":[-60,74],"originalSize":[500,500],"capInsets":[0,0,0,0]}},{"__type__":"cc.SpriteAtlas","_name":"stand_5_part1.plist","_spriteFrames":{"stand_5_part1_wing_5015_stand_png_part1_5_0000":{"__uuid__":"b1whINM+9C4ZLL9yBhRDQJ"},"stand_5_part1_wing_5015_stand_png_part1_5_0001":{"__uuid__":"57iCO+pBJLILJiKRP6ljeY"},"stand_5_part1_wing_5015_stand_png_part1_5_0002":{"__uuid__":"4eEfumnbROrps33y388G5k"},"stand_5_part1_wing_5015_stand_png_part1_5_0003":{"__uuid__":"69aceLCLRPw71Wwi94DUQ2"},"stand_5_part1_wing_5015_stand_png_part1_5_0004":{"__uuid__":"98vaFylbFIn5XY10Z9npa+"},"stand_5_part1_wing_5015_stand_png_part1_5_0005":{"__uuid__":"00gWAASaxJN6/cQk5dGXdH"},"stand_5_part1_wing_5015_stand_png_part1_5_0006":{"__uuid__":"1dz+0C+qRJBq4Omrfya4FB"},"stand_5_part1_wing_5015_stand_png_part1_5_0007":{"__uuid__":"e9NR6j6kJAu73pwPZMn8WR"},"stand_5_part1_wing_5015_stand_png_part1_5_0008":{"__uuid__":"82M+rHOP5O3JfRuG5dlWP6"},"stand_5_part1_wing_5015_stand_png_part1_5_0009":{"__uuid__":"71/1dF5gFCo6vtJBImAZlV"},"stand_5_part1_wing_5015_stand_png_part1_5_0010":{"__uuid__":"bauDfawXBH4bXeV0sMijrx"},"stand_5_part1_wing_5015_stand_png_part1_5_0011":{"__uuid__":"98tdjDGN5BzJwlW0xiAnMp"}}},{"__type__":"cc.SpriteFrame","content":{"name":"stand_5_part1_wing_5015_stand_png_part1_5_0006","texture":"5djZIylJpB8KBSYVUJK1+y","rect":[312,188,110,94],"offset":[-62,73],"originalSize":[500,500],"capInsets":[0,0,0,0]}},{"__type__":"cc.SpriteFrame","content":{"name":"stand_5_part1_wing_5015_stand_png_part1_5_0002","texture":"5djZIylJpB8KBSYVUJK1+y","rect":[374,96,122,90],"offset":[-68,75],"originalSize":[500,500],"capInsets":[0,0,0,0]}},{"__type__":"cc.SpriteFrame","content":{"name":"stand_5_part1_wing_5015_stand_png_part1_5_0001","texture":"5djZIylJpB8KBSYVUJK1+y","rect":[2,188,120,98],"offset":[-67,72],"originalSize":[500,500],"rotated":1,"capInsets":[0,0,0,0]}},{"__type__":"cc.SpriteFrame","content":{"name":"stand_5_part1_wing_5015_stand_png_part1_5_0003","texture":"5djZIylJpB8KBSYVUJK1+y","rect":[374,2,122,92],"offset":[-68,75],"originalSize":[500,500],"capInsets":[0,0,0,0]}},{"__type__":"cc.SpriteFrame","content":{"name":"stand_5_part1_wing_5015_stand_png_part1_5_0009","texture":"5djZIylJpB8KBSYVUJK1+y","rect":[2,2,122,94],"offset":[-68,75],"originalSize":[500,500],"capInsets":[0,0,0,0]}},{"__type__":"cc.SpriteFrame","content":{"name":"stand_5_part1_wing_5015_stand_png_part1_5_0008","texture":"5djZIylJpB8KBSYVUJK1+y","rect":[96,310,118,94],"offset":[-66,75],"originalSize":[500,500],"rotated":1,"capInsets":[0,0,0,0]}},{"__type__":"cc.SpriteFrame","content":{"name":"stand_5_part1_wing_5015_stand_png_part1_5_0011","texture":"5djZIylJpB8KBSYVUJK1+y","rect":[250,2,122,94],"offset":[-68,75],"originalSize":[500,500],"capInsets":[0,0,0,0]}},{"__type__":"cc.SpriteFrame","content":{"name":"stand_5_part1_wing_5015_stand_png_part1_5_0004","texture":"5djZIylJpB8KBSYVUJK1+y","rect":[2,310,120,92],"offset":[-67,74],"originalSize":[500,500],"rotated":1,"capInsets":[0,0,0,0]}},{"__type__":"cc.SpriteFrame","content":{"name":"stand_5_part1_wing_5015_stand_png_part1_5_0000","texture":"5djZIylJpB8KBSYVUJK1+y","rect":[102,188,116,92],"offset":[-65,75],"originalSize":[500,500],"rotated":1,"capInsets":[0,0,0,0]}},{"__type__":"cc.SpriteFrame","content":{"name":"stand_5_part1_wing_5015_stand_png_part1_5_0010","texture":"5djZIylJpB8KBSYVUJK1+y","rect":[126,2,122,94],"offset":[-68,75],"originalSize":[500,500],"capInsets":[0,0,0,0]}},{"__type__":"cc.SpriteFrame","content":{"name":"stand_5_part1_wing_5015_stand_png_part1_5_0007","texture":"5djZIylJpB8KBSYVUJK1+y","rect":[196,98,114,96],"offset":[-64,74],"originalSize":[500,500],"capInsets":[0,0,0,0]}}]