[{"__type__":"cc.SpriteFrame","content":{"name":"run_3_rd1rd2_ride_ride_9231_rd2_run_3_6","texture":"e15iKfK25Hzo+geRh0HJul","rect":[537,433,267,209],"offset":[4,61],"originalSize":[413,413],"capInsets":[0,0,0,0]}},{"__type__":"cc.SpriteFrame","content":{"name":"run_3_rd1rd2_ride_ride_9231_rd2_run_3_4","texture":"e15iKfK25Hzo+geRh0HJul","rect":[272,220,267,211],"offset":[4,63],"originalSize":[413,413],"capInsets":[0,0,0,0]}},{"__type__":"cc.SpriteFrame","content":{"name":"run_3_rd1rd2_ride_ride_9231_rd2_run_3_3","texture":"e15iKfK25Hzo+geRh0HJul","rect":[1,218,269,215],"offset":[4,64],"originalSize":[413,413],"capInsets":[0,0,0,0]}},{"__type__":"cc.SpriteFrame","content":{"name":"run_3_rd1rd2_ride_ride_9231_rd2_run_3_2","texture":"e15iKfK25Hzo+geRh0HJul","rect":[276,1,271,217],"offset":[9,65],"originalSize":[413,413],"capInsets":[0,0,0,0]}},{"__type__":"cc.SpriteFrame","content":{"name":"run_3_rd1rd2_ride_ride_9231_rd2_run_3_8","texture":"e15iKfK25Hzo+geRh0HJul","rect":[1,435,265,215],"offset":[10,64],"originalSize":[413,413],"capInsets":[0,0,0,0]}},{"__type__":"cc.SpriteFrame","content":{"name":"run_3_rd1rd2_ride_ride_9231_rd2_run_3_5","texture":"e15iKfK25Hzo+geRh0HJul","rect":[541,220,265,207],"offset":[2,60],"originalSize":[413,413],"capInsets":[0,0,0,0]}},{"__type__":"cc.SpriteFrame","content":{"name":"run_3_rd1rd2_ride_ride_9231_rd2_run_3_1","texture":"e15iKfK25Hzo+geRh0HJul","rect":[1,1,273,215],"offset":[11,65],"originalSize":[413,413],"capInsets":[0,0,0,0]}},{"__type__":"cc.SpriteFrame","content":{"name":"run_3_rd1rd2_ride_ride_9231_rd2_run_3_7","texture":"e15iKfK25Hzo+geRh0HJul","rect":[268,435,267,213],"offset":[6,63],"originalSize":[413,413],"capInsets":[0,0,0,0]}},{"__type__":"cc.SpriteAtlas","_name":"run_3_b.plist","_spriteFrames":{"run_3_rd1rd2_ride_ride_9231_rd2_run_3_1":{"__uuid__":"c2RC2LTUNJEZtcWU8Z/uy/"},"run_3_rd1rd2_ride_ride_9231_rd2_run_3_2":{"__uuid__":"91AvdFcZlMhYUzWGHGbIPP"},"run_3_rd1rd2_ride_ride_9231_rd2_run_3_3":{"__uuid__":"79uXi2KjxIk5Ly8Qg0/Ho1"},"run_3_rd1rd2_ride_ride_9231_rd2_run_3_4":{"__uuid__":"779yR/jtlIsaRv37aPMc0k"},"run_3_rd1rd2_ride_ride_9231_rd2_run_3_5":{"__uuid__":"b5XE54wpZBkJTTRB5a/5fZ"},"run_3_rd1rd2_ride_ride_9231_rd2_run_3_6":{"__uuid__":"6a48z+knNDN40ei6TnqqR2"},"run_3_rd1rd2_ride_ride_9231_rd2_run_3_7":{"__uuid__":"c87Vc/heFN56NvNkKhPTD4"},"run_3_rd1rd2_ride_ride_9231_rd2_run_3_8":{"__uuid__":"a7P6XLhUxEnLxCid310QBd"}}}]