[{"__type__":"cc.SpriteFrame","content":{"name":"stand_1_part1_wing_5011_stand_1_part1_0003","texture":"993iusfvVI5JfH7ZWl8Qxh","rect":[184,294,90,94],"offset":[-62,44],"originalSize":[500,500],"capInsets":[0,0,0,0]}},{"__type__":"cc.SpriteFrame","content":{"name":"stand_1_part1_wing_5011_stand_1_part1_0008","texture":"993iusfvVI5JfH7ZWl8Qxh","rect":[2,394,94,94],"offset":[-64,45],"originalSize":[500,500],"capInsets":[0,0,0,0]}},{"__type__":"cc.SpriteFrame","content":{"name":"stand_1_part1_wing_5011_stand_1_part1_0002","texture":"993iusfvVI5JfH7ZWl8Qxh","rect":[2,100,88,96],"offset":[-62,44],"originalSize":[500,500],"capInsets":[0,0,0,0]}},{"__type__":"cc.SpriteFrame","content":{"name":"stand_1_part1_wing_5011_stand_1_part1_0010","texture":"993iusfvVI5JfH7ZWl8Qxh","rect":[92,100,94,94],"offset":[-64,45],"originalSize":[500,500],"capInsets":[0,0,0,0]}},{"__type__":"cc.SpriteFrame","content":{"name":"stand_1_part1_wing_5011_stand_1_part1_0011","texture":"993iusfvVI5JfH7ZWl8Qxh","rect":[2,2,94,96],"offset":[-65,46],"originalSize":[500,500],"capInsets":[0,0,0,0]}},{"__type__":"cc.SpriteFrame","content":{"name":"stand_1_part1_wing_5011_stand_1_part1_0007","texture":"993iusfvVI5JfH7ZWl8Qxh","rect":[98,390,92,94],"offset":[-64,45],"originalSize":[500,500],"capInsets":[0,0,0,0]}},{"__type__":"cc.SpriteFrame","content":{"name":"stand_1_part1_wing_5011_stand_1_part1_0009","texture":"993iusfvVI5JfH7ZWl8Qxh","rect":[90,198,94,94],"offset":[-65,45],"originalSize":[500,500],"capInsets":[0,0,0,0]}},{"__type__":"cc.SpriteAtlas","_name":"stand_1_part1.plist","_spriteFrames":{"stand_1_part1_wing_5011_stand_1_part1_0001":{"__uuid__":"e4Z+sBOnhJ8YSdUAK9ITeN"},"stand_1_part1_wing_5011_stand_1_part1_0002":{"__uuid__":"2eTZYUUQtJE5Xb0Z+U1Kd6"},"stand_1_part1_wing_5011_stand_1_part1_0003":{"__uuid__":"06FRiryLVDuKQOZBu2O8UR"},"stand_1_part1_wing_5011_stand_1_part1_0004":{"__uuid__":"edxFGPE4VPrpiVZ/jbLUKo"},"stand_1_part1_wing_5011_stand_1_part1_0005":{"__uuid__":"dcxDFO1vpHTqVjuysz36GR"},"stand_1_part1_wing_5011_stand_1_part1_0006":{"__uuid__":"a9p2BbWoNJKJTfjuFDRvTG"},"stand_1_part1_wing_5011_stand_1_part1_0007":{"__uuid__":"8agdK5O1hAt7w54X5CvOP7"},"stand_1_part1_wing_5011_stand_1_part1_0008":{"__uuid__":"0fMTLKBCxPsJPQdowlzPrs"},"stand_1_part1_wing_5011_stand_1_part1_0009":{"__uuid__":"97tqUvS5VMz5vPc1r1H9EM"},"stand_1_part1_wing_5011_stand_1_part1_0010":{"__uuid__":"7f6DavCjBAu5FyPvro5RIj"},"stand_1_part1_wing_5011_stand_1_part1_0011":{"__uuid__":"859u7Ci7BKQqP+D4NGdK8K"},"stand_1_part1_wing_5011_stand_1_part1_0012":{"__uuid__":"e3sj2i4jFOs46Ma5XNg2jv"}}},{"__type__":"cc.SpriteFrame","content":{"name":"stand_1_part1_wing_5011_stand_1_part1_0006","texture":"993iusfvVI5JfH7ZWl8Qxh","rect":[90,294,92,94],"offset":[-64,46],"originalSize":[500,500],"capInsets":[0,0,0,0]}},{"__type__":"cc.SpriteFrame","content":{"name":"stand_1_part1_wing_5011_stand_1_part1_0005","texture":"993iusfvVI5JfH7ZWl8Qxh","rect":[98,2,92,94],"offset":[-63,45],"originalSize":[500,500],"capInsets":[0,0,0,0]}},{"__type__":"cc.SpriteFrame","content":{"name":"stand_1_part1_wing_5011_stand_1_part1_0012","texture":"993iusfvVI5JfH7ZWl8Qxh","rect":[2,296,86,96],"offset":[-61,45],"originalSize":[500,500],"capInsets":[0,0,0,0]}},{"__type__":"cc.SpriteFrame","content":{"name":"stand_1_part1_wing_5011_stand_1_part1_0001","texture":"993iusfvVI5JfH7ZWl8Qxh","rect":[2,198,86,96],"offset":[-61,44],"originalSize":[500,500],"capInsets":[0,0,0,0]}},{"__type__":"cc.SpriteFrame","content":{"name":"stand_1_part1_wing_5011_stand_1_part1_0004","texture":"993iusfvVI5JfH7ZWl8Qxh","rect":[186,196,90,94],"offset":[-62,45],"originalSize":[500,500],"capInsets":[0,0,0,0]}}]