[{"__type__":"cc.SpriteAtlas","_name":"stand_7_part2.plist","_spriteFrames":{"stand_7_part2_wing_5017_stand_7_part2_0000":{"__uuid__":"4dVyV01E9PjoKjvncHRj6w"},"stand_7_part2_wing_5017_stand_7_part2_0001":{"__uuid__":"39wAAxB81BIKLJU2H4iQBe"},"stand_7_part2_wing_5017_stand_7_part2_0002":{"__uuid__":"8cmkhD1r9I3KI7U3Jf1hxE"},"stand_7_part2_wing_5017_stand_7_part2_0003":{"__uuid__":"7c15iTGF1GW5gMZu3uUSD+"},"stand_7_part2_wing_5017_stand_7_part2_0004":{"__uuid__":"1cE0HaCY5OkqD7KB4wrhxY"},"stand_7_part2_wing_5017_stand_7_part2_0005":{"__uuid__":"e0mHyAj8lGXrY0HDc5Np3s"},"stand_7_part2_wing_5017_stand_7_part2_0006":{"__uuid__":"f9wcIAittJWbCLfpEosnMw"},"stand_7_part2_wing_5017_stand_7_part2_0007":{"__uuid__":"79dLCDWzhHn435Hs+xl9sG"},"stand_7_part2_wing_5017_stand_7_part2_0008":{"__uuid__":"278qkIVmRPjJahMoh0JcKF"},"stand_7_part2_wing_5017_stand_7_part2_0009":{"__uuid__":"30phtfsZlJCb8G2SCptRYd"},"stand_7_part2_wing_5017_stand_7_part2_0010":{"__uuid__":"7127f9//VGq4g/E+f/MVM4"},"stand_7_part2_wing_5017_stand_7_part2_0011":{"__uuid__":"86Z0HuoOxMrrOvTyfQDDOe"}}},{"__type__":"cc.SpriteFrame","content":{"name":"stand_7_part2_wing_5017_stand_7_part2_0004","texture":"aecudMNXJN0Ju7eAHvgq4m","rect":[110,308,104,74],"offset":[-59,37],"originalSize":[500,500],"capInsets":[0,0,0,0]}},{"__type__":"cc.SpriteFrame","content":{"name":"stand_7_part2_wing_5017_stand_7_part2_0008","texture":"aecudMNXJN0Ju7eAHvgq4m","rect":[110,234,106,72],"offset":[-60,35],"originalSize":[500,500],"capInsets":[0,0,0,0]}},{"__type__":"cc.SpriteFrame","content":{"name":"stand_7_part2_wing_5017_stand_7_part2_0009","texture":"aecudMNXJN0Ju7eAHvgq4m","rect":[114,154,108,78],"offset":[-61,39],"originalSize":[500,500],"capInsets":[0,0,0,0]}},{"__type__":"cc.SpriteFrame","content":{"name":"stand_7_part2_wing_5017_stand_7_part2_0001","texture":"aecudMNXJN0Ju7eAHvgq4m","rect":[2,2,118,76],"offset":[-66,38],"originalSize":[500,500],"capInsets":[0,0,0,0]}},{"__type__":"cc.SpriteFrame","content":{"name":"stand_7_part2_wing_5017_stand_7_part2_0000","texture":"aecudMNXJN0Ju7eAHvgq4m","rect":[122,78,114,74],"offset":[-64,39],"originalSize":[500,500],"capInsets":[0,0,0,0]}},{"__type__":"cc.SpriteFrame","content":{"name":"stand_7_part2_wing_5017_stand_7_part2_0010","texture":"aecudMNXJN0Ju7eAHvgq4m","rect":[2,80,112,72],"offset":[-63,38],"originalSize":[500,500],"capInsets":[0,0,0,0]}},{"__type__":"cc.SpriteFrame","content":{"name":"stand_7_part2_wing_5017_stand_7_part2_0007","texture":"aecudMNXJN0Ju7eAHvgq4m","rect":[2,310,102,76],"offset":[-58,35],"originalSize":[500,500],"capInsets":[0,0,0,0]}},{"__type__":"cc.SpriteFrame","content":{"name":"stand_7_part2_wing_5017_stand_7_part2_0003","texture":"aecudMNXJN0Ju7eAHvgq4m","rect":[2,154,110,76],"offset":[-62,39],"originalSize":[500,500],"capInsets":[0,0,0,0]}},{"__type__":"cc.SpriteFrame","content":{"name":"stand_7_part2_wing_5017_stand_7_part2_0011","texture":"aecudMNXJN0Ju7eAHvgq4m","rect":[122,2,116,74],"offset":[-65,40],"originalSize":[500,500],"capInsets":[0,0,0,0]}},{"__type__":"cc.SpriteFrame","content":{"name":"stand_7_part2_wing_5017_stand_7_part2_0002","texture":"aecudMNXJN0Ju7eAHvgq4m","rect":[2,232,106,76],"offset":[-60,39],"originalSize":[500,500],"capInsets":[0,0,0,0]}},{"__type__":"cc.SpriteFrame","content":{"name":"stand_7_part2_wing_5017_stand_7_part2_0005","texture":"aecudMNXJN0Ju7eAHvgq4m","rect":[76,388,96,72],"offset":[-55,36],"originalSize":[500,500],"rotated":1,"capInsets":[0,0,0,0]}},{"__type__":"cc.SpriteFrame","content":{"name":"stand_7_part2_wing_5017_stand_7_part2_0006","texture":"aecudMNXJN0Ju7eAHvgq4m","rect":[2,388,100,72],"offset":[-57,36],"originalSize":[500,500],"rotated":1,"capInsets":[0,0,0,0]}}]