[{"__type__":"cc.SpriteFrame","content":{"name":"stand_5_part2_wing_5014_stand_5_part2_0007","texture":"edf0MQEjJBvYtUwTnuogtD","rect":[2,2,90,118],"offset":[39,83],"originalSize":[500,500],"capInsets":[0,0,0,0]}},{"__type__":"cc.SpriteFrame","content":{"name":"stand_5_part2_wing_5014_stand_5_part2_0002","texture":"edf0MQEjJBvYtUwTnuogtD","rect":[102,238,102,114],"offset":[45,81],"originalSize":[500,500],"capInsets":[0,0,0,0]}},{"__type__":"cc.SpriteFrame","content":{"name":"stand_5_part2_wing_5014_stand_5_part2_0012","texture":"edf0MQEjJBvYtUwTnuogtD","rect":[2,242,98,116],"offset":[44,82],"originalSize":[500,500],"capInsets":[0,0,0,0]}},{"__type__":"cc.SpriteFrame","content":{"name":"stand_5_part2_wing_5014_stand_5_part2_0010","texture":"edf0MQEjJBvYtUwTnuogtD","rect":[96,360,92,116],"offset":[40,83],"originalSize":[500,500],"capInsets":[0,0,0,0]}},{"__type__":"cc.SpriteFrame","content":{"name":"stand_5_part2_wing_5014_stand_5_part2_0011","texture":"edf0MQEjJBvYtUwTnuogtD","rect":[94,2,92,116],"offset":[41,83],"originalSize":[500,500],"capInsets":[0,0,0,0]}},{"__type__":"cc.SpriteFrame","content":{"name":"stand_5_part2_wing_5014_stand_5_part2_0005","texture":"edf0MQEjJBvYtUwTnuogtD","rect":[188,2,90,112],"offset":[40,80],"originalSize":[500,500],"capInsets":[0,0,0,0]}},{"__type__":"cc.SpriteFrame","content":{"name":"stand_5_part2_wing_5014_stand_5_part2_0009","texture":"edf0MQEjJBvYtUwTnuogtD","rect":[94,120,90,116],"offset":[40,83],"originalSize":[500,500],"capInsets":[0,0,0,0]}},{"__type__":"cc.SpriteFrame","content":{"name":"stand_5_part2_wing_5014_stand_5_part2_0008","texture":"edf0MQEjJBvYtUwTnuogtD","rect":[2,122,90,118],"offset":[40,84],"originalSize":[500,500],"capInsets":[0,0,0,0]}},{"__type__":"cc.SpriteFrame","content":{"name":"stand_5_part2_wing_5014_stand_5_part2_0003","texture":"edf0MQEjJBvYtUwTnuogtD","rect":[376,2,104,106],"offset":[46,78],"originalSize":[500,500],"rotated":1,"capInsets":[0,0,0,0]}},{"__type__":"cc.SpriteAtlas","_name":"stand_5_part2.plist","_spriteFrames":{"stand_5_part2_wing_5014_stand_5_part2_0001":{"__uuid__":"d4gWSKLmROJ4BpetwkHAha"},"stand_5_part2_wing_5014_stand_5_part2_0002":{"__uuid__":"0cOKfAY3tIboGNSM6bdc1u"},"stand_5_part2_wing_5014_stand_5_part2_0003":{"__uuid__":"6fqM9mjEBA/I4M0x5pnN3n"},"stand_5_part2_wing_5014_stand_5_part2_0004":{"__uuid__":"c6Bb8B3JdPdYvScWaccYEb"},"stand_5_part2_wing_5014_stand_5_part2_0005":{"__uuid__":"5cIXTXqpBE0o+3Mv3Cq2/k"},"stand_5_part2_wing_5014_stand_5_part2_0006":{"__uuid__":"c9VsemxPZJio8o50id6u1k"},"stand_5_part2_wing_5014_stand_5_part2_0007":{"__uuid__":"02pSSRsKhAOr107PnB23bp"},"stand_5_part2_wing_5014_stand_5_part2_0008":{"__uuid__":"65UQRFVNlHH4nS3UddqmPm"},"stand_5_part2_wing_5014_stand_5_part2_0009":{"__uuid__":"64v5qHZJlNt4NkNc+GbnZt"},"stand_5_part2_wing_5014_stand_5_part2_0010":{"__uuid__":"1ePW+CAnFDKI30t+xwZVSP"},"stand_5_part2_wing_5014_stand_5_part2_0011":{"__uuid__":"375CMJtblJv5R8EIIG2jjm"},"stand_5_part2_wing_5014_stand_5_part2_0012":{"__uuid__":"0erRBWzeFAarC1DxJNQtjd"}}},{"__type__":"cc.SpriteFrame","content":{"name":"stand_5_part2_wing_5014_stand_5_part2_0004","texture":"edf0MQEjJBvYtUwTnuogtD","rect":[280,2,94,110],"offset":[42,79],"originalSize":[500,500],"capInsets":[0,0,0,0]}},{"__type__":"cc.SpriteFrame","content":{"name":"stand_5_part2_wing_5014_stand_5_part2_0006","texture":"edf0MQEjJBvYtUwTnuogtD","rect":[2,360,92,116],"offset":[40,83],"originalSize":[500,500],"capInsets":[0,0,0,0]}},{"__type__":"cc.SpriteFrame","content":{"name":"stand_5_part2_wing_5014_stand_5_part2_0001","texture":"edf0MQEjJBvYtUwTnuogtD","rect":[186,120,100,114],"offset":[44,82],"originalSize":[500,500],"capInsets":[0,0,0,0]}}]