[{"__type__":"cc.SpriteFrame","content":{"name":"stand_5_part1_wing_5001_stand_5_part1_0012","texture":"aePMT2qjBOt6Zq0yrZ9Hpk","rect":[2,2,56,94],"offset":[-37,65],"originalSize":[460,460],"capInsets":[0,0,0,0]}},{"__type__":"cc.SpriteFrame","content":{"name":"stand_5_part1_wing_5001_stand_5_part1_0008","texture":"aePMT2qjBOt6Zq0yrZ9Hpk","rect":[164,130,48,82],"offset":[-34,72],"originalSize":[460,460],"rotated":1,"capInsets":[0,0,0,0]}},{"__type__":"cc.SpriteFrame","content":{"name":"stand_5_part1_wing_5001_stand_5_part1_0011","texture":"aePMT2qjBOt6Zq0yrZ9Hpk","rect":[60,2,52,90],"offset":[-36,67],"originalSize":[460,460],"capInsets":[0,0,0,0]}},{"__type__":"cc.SpriteFrame","content":{"name":"stand_5_part1_wing_5001_stand_5_part1_0010","texture":"aePMT2qjBOt6Zq0yrZ9Hpk","rect":[62,94,48,88],"offset":[-34,68],"originalSize":[460,460],"capInsets":[0,0,0,0]}},{"__type__":"cc.SpriteFrame","content":{"name":"stand_5_part1_wing_5001_stand_5_part1_0007","texture":"aePMT2qjBOt6Zq0yrZ9Hpk","rect":[164,78,50,82],"offset":[-35,74],"originalSize":[460,460],"rotated":1,"capInsets":[0,0,0,0]}},{"__type__":"cc.SpriteFrame","content":{"name":"stand_5_part1_wing_5001_stand_5_part1_0006","texture":"aePMT2qjBOt6Zq0yrZ9Hpk","rect":[114,2,56,80],"offset":[-37,75],"originalSize":[460,460],"rotated":1,"capInsets":[0,0,0,0]}},{"__type__":"cc.SpriteFrame","content":{"name":"stand_5_part1_wing_5001_stand_5_part1_0004","texture":"aePMT2qjBOt6Zq0yrZ9Hpk","rect":[136,182,58,64],"offset":[-38,75],"originalSize":[460,460],"capInsets":[0,0,0,0]}},{"__type__":"cc.SpriteAtlas","_name":"stand_5_part1.plist","_spriteFrames":{"stand_5_part1_wing_5001_stand_5_part1_0001":{"__uuid__":"e3m8lpf4dNuaTvz/RCAmfM"},"stand_5_part1_wing_5001_stand_5_part1_0002":{"__uuid__":"f8df9L7bVPdKWhR7XzeLhy"},"stand_5_part1_wing_5001_stand_5_part1_0003":{"__uuid__":"e3BbJn1eJEPrrdDpbvtU6V"},"stand_5_part1_wing_5001_stand_5_part1_0004":{"__uuid__":"9bgT4HMTdI8o3ytfKVEp3i"},"stand_5_part1_wing_5001_stand_5_part1_0005":{"__uuid__":"ccBkvbdCNFg5AViThEBwQ8"},"stand_5_part1_wing_5001_stand_5_part1_0006":{"__uuid__":"96MsvdPkZO5ZCwLIX8T/8u"},"stand_5_part1_wing_5001_stand_5_part1_0007":{"__uuid__":"88hMRjyhhKubkMCUl9Otnh"},"stand_5_part1_wing_5001_stand_5_part1_0008":{"__uuid__":"1cfw1tZZZAjpZIE4WeBKnh"},"stand_5_part1_wing_5001_stand_5_part1_0009":{"__uuid__":"fadq/6SdFO67kReFqVGfwH"},"stand_5_part1_wing_5001_stand_5_part1_0010":{"__uuid__":"68MJUfA/RDV4fMgYz0J4ZN"},"stand_5_part1_wing_5001_stand_5_part1_0011":{"__uuid__":"2fq3xjqDpNPqOsQA7UFtGp"},"stand_5_part1_wing_5001_stand_5_part1_0012":{"__uuid__":"04irxFYwZFDo1LiX7lbn0C"}}},{"__type__":"cc.SpriteFrame","content":{"name":"stand_5_part1_wing_5001_stand_5_part1_0005","texture":"aePMT2qjBOt6Zq0yrZ9Hpk","rect":[196,2,58,74],"offset":[-38,75],"originalSize":[460,460],"capInsets":[0,0,0,0]}},{"__type__":"cc.SpriteFrame","content":{"name":"stand_5_part1_wing_5001_stand_5_part1_0003","texture":"aePMT2qjBOt6Zq0yrZ9Hpk","rect":[72,184,64,62],"offset":[-41,71],"originalSize":[460,460],"rotated":1,"capInsets":[0,0,0,0]}},{"__type__":"cc.SpriteFrame","content":{"name":"stand_5_part1_wing_5001_stand_5_part1_0001","texture":"aePMT2qjBOt6Zq0yrZ9Hpk","rect":[2,98,58,92],"offset":[-38,62],"originalSize":[460,460],"capInsets":[0,0,0,0]}},{"__type__":"cc.SpriteFrame","content":{"name":"stand_5_part1_wing_5001_stand_5_part1_0002","texture":"aePMT2qjBOt6Zq0yrZ9Hpk","rect":[2,192,62,68],"offset":[-40,67],"originalSize":[460,460],"rotated":1,"capInsets":[0,0,0,0]}},{"__type__":"cc.SpriteFrame","content":{"name":"stand_5_part1_wing_5001_stand_5_part1_0009","texture":"aePMT2qjBOt6Zq0yrZ9Hpk","rect":[112,94,50,86],"offset":[-35,71],"originalSize":[460,460],"capInsets":[0,0,0,0]}}]